contractSymbol,Expiration Date,ETF,Stock Price,lastPrice,bid,ask,strike,ROI (%),OTM (%),volume,openInterest,Implied Volatility,highPrice,Original Stock Price,Original ROI (%),Original OTM (%),Original Implied Volatility,50-day MA,100-day MA,200-day MA,RSI,MACD,VWAP,Delta,Gamma,Theta,Vega,Rho,52WeekHigh,52WeekLow,targetHighPrice,targetLowPrice,targetMeanPrice,targetMedianPrice,recommendationMean,recommendationKey
AAOI240301P00010000,2024-03-01,AAOI,14.15,0.1,0.05,0.1,10.0,0.5,29.33,15.0,60.0,1.54,0.05,14.15,0.5,29.33,1.54,19.24,15.06,11.43,38.5,0.17,12.69,-0.03,0.03,-6.02,0.13,-0.01,23.19,1.64,23.0,20.0,21.67,22.0,2.2,buy
AAOI240301P00011000,2024-03-01,AAOI,14.15,0.1,0.1,0.2,11.0,0.92,22.26,291.0,23.0,1.43,0.1,14.15,0.92,22.26,1.43,19.24,15.06,11.43,38.5,0.17,12.69,-0.07,0.05,-10.73,0.25,-0.02,23.19,1.64,23.0,20.0,21.67,22.0,2.2,buy
AAOI240301P00012000,2024-03-01,AAOI,14.15,0.16,0.15,0.25,12.0,1.27,15.19,185.0,21.0,1.16,0.15,14.15,1.27,15.19,1.16,19.24,15.06,11.43,38.5,0.17,12.69,-0.12,0.09,-12.66,0.36,-0.03,23.19,1.64,23.0,20.0,21.67,22.0,2.2,buy
AAOI240301P00013000,2024-03-01,AAOI,14.15,0.4,0.35,0.5,13.0,2.77,8.13,679.0,10.0,1.1,0.35,14.15,2.77,8.13,1.1,19.24,15.06,11.43,38.5,0.17,12.69,-0.25,0.16,-19.36,0.58,-0.06,23.19,1.64,23.0,20.0,21.67,22.0,2.2,buy
AAOI240301P00014000,2024-03-01,AAOI,14.15,0.85,0.7,0.95,14.0,5.26,1.06,99.0,53.0,1.08,0.7,14.15,5.26,1.06,1.08,19.24,15.06,11.43,38.5,0.17,12.69,-0.44,0.2,-23.49,0.72,-0.11,23.19,1.64,23.0,20.0,21.67,22.0,2.2,buy
ACB240301P00000500,2024-03-01,ACB,3.26,0.12,0.09,0.15,0.5,21.95,84.66,82.0,153.0,11.56,0.09,3.26,21.95,84.66,11.56,4.3,4.56,5.16,34.65,-0.24,6.61,-0.02,0.01,-7.84,0.02,-0.0,9.83,3.24,32.02,32.02,32.02,32.02,2.8,hold
ACB240301P00003000,2024-03-01,ACB,3.26,0.08,0.07,0.1,3.0,2.39,7.98,142.0,3.0,1.02,0.07,3.26,2.39,7.98,1.02,4.3,4.56,5.16,34.65,-0.24,6.61,-0.24,0.73,-4.01,0.13,-0.01,9.83,3.24,32.02,32.02,32.02,32.02,2.8,hold
ACHR240301P00004000,2024-03-01,ACHR,4.81,0.06,0.05,0.1,4.0,1.27,16.84,31.0,19.0,1.3,0.05,4.81,1.27,16.84,1.3,5.52,5.5,5.16,47.74,-0.09,5.35,-0.12,0.24,-4.76,0.12,-0.01,7.22,1.82,12.0,6.5,8.92,9.0,2.1,buy
ACHR240301P00004500,2024-03-01,ACHR,4.81,0.19,0.1,0.2,4.5,2.27,6.44,143.0,68.0,1.02,0.1,4.81,2.27,6.44,1.02,5.52,5.5,5.16,47.74,-0.09,5.35,-0.28,0.54,-6.42,0.21,-0.02,7.22,1.82,12.0,6.5,8.92,9.0,2.1,buy
AG240301P00004000,2024-03-01,AG,4.65,0.02,0.01,0.02,4.0,0.25,13.98,54.0,155.0,0.7,0.01,4.65,0.25,13.98,0.7,5.22,5.28,5.59,45.03,-0.17,5.84,-0.04,0.22,-1.16,0.05,-0.0,7.78,4.21,6.75,5.18,5.95,5.92,2.7,hold
AG240301P00004500,2024-03-01,AG,4.65,0.07,0.06,0.08,4.5,1.35,3.23,89.0,348.0,0.53,0.06,4.65,1.35,3.23,0.53,5.22,5.28,5.59,45.03,-0.17,5.84,-0.3,1.1,-3.35,0.21,-0.02,7.78,4.21,6.75,5.18,5.95,5.92,2.7,hold
AGNC240301P00009000,2024-03-01,AGNC,9.51,0.03,0.03,0.04,9.0,0.33,5.36,344.0,1915.0,0.37,0.03,9.51,0.33,5.36,0.37,9.57,8.87,8.92,48.68,-0.02,8.78,-0.12,0.43,-2.64,0.24,-0.02,9.95,6.61,10.5,9.0,9.93,10.0,2.3,buy
AGNC240301P00009500,2024-03-01,AGNC,9.51,0.17,0.16,0.19,9.5,1.71,0.11,1879.0,3868.0,0.35,0.16,9.51,1.71,0.11,0.35,9.57,8.87,8.92,48.68,-0.02,8.78,-0.48,0.94,-5.09,0.49,-0.08,9.95,6.61,10.5,9.0,9.93,10.0,2.3,buy
ALT240301P00007500,2024-03-01,ALT,9.2,0.07,0.05,0.15,7.5,0.67,18.48,73.0,428.0,1.23,0.05,9.2,0.67,18.48,1.23,9.69,6.34,4.85,49.18,-0.23,6.65,-0.09,0.11,-6.89,0.18,-0.01,12.59,2.14,35.0,13.0,21.75,22.5,1.9,buy
ALT240301P00008000,2024-03-01,ALT,9.2,0.17,0.15,0.2,8.0,1.91,13.04,71.0,43.0,1.17,0.15,9.2,1.91,13.04,1.17,9.69,6.34,4.85,49.18,-0.23,6.65,-0.16,0.17,-10.03,0.28,-0.03,12.59,2.14,35.0,13.0,21.75,22.5,1.9,buy
ALT240301P00008500,2024-03-01,ALT,9.2,0.3,0.2,0.35,8.5,2.41,7.61,54.0,125.0,1.07,0.2,9.2,2.41,7.61,1.07,9.69,6.34,4.85,49.18,-0.23,6.65,-0.26,0.26,-12.34,0.38,-0.04,12.59,2.14,35.0,13.0,21.75,22.5,1.9,buy
ALT240301P00009000,2024-03-01,ALT,9.2,0.5,0.45,0.55,9.0,5.26,2.17,153.0,160.0,1.11,0.45,9.2,5.26,2.17,1.11,9.69,6.34,4.85,49.18,-0.23,6.65,-0.41,0.3,-15.43,0.46,-0.07,12.59,2.14,35.0,13.0,21.75,22.5,1.9,buy
AMC240301P00002500,2024-03-01,AMC,4.44,0.01,0.01,0.02,2.5,0.4,43.69,451.0,582.0,2.16,0.01,4.44,0.4,43.69,2.16,5.01,6.79,21.52,58.78,-0.09,13.29,-0.01,0.03,-1.28,0.02,-0.0,76.1,3.67,12.0,4.0,6.22,5.0,3.6,underperform
AMC240301P00003000,2024-03-01,AMC,4.44,0.02,0.02,0.03,3.0,0.67,32.43,379.0,2393.0,1.72,0.02,4.44,0.67,32.43,1.72,5.01,6.79,21.52,58.78,-0.09,13.29,-0.03,0.07,-1.99,0.04,-0.0,76.1,3.67,12.0,4.0,6.22,5.0,3.6,underperform
AMC240301P00003500,2024-03-01,AMC,4.44,0.06,0.05,0.06,3.5,1.45,21.17,3768.0,2274.0,1.44,0.05,4.44,1.45,21.17,1.44,5.01,6.79,21.52,58.78,-0.09,13.29,-0.08,0.19,-3.81,0.09,-0.01,76.1,3.67,12.0,4.0,6.22,5.0,3.6,underperform
AMC240301P00004000,2024-03-01,AMC,4.44,0.16,0.15,0.16,4.0,3.9,9.91,3534.0,4414.0,1.33,0.15,4.44,3.9,9.91,1.33,5.01,6.79,21.52,58.78,-0.09,13.29,-0.24,0.41,-7.17,0.18,-0.02,76.1,3.67,12.0,4.0,6.22,5.0,3.6,underperform
AMSC240301P00011500,2024-03-01,AMSC,12.84,0.1,0.05,0.15,11.5,0.44,10.44,4.0,22.0,0.72,0.05,12.84,0.44,10.44,0.72,11.42,9.61,8.42,61.45,0.65,10.97,-0.11,0.16,-6.61,0.3,-0.02,16.13,3.7,16.0,15.0,15.67,16.0,1.7,buy
AMSC240301P00012000,2024-03-01,AMSC,12.84,0.1,0.1,0.2,12.0,0.84,6.54,5.0,4.0,0.62,0.1,12.84,0.84,6.54,0.62,11.42,9.61,8.42,61.45,0.65,10.97,-0.18,0.26,-8.18,0.44,-0.04,16.13,3.7,16.0,15.0,15.67,16.0,1.7,buy
AMSC240301P00012500,2024-03-01,AMSC,12.84,0.27,0.25,0.35,12.5,2.04,2.65,1.0,3.0,0.6,0.25,12.84,2.04,2.65,0.6,11.42,9.61,8.42,61.45,0.65,10.97,-0.35,0.37,-11.1,0.61,-0.08,16.13,3.7,16.0,15.0,15.67,16.0,1.7,buy
APLD240301P00003500,2024-03-01,APLD,4.04,0.05,0.05,0.1,3.5,1.45,13.37,136.0,5.0,1.18,0.05,4.04,1.45,13.37,1.18,5.85,5.43,6.38,41.18,-0.36,6.72,-0.15,0.39,-4.38,0.12,-0.01,10.24,1.87,19.0,10.0,13.86,13.0,2.0,buy
APLD240301P00004000,2024-03-01,APLD,4.04,0.2,0.2,0.3,4.0,5.26,0.99,3058.0,76.0,1.15,0.2,4.04,5.26,0.99,1.15,5.85,5.43,6.38,41.18,-0.36,6.72,-0.44,0.66,-7.13,0.2,-0.03,10.24,1.87,19.0,10.0,13.86,13.0,2.0,buy
APPS240301P00003000,2024-03-01,APPS,3.08,0.08,0.07,0.1,3.0,2.39,2.6,55.0,123.0,0.67,0.07,3.08,2.39,2.6,0.67,5.54,5.4,7.41,13.5,-0.68,8.08,-0.36,1.41,-3.02,0.15,-0.02,14.43,3.08,10.0,4.0,5.7,4.5,2.8,hold
ARDX240301P00007500,2024-03-01,ARDX,8.68,0.15,0.05,0.1,7.5,0.67,13.59,40.0,74.0,0.91,0.05,8.68,0.67,13.59,0.91,7.95,6.01,4.93,47.18,0.21,4.84,-0.09,0.17,-5.13,0.19,-0.01,9.74,2.87,15.0,11.0,12.61,12.0,1.4,strong_buy
ARDX240301P00008000,2024-03-01,ARDX,8.68,0.1,0.1,0.15,8.0,1.27,7.83,338.0,330.0,0.75,0.1,8.68,1.27,7.83,0.75,7.95,6.01,4.93,47.18,0.21,4.84,-0.18,0.32,-6.75,0.3,-0.03,9.74,2.87,15.0,11.0,12.61,12.0,1.4,strong_buy
ARDX240301P00008500,2024-03-01,ARDX,8.68,0.3,0.25,0.35,8.5,3.03,2.07,826.0,817.0,0.76,0.25,8.68,3.03,2.07,0.76,7.95,6.01,4.93,47.18,0.21,4.84,-0.4,0.46,-9.84,0.43,-0.06,9.74,2.87,15.0,11.0,12.61,12.0,1.4,strong_buy
BB240301P00002500,2024-03-01,BB,2.57,0.03,0.03,0.04,2.5,1.21,2.72,32.0,344.0,0.47,0.03,2.57,1.21,2.72,0.47,3.26,3.48,4.25,41.25,-0.16,4.16,-0.31,2.29,-1.65,0.12,-0.01,5.6,2.57,6.5,3.0,4.05,3.5,2.9,hold
BHC240301P00008500,2024-03-01,BHC,9.18,0.02,0.01,0.04,8.5,0.12,7.41,51.0,245.0,0.46,0.01,9.18,0.12,7.41,0.46,8.08,7.65,7.92,84.62,0.25,7.94,-0.09,0.3,-2.69,0.19,-0.01,9.71,5.72,14.0,7.0,9.33,8.0,2.7,hold
BHC240301P00009000,2024-03-01,BHC,9.18,0.13,0.11,0.14,9.0,1.24,1.96,7.0,3.0,0.41,0.11,9.18,1.24,1.96,0.41,8.08,7.65,7.92,84.62,0.25,7.94,-0.34,0.77,-5.3,0.43,-0.05,9.71,5.72,14.0,7.0,9.33,8.0,2.7,hold
BITF240301P00003000,2024-03-01,BITF,3.02,0.2,0.15,0.2,3.0,5.26,0.66,211.0,716.0,1.04,0.15,3.02,5.26,0.66,1.04,2.72,1.99,1.68,66.25,0.24,2.07,-0.45,0.98,-4.83,0.15,-0.02,3.61,0.71,7.0,3.0,4.5,4.0,1.7,buy
BLNK240301P00002500,2024-03-01,BLNK,2.89,0.04,0.04,0.05,2.5,1.63,13.49,129.0,428.0,1.09,0.04,2.89,1.63,13.49,1.09,2.89,2.98,4.3,59.07,0.09,4.27,-0.13,0.53,-2.67,0.08,-0.01,9.3,2.24,25.0,3.0,10.5,4.5,2.7,hold
BTBT240301P00002500,2024-03-01,BTBT,2.68,0.12,0.1,0.15,2.5,4.17,6.72,19.0,611.0,1.33,0.1,2.68,4.17,6.72,1.33,3.14,2.73,2.92,52.51,-0.04,3.1,-0.31,0.77,-4.89,0.12,-0.02,5.09,1.0,7.7,4.5,5.8,5.5,1.7,buy
CAN240301P00001500,2024-03-01,CAN,1.79,0.08,0.05,0.1,1.5,3.45,16.2,159.0,33.0,1.91,0.05,1.79,3.45,16.2,1.91,1.95,1.85,2.08,59.91,0.06,2.15,-0.2,0.64,-3.71,0.06,-0.01,3.19,1.2,6.5,3.0,5.0,5.5,2.0,buy
CCCC240301P00007000,2024-03-01,CCCC,8.99,0.25,0.05,3.8,7.0,0.72,22.14,51.0,27.0,6.19,0.05,8.99,0.72,22.14,6.19,6.07,3.85,3.48,80.78,0.74,4.74,-0.24,0.04,-67.12,0.36,-0.06,8.99,1.18,60.0,1.0,16.0,12.0,2.0,buy
CCCC240301P00008000,2024-03-01,CCCC,8.99,0.22,0.05,0.65,8.0,0.63,11.01,73.0,6.0,1.48,0.05,8.99,0.63,11.01,1.48,6.07,3.85,3.48,80.78,0.74,4.74,-0.24,0.18,-16.12,0.36,-0.04,8.99,1.18,60.0,1.0,16.0,12.0,2.0,buy
CGC240301P00002500,2024-03-01,CGC,3.36,0.03,0.01,0.03,2.5,0.4,25.6,2.0,211.0,1.38,0.01,3.36,0.4,25.6,1.38,4.59,5.36,6.1,21.93,-0.38,7.34,-0.04,0.14,-1.51,0.04,-0.0,23.3,3.36,5.0,2.97,3.66,3.0,3.7,underperform
CGC240301P00003000,2024-03-01,CGC,3.36,0.09,0.09,0.1,3.0,3.09,10.71,234.0,568.0,1.23,0.09,3.36,3.09,10.71,1.23,4.59,5.36,6.1,21.93,-0.38,7.34,-0.21,0.55,-4.69,0.13,-0.01,23.3,3.36,5.0,2.97,3.66,3.0,3.7,underperform
CIFR240301P00003000,2024-03-01,CIFR,3.03,0.15,0.15,0.2,3.0,5.26,0.99,147.0,732.0,1.06,0.15,3.03,5.26,0.99,1.06,3.34,3.11,3.09,54.03,0.07,3.35,-0.44,0.96,-4.94,0.15,-0.02,5.27,1.32,8.0,4.5,5.67,5.25,1.9,buy
CLSK240301P00012500,2024-03-01,CLSK,16.43,0.06,0.05,0.1,12.5,0.4,23.92,200.0,124.0,1.23,0.05,16.43,0.4,23.92,1.23,10.87,7.91,6.41,74.28,2.21,7.65,-0.03,0.03,-6.0,0.16,-0.01,17.86,2.08,15.0,8.0,12.03,12.5,1.8,buy
CLSK240301P00013000,2024-03-01,CLSK,16.43,0.09,0.05,0.1,13.0,0.39,20.88,35.0,137.0,1.09,0.05,16.43,0.39,20.88,1.09,10.87,7.91,6.41,74.28,2.21,7.65,-0.04,0.04,-5.97,0.18,-0.01,17.86,2.08,15.0,8.0,12.03,12.5,1.8,buy
CLSK240301P00013500,2024-03-01,CLSK,16.43,0.12,0.1,0.15,13.5,0.75,17.83,47.0,648.0,1.08,0.1,16.43,0.75,17.83,1.08,10.87,7.91,6.41,74.28,2.21,7.65,-0.07,0.06,-9.05,0.28,-0.02,17.86,2.08,15.0,8.0,12.03,12.5,1.8,buy
CLSK240301P00014000,2024-03-01,CLSK,16.43,0.19,0.15,0.25,14.0,1.08,14.79,766.0,173.0,1.08,0.15,16.43,1.08,14.79,1.08,10.87,7.91,6.41,74.28,2.21,7.65,-0.11,0.08,-12.94,0.4,-0.03,17.86,2.08,15.0,8.0,12.03,12.5,1.8,buy
CLSK240301P00014500,2024-03-01,CLSK,16.43,0.29,0.25,0.35,14.5,1.75,11.75,793.0,837.0,1.07,0.25,16.43,1.75,11.75,1.07,10.87,7.91,6.41,74.28,2.21,7.65,-0.16,0.11,-16.89,0.52,-0.05,17.86,2.08,15.0,8.0,12.03,12.5,1.8,buy
CLSK240301P00015000,2024-03-01,CLSK,16.43,0.45,0.4,0.5,15.0,2.74,8.7,946.0,1556.0,1.09,0.4,16.43,2.74,8.7,1.09,10.87,7.91,6.41,74.28,2.21,7.65,-0.23,0.13,-21.36,0.65,-0.07,17.86,2.08,15.0,8.0,12.03,12.5,1.8,buy
CLSK240301P00015500,2024-03-01,CLSK,16.43,0.61,0.6,0.65,15.5,4.03,5.66,652.0,992.0,1.09,0.6,16.43,4.03,5.66,1.09,10.87,7.91,6.41,74.28,2.21,7.65,-0.31,0.15,-24.57,0.75,-0.09,17.86,2.08,15.0,8.0,12.03,12.5,1.8,buy
CLSK240301P00016000,2024-03-01,CLSK,16.43,0.9,0.85,1.0,16.0,5.61,2.62,1659.0,1666.0,1.18,0.85,16.43,5.61,2.62,1.18,10.87,7.91,6.41,74.28,2.21,7.65,-0.4,0.16,-29.09,0.81,-0.12,17.86,2.08,15.0,8.0,12.03,12.5,1.8,buy
COTY240301P00012500,2024-03-01,COTY,13.1,0.04,0.02,0.06,12.5,0.16,4.58,4.0,8.0,0.34,0.02,13.1,0.16,4.58,0.34,12.18,11.28,11.51,65.15,0.15,11.46,-0.13,0.38,-3.66,0.36,-0.03,13.1,9.14,17.5,11.0,13.63,13.5,2.4,buy
COTY240301P00013000,2024-03-01,COTY,13.1,0.15,0.12,0.16,13.0,0.93,0.76,26.0,11.0,0.27,0.12,13.1,0.93,0.76,0.27,12.18,11.28,11.51,65.15,0.15,11.46,-0.4,0.86,-5.24,0.65,-0.09,13.1,9.14,17.5,11.0,13.63,13.5,2.4,buy
DB240301P00013000,2024-03-01,DB,13.38,0.09,0.05,0.1,13.0,0.39,2.84,2.0,28.0,0.31,0.05,13.38,0.39,2.84,0.31,13.22,12.29,11.47,41.76,-0.01,11.05,-0.23,0.56,-4.9,0.52,-0.05,14.01,9.06,14.0,13.09,13.55,13.55,3.5,hold
EDIT240301P00007000,2024-03-01,EDIT,7.81,0.12,0.1,0.15,7.0,1.45,10.37,19.0,76.0,0.94,0.1,7.81,1.45,10.37,0.94,8.76,8.55,8.7,59.89,-0.15,8.67,-0.17,0.26,-7.09,0.25,-0.02,11.47,6.25,27.0,7.0,14.67,15.0,2.4,buy
EDIT240301P00007500,2024-03-01,EDIT,7.81,0.25,0.2,0.35,7.5,2.74,3.97,2.0,12.0,0.91,0.2,7.81,2.74,3.97,0.91,8.76,8.55,8.7,59.89,-0.15,8.67,-0.34,0.4,-10.15,0.37,-0.05,11.47,6.25,27.0,7.0,14.67,15.0,2.4,buy
ET240301P00014500,2024-03-01,ET,14.89,0.02,0.01,0.03,14.5,0.07,2.62,372.0,3294.0,0.18,0.01,14.89,0.07,2.62,0.18,13.82,13.48,12.88,79.48,0.28,12.69,-0.12,0.58,-1.97,0.37,-0.03,14.89,10.63,22.0,14.0,18.13,18.0,1.6,buy
F240301P00011320,2024-03-01,F,12.14,0.01,0.01,0.02,11.32,0.09,6.75,493.0,3444.0,0.33,0.01,12.14,0.09,6.75,0.33,11.66,11.1,11.73,54.83,0.24,11.63,-0.05,0.19,-1.49,0.15,-0.01,14.56,9.37,21.0,9.75,13.07,12.15,2.8,hold
F240301P00011820,2024-03-01,F,12.14,0.06,0.05,0.06,11.82,0.42,2.64,1446.0,5962.0,0.25,0.05,12.14,0.42,2.64,0.25,11.66,11.1,11.73,54.83,0.24,11.63,-0.19,0.71,-3.21,0.43,-0.04,14.56,9.37,21.0,9.75,13.07,12.15,2.8,hold
FCEL240301P00001000,2024-03-01,FCEL,1.14,0.02,0.02,0.03,1.0,2.04,12.28,74.0,218.0,1.19,0.02,1.14,2.04,12.28,1.19,1.36,1.28,1.61,42.86,-0.01,1.85,-0.17,1.48,-1.35,0.04,-0.0,3.48,1.03,2.5,1.0,1.7,1.5,3.2,hold
FSR240301P00000500,2024-03-01,FSR,0.59,0.05,0.04,0.07,0.5,8.7,15.25,3116.0,6977.0,2.94,0.04,0.59,8.7,15.25,2.94,1.06,2.56,4.3,29.63,-0.14,3.05,-0.26,1.47,-2.21,0.02,-0.0,7.64,0.54,6.0,0.75,2.45,2.5,3.2,hold
FUBO240301P00001500,2024-03-01,FUBO,1.77,0.05,0.05,0.06,1.5,3.45,15.25,231.0,709.0,1.59,0.05,1.77,3.45,15.25,1.59,2.71,2.74,2.53,27.93,-0.23,2.31,-0.18,0.73,-2.89,0.06,-0.01,3.56,1.04,5.0,2.0,3.4,3.0,2.7,hold
GEO240301P00011500,2024-03-01,GEO,11.76,0.12,0.1,0.15,11.5,0.88,2.21,12.0,71.0,0.38,0.1,11.76,0.88,2.21,0.38,11.16,10.2,8.83,55.68,0.22,8.88,-0.31,0.62,-6.12,0.53,-0.06,12.23,6.95,15.0,14.0,14.75,15.0,1.7,buy
GPS240301P00017500,2024-03-01,GPS,19.45,0.04,0.02,0.08,17.5,0.11,10.03,103.0,26.0,0.51,0.02,19.45,0.11,10.03,0.51,20.14,17.42,13.39,45.34,-0.11,12.3,-0.05,0.08,-3.88,0.25,-0.02,21.77,7.14,26.0,8.0,18.48,18.5,2.9,hold
GPS240301P00018000,2024-03-01,GPS,19.45,0.07,0.06,0.09,18.0,0.33,7.46,10.0,217.0,0.48,0.06,19.45,0.33,7.46,0.48,20.14,17.42,13.39,45.34,-0.11,12.3,-0.1,0.14,-6.17,0.43,-0.03,21.77,7.14,26.0,8.0,18.48,18.5,2.9,hold
GPS240301P00018500,2024-03-01,GPS,19.45,0.12,0.11,0.14,18.5,0.6,4.88,3020.0,350.0,0.42,0.11,19.45,0.6,4.88,0.42,20.14,17.42,13.39,45.34,-0.11,12.3,-0.17,0.24,-7.98,0.63,-0.06,21.77,7.14,26.0,8.0,18.48,18.5,2.9,hold
GPS240301P00019000,2024-03-01,GPS,19.45,0.25,0.25,0.26,19.0,1.33,2.31,48.0,551.0,0.4,0.25,19.45,1.33,2.31,0.4,20.14,17.42,13.39,45.34,-0.11,12.3,-0.31,0.36,-10.58,0.88,-0.1,21.77,7.14,26.0,8.0,18.48,18.5,2.9,hold
GSAT240301P00001500,2024-03-01,GSAT,1.65,0.01,0.01,0.04,1.5,0.67,9.09,208.0,160.0,0.84,0.01,1.65,0.67,9.09,0.84,1.74,1.57,1.37,53.52,-0.02,1.35,-0.17,1.44,-1.39,0.05,-0.01,2.09,0.87,7.77,0.99,4.13,3.88,2.2,buy
HE240301P00011500,2024-03-01,HE,12.66,0.05,0.02,0.07,11.5,0.17,9.16,37.0,24.0,0.52,0.02,12.66,0.17,9.16,0.52,13.63,13.19,20.74,41.57,-0.18,15.07,-0.07,0.16,-3.34,0.21,-0.01,39.11,9.66,11.0,7.0,8.83,8.5,3.7,underperform
HE240301P00012000,2024-03-01,HE,12.66,0.06,0.05,0.1,12.0,0.42,5.21,3.0,171.0,0.45,0.05,12.66,0.42,5.21,0.45,13.63,13.19,20.74,41.57,-0.18,15.07,-0.17,0.34,-5.64,0.41,-0.04,39.11,9.66,11.0,7.0,8.83,8.5,3.7,underperform
HE240301P00012500,2024-03-01,HE,12.66,0.19,0.17,0.25,12.5,1.38,1.26,200.0,323.0,0.44,0.17,12.66,1.38,1.26,0.44,13.63,13.19,20.74,41.57,-0.18,15.07,-0.4,0.55,-8.24,0.63,-0.09,39.11,9.66,11.0,7.0,8.83,8.5,3.7,underperform
HIVE240301P00003500,2024-03-01,HIVE,3.82,0.1,0.05,0.1,3.5,1.45,8.38,422.0,48.0,0.91,0.05,3.82,1.45,8.38,0.91,3.87,3.51,3.73,62.77,0.14,3.95,-0.21,0.65,-3.86,0.14,-0.01,6.64,2.35,6.66,3.5,5.39,6.0,2.3,buy
HL240301P00003500,2024-03-01,HL,3.61,0.05,0.05,0.06,3.5,1.45,3.05,69.0,109.0,0.51,0.05,3.61,1.45,3.05,0.51,4.18,4.23,4.6,43.61,-0.17,4.93,-0.3,1.49,-2.49,0.16,-0.02,6.9,3.37,8.25,3.75,5.74,5.88,2.2,buy
HOOD240301P00012000,2024-03-01,HOOD,14.48,0.01,0.01,0.02,12.0,0.08,17.13,139.0,613.0,0.67,0.01,14.48,0.08,17.13,0.67,11.97,10.61,10.51,81.67,0.77,10.74,-0.01,0.03,-1.27,0.06,-0.0,14.48,7.93,25.0,10.41,13.7,12.5,3.0,hold
HOOD240301P00012500,2024-03-01,HOOD,14.48,0.02,0.01,0.02,12.5,0.08,13.67,666.0,2405.0,0.55,0.01,14.48,0.08,13.67,0.55,11.97,10.61,10.51,81.67,0.77,10.74,-0.02,0.04,-1.26,0.08,-0.0,14.48,7.93,25.0,10.41,13.7,12.5,3.0,hold
HOOD240301P00013000,2024-03-01,HOOD,14.48,0.03,0.02,0.03,13.0,0.15,10.22,1256.0,6540.0,0.49,0.02,14.48,0.15,10.22,0.49,11.97,10.61,10.51,81.67,0.77,10.74,-0.04,0.1,-2.42,0.16,-0.01,14.48,7.93,25.0,10.41,13.7,12.5,3.0,hold
HOOD240301P00013500,2024-03-01,HOOD,14.48,0.07,0.06,0.07,13.5,0.45,6.77,2365.0,7140.0,0.45,0.06,14.48,0.45,6.77,0.45,11.97,10.61,10.51,81.67,0.77,10.74,-0.11,0.22,-4.63,0.34,-0.03,14.48,7.93,25.0,10.41,13.7,12.5,3.0,hold
HOOD240301P00014000,2024-03-01,HOOD,14.48,0.16,0.15,0.17,14.0,1.08,3.31,1161.0,1641.0,0.43,0.15,14.48,1.08,3.31,0.43,11.97,10.61,10.51,81.67,0.77,10.74,-0.26,0.41,-7.84,0.6,-0.06,14.48,7.93,25.0,10.41,13.7,12.5,3.0,hold
HUT240301P00006000,2024-03-01,HUT,7.82,0.04,0.01,0.03,6.0,0.17,23.27,31.0,72.0,1.06,0.01,7.82,0.17,23.27,1.06,9.93,10.04,11.53,53.52,-0.14,11.34,-0.02,0.05,-1.7,0.05,-0.0,22.35,6.3,23.63,5.5,13.53,12.5,2.7,hold
HUT240301P00006500,2024-03-01,HUT,7.82,0.06,0.05,0.06,6.5,0.78,16.88,131.0,35.0,1.01,0.05,7.82,0.78,16.88,1.01,9.93,10.04,11.53,53.52,-0.14,11.34,-0.07,0.13,-3.99,0.13,-0.01,22.35,6.3,23.63,5.5,13.53,12.5,2.7,hold
HUT240301P00007000,2024-03-01,HUT,7.82,0.14,0.14,0.15,7.0,2.04,10.49,451.0,1010.0,1.0,0.14,7.82,2.04,10.49,1.0,9.93,10.04,11.53,53.52,-0.14,11.34,-0.18,0.26,-7.94,0.26,-0.02,22.35,6.3,23.63,5.5,13.53,12.5,2.7,hold
HUT240301P00007500,2024-03-01,HUT,7.82,0.34,0.31,0.38,7.5,4.31,4.09,188.0,284.0,1.08,0.31,7.82,4.31,4.09,1.08,9.93,10.04,11.53,53.52,-0.14,11.34,-0.36,0.34,-12.25,0.37,-0.05,22.35,6.3,23.63,5.5,13.53,12.5,2.7,hold
INO240301P00006000,2024-03-01,INO,7.88,0.05,0.05,0.1,6.0,0.84,23.86,1.0,4.0,1.47,0.05,7.88,0.84,23.86,1.47,6.76,5.82,5.94,76.57,0.32,7.34,-0.06,0.08,-5.47,0.12,-0.01,15.84,4.2,40.0,4.5,18.83,12.0,2.2,buy
INO240301P00006500,2024-03-01,INO,7.88,0.15,0.05,0.15,6.5,0.78,17.51,31.0,6.0,1.24,0.05,7.88,0.78,17.51,1.24,6.76,5.82,5.94,76.57,0.32,7.34,-0.1,0.14,-6.62,0.18,-0.01,15.84,4.2,40.0,4.5,18.83,12.0,2.2,buy
INO240301P00007000,2024-03-01,INO,7.88,0.28,0.1,0.25,7.0,1.45,11.17,21.0,57.0,1.13,0.1,7.88,1.45,11.17,1.13,6.76,5.82,5.94,76.57,0.32,7.34,-0.19,0.24,-9.23,0.27,-0.03,15.84,4.2,40.0,4.5,18.83,12.0,2.2,buy
INO240301P00007500,2024-03-01,INO,7.88,0.35,0.25,0.4,7.5,3.45,4.82,23.0,37.0,1.08,0.25,7.88,3.45,4.82,1.08,6.76,5.82,5.94,76.57,0.32,7.34,-0.33,0.33,-12.03,0.37,-0.05,15.84,4.2,40.0,4.5,18.83,12.0,2.2,buy
IOVA240301P00011500,2024-03-01,IOVA,15.77,0.15,0.05,0.15,11.5,0.44,27.08,54.0,256.0,1.48,0.05,15.77,0.44,27.08,1.48,8.81,6.69,6.88,84.49,1.71,7.5,-0.04,0.03,-7.8,0.17,-0.01,15.94,3.3,34.0,17.0,24.42,24.5,1.9,buy
IOVA240301P00012500,2024-03-01,IOVA,15.77,0.1,0.05,0.1,12.5,0.4,20.74,61.0,521.0,1.09,0.05,15.77,0.4,20.74,1.09,8.81,6.69,6.88,84.49,1.71,7.5,-0.04,0.04,-5.86,0.18,-0.01,15.94,3.3,34.0,17.0,24.42,24.5,1.9,buy
IOVA240301P00013000,2024-03-01,IOVA,15.77,0.15,0.05,0.15,13.0,0.39,17.56,6.0,164.0,1.01,0.05,15.77,0.39,17.56,1.01,8.81,6.69,6.88,84.49,1.71,7.5,-0.06,0.06,-7.4,0.24,-0.02,15.94,3.3,34.0,17.0,24.42,24.5,1.9,buy
IOVA240301P00013500,2024-03-01,IOVA,15.77,0.25,0.15,0.25,13.5,1.12,14.39,11.0,131.0,1.07,0.15,15.77,1.12,14.39,1.07,8.81,6.69,6.88,84.49,1.71,7.5,-0.11,0.09,-12.73,0.39,-0.03,15.94,3.3,34.0,17.0,24.42,24.5,1.9,buy
IOVA240301P00014000,2024-03-01,IOVA,15.77,0.25,0.2,0.3,14.0,1.45,11.22,58.0,135.0,0.98,0.2,15.77,1.45,11.22,0.98,8.81,6.69,6.88,84.49,1.71,7.5,-0.16,0.12,-14.4,0.48,-0.04,15.94,3.3,34.0,17.0,24.42,24.5,1.9,buy
IOVA240301P00014500,2024-03-01,IOVA,15.77,0.4,0.35,0.4,14.5,2.47,8.05,157.0,94.0,0.97,0.35,15.77,2.47,8.05,0.97,8.81,6.69,6.88,84.49,1.71,7.5,-0.23,0.15,-18.04,0.61,-0.06,15.94,3.3,34.0,17.0,24.42,24.5,1.9,buy
IOVA240301P00015000,2024-03-01,IOVA,15.77,0.56,0.45,0.55,15.0,3.09,4.88,381.0,265.0,0.91,0.45,15.77,3.09,4.88,0.91,8.81,6.69,6.88,84.49,1.71,7.5,-0.31,0.19,-19.86,0.72,-0.09,15.94,3.3,34.0,17.0,24.42,24.5,1.9,buy
IOVA240301P00015500,2024-03-01,IOVA,15.77,0.75,0.7,0.8,15.5,4.73,1.71,243.0,35.0,0.95,0.7,15.77,4.73,1.71,0.95,8.81,6.69,6.88,84.49,1.71,7.5,-0.42,0.2,-22.83,0.79,-0.12,15.94,3.3,34.0,17.0,24.42,24.5,1.9,buy
IQ240301P00003000,2024-03-01,IQ,3.51,0.04,0.04,0.06,3.0,1.35,14.53,40.0,208.0,1.13,0.04,3.51,1.35,14.53,1.13,4.03,4.38,4.77,58.11,-0.11,5.32,-0.12,0.4,-3.12,0.09,-0.01,7.73,3.17,12.0,4.2,6.49,6.2,2.0,buy
IQ240301P00003500,2024-03-01,IQ,3.51,0.2,0.19,0.21,3.5,5.74,0.28,16.0,81.0,0.99,0.19,3.51,5.74,0.28,0.99,4.03,4.38,4.77,58.11,-0.11,5.32,-0.47,0.89,-5.38,0.18,-0.03,7.73,3.17,12.0,4.2,6.49,6.2,2.0,buy
IREN240301P00005500,2024-03-01,IREN,6.18,0.16,0.1,0.15,5.5,1.85,11.0,304.0,95.0,1.07,0.1,6.18,1.85,11.0,1.07,5.83,4.72,4.75,66.95,0.48,5.38,-0.18,0.31,-6.77,0.21,-0.02,9.56,2.39,18.5,9.0,11.25,10.0,1.9,buy
IREN240301P00006000,2024-03-01,IREN,6.18,0.33,0.3,0.4,6.0,5.26,2.91,450.0,68.0,1.21,0.3,6.18,5.26,2.91,1.21,5.83,4.72,4.75,66.95,0.48,5.38,-0.39,0.4,-11.2,0.3,-0.04,9.56,2.39,18.5,9.0,11.25,10.0,1.9,buy
IVR240301P00008500,2024-03-01,IVR,8.62,0.11,0.08,0.12,8.5,0.95,1.39,1346.0,51.0,0.34,0.08,8.62,0.95,1.39,0.34,8.82,8.19,9.07,41.85,-0.06,9.0,-0.37,0.99,-4.31,0.42,-0.05,11.21,6.12,8.5,8.0,8.25,8.25,3.2,hold
JBLU240301P00006000,2024-03-01,JBLU,6.41,0.03,0.02,0.03,6.0,0.33,6.4,217.0,282.0,0.43,0.02,6.41,0.33,6.4,0.43,5.69,5.06,5.98,59.13,0.38,6.03,-0.11,0.53,-2.0,0.15,-0.01,9.33,3.69,9.0,3.0,5.53,5.0,3.3,hold
JMIA240301P00003500,2024-03-01,JMIA,4.3,0.03,0.01,0.05,3.5,0.29,18.6,3789.0,3539.0,1.09,0.01,4.3,0.29,18.6,1.09,3.44,3.14,3.24,66.08,0.31,3.34,-0.06,0.2,-2.24,0.07,-0.0,4.89,2.29,3.6,3.6,3.6,3.6,3.0,hold
JMIA240301P00004000,2024-03-01,JMIA,4.3,0.09,0.08,0.09,4.0,2.04,6.98,272.0,470.0,0.82,0.08,4.3,2.04,6.98,0.82,3.44,3.14,3.24,66.08,0.31,3.34,-0.23,0.67,-4.16,0.17,-0.02,4.89,2.29,3.6,3.6,3.6,3.6,3.0,hold
KEY240301P00013000,2024-03-01,KEY,14.26,0.02,0.02,0.04,13.0,0.15,8.84,9.0,8304.0,0.47,0.02,14.26,0.15,8.84,0.47,14.24,12.68,11.48,47.83,0.02,11.46,-0.06,0.14,-3.01,0.21,-0.01,17.43,8.44,18.0,12.0,15.7,16.0,2.2,buy
KEY240301P00013500,2024-03-01,KEY,14.26,0.08,0.06,0.08,13.5,0.45,5.33,52.0,425.0,0.4,0.06,14.26,0.45,5.33,0.4,14.24,12.68,11.48,47.83,0.02,11.46,-0.14,0.3,-4.9,0.4,-0.03,17.43,8.44,18.0,12.0,15.7,16.0,2.2,buy
KEY240301P00014000,2024-03-01,KEY,14.26,0.22,0.21,0.24,14.0,1.52,1.82,417.0,461.0,0.43,0.21,14.26,1.52,1.82,0.43,14.24,12.68,11.48,47.83,0.02,11.46,-0.36,0.48,-8.78,0.68,-0.09,17.43,8.44,18.0,12.0,15.7,16.0,2.2,buy
LAZR240301P00002000,2024-03-01,LAZR,2.19,0.15,0.15,0.16,2.0,8.11,8.68,2234.0,499.0,1.94,0.15,2.19,8.11,8.68,1.94,2.86,3.09,4.69,32.01,-0.12,5.56,-0.31,0.65,-5.85,0.1,-0.01,9.89,2.16,20.0,2.0,8.55,5.0,2.2,buy
LCID240301P00002500,2024-03-01,LCID,3.02,0.03,0.03,0.04,2.5,1.21,17.22,863.0,3286.0,1.19,0.03,3.02,1.21,17.22,1.19,3.62,4.06,5.32,43.06,-0.03,5.63,-0.09,0.36,-2.34,0.06,-0.01,9.13,2.65,6.0,2.25,4.0,4.0,3.3,hold
LCID240301P00003000,2024-03-01,LCID,3.02,0.15,0.15,0.16,3.0,5.26,0.66,3695.0,4111.0,0.93,0.15,3.02,5.26,0.66,0.93,3.62,4.06,5.32,43.06,-0.03,5.63,-0.45,1.1,-4.32,0.15,-0.02,9.13,2.65,6.0,2.25,4.0,4.0,3.3,hold
MLCO240301P00008000,2024-03-01,MLCO,8.59,0.25,0.1,0.2,8.0,1.27,6.87,15.0,162.0,0.76,0.1,8.59,1.27,6.87,0.76,8.5,8.26,9.98,58.81,0.07,10.59,-0.22,0.35,-7.5,0.32,-0.03,14.39,6.89,18.0,9.5,12.36,11.8,2.1,buy
MLCO240301P00008500,2024-03-01,MLCO,8.59,0.33,0.3,0.35,8.5,3.66,1.05,3.0,21.0,0.73,0.3,8.59,3.66,1.05,0.73,8.5,8.26,9.98,58.81,0.07,10.59,-0.44,0.49,-9.6,0.43,-0.07,14.39,6.89,18.0,9.5,12.36,11.8,2.1,buy
MNKD240301P00003500,2024-03-01,MNKD,3.55,0.21,0.15,0.3,3.5,4.48,1.41,33.0,137.0,1.2,0.15,3.55,4.48,1.41,1.2,3.55,3.7,4.06,60.8,0.03,4.17,-0.43,0.72,-6.53,0.18,-0.03,5.45,3.25,10.0,5.0,6.92,6.75,1.7,buy
MPW240301P00003000,2024-03-01,MPW,3.84,0.03,0.03,0.04,3.0,1.01,21.87,2389.0,14774.0,1.34,0.03,3.84,1.01,21.87,1.34,3.91,4.33,6.03,65.22,0.01,6.0,-0.06,0.19,-2.53,0.06,-0.0,10.07,3.07,10.0,2.0,5.0,4.5,3.1,hold
MPW240301P00003500,2024-03-01,MPW,3.84,0.08,0.08,0.09,3.5,2.34,8.85,2889.0,5821.0,0.98,0.08,3.84,2.34,8.85,0.98,3.91,4.33,6.03,65.22,0.01,6.0,-0.21,0.6,-4.27,0.14,-0.01,10.07,3.07,10.0,2.0,5.0,4.5,3.1,hold
NOK240301P00003500,2024-03-01,NOK,3.54,0.02,0.02,0.03,3.5,0.57,1.13,27.0,333.0,0.23,0.02,3.54,0.57,1.13,0.23,3.46,3.42,3.66,49.25,0.01,3.78,-0.34,3.56,-1.13,0.17,-0.02,4.69,2.97,6.0,3.5,4.69,4.3,2.7,hold
NU240301P00009500,2024-03-01,NU,10.22,0.03,0.02,0.04,9.5,0.21,7.05,475.0,2296.0,0.43,0.02,10.22,0.21,7.05,0.43,9.07,8.54,7.92,70.33,0.38,7.47,-0.09,0.28,-2.71,0.21,-0.02,10.46,4.17,16.0,4.5,10.14,10.0,2.2,buy
NU240301P00010000,2024-03-01,NU,10.22,0.1,0.08,0.1,10.0,0.81,2.15,5396.0,2448.0,0.32,0.08,10.22,0.81,2.15,0.32,9.07,8.54,7.92,70.33,0.38,7.47,-0.29,0.82,-4.3,0.45,-0.05,10.46,4.17,16.0,4.5,10.14,10.0,2.2,buy
NVAX240301P00003500,2024-03-01,NVAX,5.29,0.02,0.02,0.03,3.5,0.57,33.84,104.0,664.0,1.73,0.02,5.29,0.57,33.84,1.73,4.53,5.45,6.67,71.66,0.04,6.95,-0.02,0.05,-2.05,0.04,-0.0,9.74,3.76,38.0,4.0,19.2,11.0,2.7,hold
NVAX240301P00004000,2024-03-01,NVAX,5.29,0.05,0.05,0.06,4.0,1.27,24.39,942.0,787.0,1.53,0.05,5.29,1.27,24.39,1.53,4.53,5.45,6.67,71.66,0.04,6.95,-0.06,0.12,-3.95,0.08,-0.01,9.74,3.76,38.0,4.0,19.2,11.0,2.7,hold
NVAX240301P00004500,2024-03-01,NVAX,5.29,0.13,0.11,0.14,4.5,2.51,14.93,490.0,624.0,1.4,0.11,5.29,2.51,14.93,1.4,4.53,5.45,6.67,71.66,0.04,6.95,-0.16,0.26,-7.02,0.17,-0.02,9.74,3.76,38.0,4.0,19.2,11.0,2.7,hold
NVAX240301P00005000,2024-03-01,NVAX,5.29,0.3,0.27,0.31,5.0,5.71,5.48,891.0,329.0,1.38,0.27,5.29,5.71,5.48,1.38,4.53,5.45,6.67,71.66,0.04,6.95,-0.34,0.39,-10.45,0.25,-0.03,9.74,3.76,38.0,4.0,19.2,11.0,2.7,hold
OPEN240301P00002500,2024-03-01,OPEN,2.87,0.02,0.01,0.03,2.5,0.4,12.89,76.0,608.0,0.81,0.01,2.87,0.4,12.89,0.81,3.64,3.08,3.21,35.68,-0.16,2.89,-0.08,0.52,-1.4,0.06,-0.0,5.27,1.19,4.5,1.0,3.17,3.05,3.0,hold
PBR240301P00016000,2024-03-01,PBR,17.36,0.03,0.01,0.03,16.0,0.06,7.83,2.0,349.0,0.38,0.01,17.36,0.06,7.83,0.38,16.42,15.64,14.2,57.58,0.33,12.76,-0.04,0.11,-2.28,0.2,-0.01,17.7,7.67,21.2,13.4,17.37,17.75,2.3,buy
PBR240301P00016500,2024-03-01,PBR,17.36,0.04,0.04,0.06,16.5,0.24,4.95,2018.0,236.0,0.32,0.04,17.36,0.24,4.95,0.32,16.42,15.64,14.2,57.58,0.33,12.76,-0.11,0.25,-4.01,0.41,-0.03,17.7,7.67,21.2,13.4,17.37,17.75,2.3,buy
PBR240301P00017000,2024-03-01,PBR,17.36,0.11,0.11,0.13,17.0,0.65,2.07,8340.0,1467.0,0.27,0.11,17.36,0.65,2.07,0.27,16.42,15.64,14.2,57.58,0.33,12.76,-0.26,0.55,-5.93,0.73,-0.08,17.7,7.67,21.2,13.4,17.37,17.75,2.3,buy
PCT240301P00003500,2024-03-01,PCT,5.55,0.09,0.05,0.1,3.5,1.45,36.94,5.0,241.0,2.44,0.05,5.55,1.45,36.94,2.44,4.04,4.25,6.55,69.19,0.49,5.8,-0.05,0.06,-5.55,0.07,-0.01,11.84,2.4,16.0,3.0,7.0,6.0,2.2,buy
PCT240301P00004000,2024-03-01,PCT,5.55,0.2,0.1,0.2,4.0,2.56,27.93,143.0,345.0,2.34,0.1,5.55,2.56,27.93,2.34,4.04,4.25,6.55,69.19,0.49,5.8,-0.11,0.11,-9.37,0.13,-0.01,11.84,2.4,16.0,3.0,7.0,6.0,2.2,buy
PCT240301P00004500,2024-03-01,PCT,5.55,0.31,0.2,0.3,4.5,4.65,18.92,125.0,426.0,2.19,0.2,5.55,4.65,18.92,2.19,4.04,4.25,6.55,69.19,0.49,5.8,-0.19,0.17,-12.72,0.19,-0.02,11.84,2.4,16.0,3.0,7.0,6.0,2.2,buy
PCT240301P00005000,2024-03-01,PCT,5.55,0.46,0.45,0.5,5.0,9.89,9.91,343.0,1033.0,2.31,0.45,5.55,9.89,9.91,2.31,4.04,4.25,6.55,69.19,0.49,5.8,-0.31,0.21,-17.59,0.25,-0.03,11.84,2.4,16.0,3.0,7.0,6.0,2.2,buy
PCT240301P00005500,2024-03-01,PCT,5.55,0.7,0.6,0.8,5.5,12.24,0.9,4.0,44.0,2.23,0.6,5.55,12.24,0.9,2.23,4.04,4.25,6.55,69.19,0.49,5.8,-0.43,0.25,-18.94,0.28,-0.05,11.84,2.4,16.0,3.0,7.0,6.0,2.2,buy
PLUG240301P00002000,2024-03-01,PLUG,3.01,0.02,0.01,0.02,2.0,0.5,33.55,301.0,1230.0,1.75,0.01,3.01,0.5,33.55,1.75,4.01,4.73,7.11,20.64,-0.15,6.91,-0.03,0.09,-1.26,0.02,-0.0,14.87,2.42,21.0,2.5,6.47,5.0,2.8,hold
PLUG240301P00002500,2024-03-01,PLUG,3.01,0.07,0.07,0.08,2.5,2.88,16.94,1251.0,1251.0,1.56,0.07,3.01,2.88,16.94,1.56,4.01,4.73,7.11,20.64,-0.15,6.91,-0.15,0.39,-4.31,0.09,-0.01,14.87,2.42,21.0,2.5,6.47,5.0,2.8,hold
PLUG240301P00003000,2024-03-01,PLUG,3.01,0.26,0.25,0.26,3.0,9.09,0.33,7800.0,4887.0,1.47,0.25,3.01,9.09,0.33,1.47,4.01,4.73,7.11,20.64,-0.15,6.91,-0.46,0.7,-6.82,0.15,-0.03,14.87,2.42,21.0,2.5,6.47,5.0,2.8,hold
PTON240301P00004000,2024-03-01,PTON,4.35,0.04,0.03,0.04,4.0,0.76,8.05,551.0,2249.0,0.61,0.03,4.35,0.76,8.05,0.61,5.49,5.34,6.34,52.56,-0.33,6.84,-0.13,0.63,-2.21,0.12,-0.01,13.88,4.02,20.0,3.0,5.9,5.0,2.9,hold
QS240301P00005000,2024-03-01,QS,6.04,0.01,0.01,0.03,5.0,0.2,17.22,122.0,373.0,0.84,0.01,6.04,0.2,17.22,0.84,7.22,6.64,7.13,37.9,-0.19,7.79,-0.04,0.12,-1.56,0.06,-0.0,13.31,5.09,10.0,2.0,6.52,7.5,3.2,hold
QS240301P00005500,2024-03-01,QS,6.04,0.03,0.03,0.04,5.5,0.55,8.94,9.0,75.0,0.58,0.03,6.04,0.55,8.94,0.58,7.22,6.64,7.13,37.9,-0.19,7.79,-0.1,0.38,-2.32,0.13,-0.01,13.31,5.09,10.0,2.0,6.52,7.5,3.2,hold
QS240301P00006000,2024-03-01,QS,6.04,0.16,0.16,0.18,6.0,2.74,0.66,327.0,2441.0,0.53,0.16,6.04,2.74,0.66,0.53,7.22,6.64,7.13,37.9,-0.19,7.79,-0.45,0.96,-4.92,0.31,-0.05,13.31,5.09,10.0,2.0,6.52,7.5,3.2,hold
RDFN240301P00005000,2024-03-01,RDFN,6.89,0.06,0.05,0.1,5.0,1.01,27.43,1.0,345.0,1.73,0.05,6.89,1.01,27.43,1.73,8.64,7.46,9.16,28.73,-0.46,8.95,-0.06,0.08,-5.48,0.1,-0.01,17.01,4.66,10.5,4.0,7.73,8.0,3.1,hold
RDFN240301P00005500,2024-03-01,RDFN,6.89,0.11,0.1,0.15,5.5,1.85,20.17,74.0,326.0,1.56,0.1,6.89,1.85,20.17,1.56,8.64,7.46,9.16,28.73,-0.46,8.95,-0.11,0.14,-7.89,0.17,-0.01,17.01,4.66,10.5,4.0,7.73,8.0,3.1,hold
RDFN240301P00006000,2024-03-01,RDFN,6.89,0.22,0.2,0.3,6.0,3.45,12.92,168.0,738.0,1.56,0.2,6.89,3.45,12.92,1.56,8.64,7.46,9.16,28.73,-0.46,8.95,-0.21,0.21,-12.23,0.26,-0.03,17.01,4.66,10.5,4.0,7.73,8.0,3.1,hold
RDFN240301P00006500,2024-03-01,RDFN,6.89,0.41,0.4,0.45,6.5,6.56,5.66,40.0,779.0,1.52,0.4,6.89,6.56,5.66,1.52,8.64,7.46,9.16,28.73,-0.46,8.95,-0.35,0.27,-15.07,0.33,-0.04,17.01,4.66,10.5,4.0,7.73,8.0,3.1,hold
RIG240301P00004500,2024-03-01,RIG,4.67,0.05,0.03,0.07,4.5,0.67,3.64,116.0,1451.0,0.52,0.03,4.67,0.67,3.64,0.52,5.63,6.22,6.82,37.3,-0.25,6.67,-0.28,1.08,-3.12,0.2,-0.02,8.8,4.67,12.0,5.0,7.18,7.0,2.7,hold
RKLB240301P00004000,2024-03-01,RKLB,4.38,0.05,0.05,0.1,4.0,1.27,8.68,197.0,820.0,0.86,0.05,4.38,1.27,8.68,0.86,4.88,4.63,5.16,60.2,-0.07,4.98,-0.19,0.56,-3.97,0.15,-0.01,7.93,3.67,10.0,6.0,7.89,8.0,1.8,buy
RKT240301P00009500,2024-03-01,RKT,11.56,0.02,0.01,0.02,9.5,0.11,17.82,101.0,564.0,0.72,0.01,11.56,0.11,17.82,0.72,12.59,10.51,10.02,39.51,-0.29,10.04,-0.01,0.03,-1.21,0.06,-0.0,15.04,7.21,13.0,6.0,10.56,10.75,3.4,hold
RKT240301P00010000,2024-03-01,RKT,11.56,0.02,0.02,0.03,10.0,0.2,13.49,525.0,769.0,0.63,0.02,11.56,0.2,13.49,0.63,12.59,10.51,10.02,39.51,-0.29,10.04,-0.03,0.08,-2.02,0.11,-0.01,15.04,7.21,13.0,6.0,10.56,10.75,3.4,hold
RKT240301P00010500,2024-03-01,RKT,11.56,0.04,0.02,0.06,10.5,0.19,9.17,165.0,726.0,0.51,0.02,11.56,0.19,9.17,0.51,12.59,10.51,10.02,39.51,-0.29,10.04,-0.07,0.17,-2.9,0.19,-0.01,15.04,7.21,13.0,6.0,10.56,10.75,3.4,hold
RKT240301P00011000,2024-03-01,RKT,11.56,0.1,0.09,0.14,11.0,0.82,4.84,376.0,450.0,0.53,0.09,11.56,0.82,4.84,0.53,12.59,10.51,10.02,39.51,-0.29,10.04,-0.22,0.38,-7.02,0.44,-0.04,15.04,7.21,13.0,6.0,10.56,10.75,3.4,hold
RKT240301P00011500,2024-03-01,RKT,11.56,0.26,0.26,0.3,11.5,2.31,0.52,534.0,211.0,0.48,0.26,11.56,2.31,0.52,0.48,12.59,10.51,10.02,39.51,-0.29,10.04,-0.45,0.55,-8.6,0.59,-0.09,15.04,7.21,13.0,6.0,10.56,10.75,3.4,hold
RUM240301P00006000,2024-03-01,RUM,6.7,0.12,0.1,0.15,6.0,1.69,10.45,46.0,118.0,1.0,0.1,6.7,1.69,10.45,1.0,5.58,5.24,6.78,47.52,0.47,6.82,-0.18,0.3,-6.82,0.22,-0.02,10.94,3.39,6.0,6.0,6.0,6.0,3.0,hold
RUM240301P00006500,2024-03-01,RUM,6.7,0.3,0.25,0.35,6.5,4.0,2.99,63.0,41.0,1.01,0.25,6.7,4.0,2.99,1.01,5.58,5.24,6.78,47.52,0.47,6.82,-0.38,0.44,-10.01,0.33,-0.05,10.94,3.39,6.0,6.0,6.0,6.0,3.0,hold
SFIX240301P00003000,2024-03-01,SFIX,3.24,0.04,0.02,0.03,3.0,0.67,7.41,5.0,33.0,0.56,0.02,3.24,0.67,7.41,0.56,3.52,3.47,3.67,48.78,-0.0,3.94,-0.13,0.93,-1.53,0.09,-0.01,5.42,2.81,4.2,3.0,3.86,4.0,3.2,hold
SNAP240301P00009500,2024-03-01,SNAP,10.8,0.01,0.01,0.02,9.5,0.11,12.04,303.0,45.0,0.52,0.01,10.8,0.11,12.04,0.52,15.29,13.18,11.75,18.08,-1.41,11.53,-0.02,0.08,-1.23,0.08,-0.0,17.45,7.91,30.0,8.0,14.12,14.0,2.8,hold
SNAP240301P00010000,2024-03-01,SNAP,10.8,0.05,0.04,0.05,10.0,0.4,7.41,279.0,3465.0,0.47,0.04,10.8,0.4,7.41,0.47,15.29,13.18,11.75,18.08,-1.41,11.53,-0.1,0.26,-3.39,0.24,-0.02,17.45,7.91,30.0,8.0,14.12,14.0,2.8,hold
SNAP240301P00010500,2024-03-01,SNAP,10.8,0.13,0.13,0.14,10.5,1.25,2.78,1409.0,695.0,0.42,0.13,10.8,1.25,2.78,0.42,15.29,13.18,11.75,18.08,-1.41,11.53,-0.29,0.59,-5.99,0.47,-0.05,17.45,7.91,30.0,8.0,14.12,14.0,2.8,hold
SOFI240301P00007000,2024-03-01,SOFI,8.17,0.02,0.01,0.02,7.0,0.14,14.32,400.0,3991.0,0.64,0.01,8.17,0.14,14.32,0.64,8.48,8.0,8.08,54.95,0.03,7.78,-0.03,0.09,-1.27,0.07,-0.0,11.45,4.76,15.0,3.0,9.28,9.25,3.0,hold
SOFI240301P00007500,2024-03-01,SOFI,8.17,0.04,0.03,0.04,7.5,0.4,8.2,1488.0,5678.0,0.5,0.03,8.17,0.4,8.2,0.5,8.48,8.0,8.08,54.95,0.03,7.78,-0.09,0.3,-2.48,0.16,-0.01,11.45,4.76,15.0,3.0,9.28,9.25,3.0,hold
SOFI240301P00008000,2024-03-01,SOFI,8.17,0.14,0.13,0.14,8.0,1.65,2.08,8693.0,11706.0,0.45,0.13,8.17,1.65,2.08,0.45,8.48,8.0,8.08,54.95,0.03,7.78,-0.35,0.78,-5.25,0.39,-0.05,11.45,4.76,15.0,3.0,9.28,9.25,3.0,hold
SOUN240301P00003500,2024-03-01,SOUN,3.92,0.2,0.15,0.2,3.5,4.48,10.71,1722.0,3387.0,1.58,0.15,3.92,4.48,10.71,1.58,2.21,2.07,2.43,85.69,0.53,2.85,-0.25,0.4,-7.72,0.16,-0.02,4.71,1.54,5.0,3.6,4.43,4.5,1.7,buy
SPCE240301P00001500,2024-03-01,SPCE,1.65,0.07,0.07,0.08,1.5,4.9,9.09,587.0,1628.0,1.47,0.07,1.65,4.9,9.09,1.47,2.1,1.97,2.71,45.79,-0.08,3.36,-0.27,1.07,-3.14,0.07,-0.01,6.01,1.38,5.0,1.0,2.72,2.5,3.2,hold
SPWR240301P00002500,2024-03-01,SPWR,3.18,0.02,0.01,0.02,2.5,0.4,21.38,28.0,475.0,1.13,0.01,3.18,0.4,21.38,1.13,3.89,4.31,6.72,46.67,-0.07,7.51,-0.04,0.19,-1.22,0.04,-0.0,15.76,2.94,6.0,1.0,3.7,4.0,3.5,hold
SPWR240301P00003000,2024-03-01,SPWR,3.18,0.12,0.11,0.13,3.0,3.81,5.66,475.0,957.0,1.08,0.11,3.18,3.81,5.66,1.08,3.89,4.31,6.72,46.67,-0.07,7.51,-0.31,0.8,-4.72,0.14,-0.02,15.76,2.94,6.0,1.0,3.7,4.0,3.5,hold
SWN240301P00006500,2024-03-01,SWN,6.91,0.05,0.01,0.05,6.5,0.15,5.93,6.0,461.0,0.48,0.01,6.91,0.15,5.93,0.48,6.55,6.64,6.3,64.02,0.09,6.01,-0.15,0.55,-2.99,0.21,-0.02,7.55,4.61,13.0,6.0,8.12,8.0,2.5,buy
TAL240301P00012000,2024-03-01,TAL,14.21,0.09,0.01,0.05,12.0,0.08,15.55,1.0,405.0,0.7,0.01,14.21,0.08,15.55,0.7,12.31,11.08,8.85,71.47,0.66,8.45,-0.03,0.05,-2.45,0.11,-0.01,15.24,5.25,17.7,2.9,12.86,13.9,1.9,buy
TAL240301P00012500,2024-03-01,TAL,14.21,0.18,0.03,0.06,12.5,0.24,12.03,80.0,104.0,0.62,0.03,14.21,0.24,12.03,0.62,12.31,11.08,8.85,71.47,0.66,8.45,-0.05,0.09,-3.42,0.18,-0.01,15.24,5.25,17.7,2.9,12.86,13.9,1.9,buy
TAL240301P00013000,2024-03-01,TAL,14.21,0.12,0.08,0.11,13.0,0.62,8.52,24.0,354.0,0.59,0.08,14.21,0.62,8.52,0.59,12.31,11.08,8.85,71.47,0.66,8.45,-0.11,0.18,-6.2,0.35,-0.03,15.24,5.25,17.7,2.9,12.86,13.9,1.9,buy
TAL240301P00013500,2024-03-01,TAL,14.21,0.21,0.18,0.22,13.5,1.35,5.0,30.0,22.0,0.58,0.18,14.21,1.35,5.0,0.58,12.31,11.08,8.85,71.47,0.66,8.45,-0.23,0.29,-9.75,0.56,-0.06,15.24,5.25,17.7,2.9,12.86,13.9,1.9,buy
TAL240301P00014000,2024-03-01,TAL,14.21,0.4,0.36,0.41,14.0,2.64,1.48,14.0,121.0,0.58,0.36,14.21,2.64,1.48,0.58,12.31,11.08,8.85,71.47,0.66,8.45,-0.41,0.37,-12.4,0.71,-0.1,15.24,5.25,17.7,2.9,12.86,13.9,1.9,buy
TEVA240301P00012000,2024-03-01,TEVA,12.89,0.07,0.02,0.17,12.0,0.17,6.9,29.0,468.0,0.53,0.02,12.89,0.17,6.9,0.53,11.54,10.31,9.5,64.06,0.46,9.31,-0.14,0.25,-5.79,0.36,-0.03,13.2,7.2,19.0,9.0,14.63,16.0,2.4,buy
TEVA240301P00012500,2024-03-01,TEVA,12.89,0.15,0.1,0.12,12.5,0.81,3.03,484.0,1353.0,0.36,0.1,12.89,0.81,3.03,0.36,11.54,10.31,9.5,64.06,0.46,9.31,-0.25,0.53,-5.72,0.52,-0.05,13.2,7.2,19.0,9.0,14.63,16.0,2.4,buy
TLRY240301P00001500,2024-03-01,TLRY,1.76,0.01,0.01,0.02,1.5,0.67,14.77,60.0,466.0,0.97,0.01,1.76,0.67,14.77,0.97,2.0,1.94,2.07,42.31,-0.06,2.26,-0.09,0.73,-1.06,0.04,-0.0,3.31,1.52,4.25,1.9,2.47,2.25,2.7,hold
UAA240301P00008000,2024-03-01,UAA,8.43,0.02,0.02,0.05,8.0,0.25,5.1,2.0,165.0,0.4,0.02,8.43,0.25,5.1,0.4,8.19,7.79,7.64,64.17,0.1,7.92,-0.15,0.53,-2.99,0.25,-0.02,10.05,6.4,15.0,8.0,9.55,9.0,2.4,buy
UEC240301P00006000,2024-03-01,UEC,6.35,0.06,0.05,0.1,6.0,0.84,5.51,42.0,14.0,0.56,0.05,6.35,0.84,5.51,0.56,7.14,6.48,5.07,18.37,-0.17,4.95,-0.2,0.62,-3.94,0.23,-0.02,8.2,2.37,13.0,6.6,9.56,10.0,1.8,buy
UWMC240301P00006000,2024-03-01,UWMC,6.69,0.08,0.05,0.3,6.0,0.84,10.31,68.0,217.0,1.16,0.05,6.69,0.84,10.31,1.16,6.77,6.03,5.82,39.2,0.03,5.7,-0.21,0.29,-8.75,0.25,-0.03,7.32,4.19,8.5,4.0,6.2,6.0,3.0,hold
UWMC240301P00006500,2024-03-01,UWMC,6.69,0.2,0.15,0.2,6.5,2.36,2.84,4.0,67.0,0.66,0.15,6.69,2.36,2.84,0.66,6.77,6.03,5.82,39.2,0.03,5.7,-0.35,0.65,-6.4,0.32,-0.04,7.32,4.19,8.5,4.0,6.2,6.0,3.0,hold
WULF240301P00002000,2024-03-01,WULF,2.03,0.1,0.1,0.15,2.0,5.26,1.48,262.0,1748.0,1.17,0.1,2.03,5.26,1.48,1.17,1.95,1.56,1.82,56.28,0.13,1.91,-0.43,1.29,-3.63,0.1,-0.02,3.87,0.54,4.5,3.0,3.9,4.0,1.8,buy
WW240301P00002500,2024-03-01,WW,3.17,0.05,0.05,0.1,2.5,2.04,21.14,,50.0,1.78,0.05,3.17,2.04,21.14,1.78,5.81,7.15,7.97,40.66,-0.55,7.46,-0.12,0.28,-4.51,0.08,-0.01,13.21,3.17,14.0,8.0,10.93,12.0,2.5,buy
WW240301P00003000,2024-03-01,WW,3.17,0.26,0.25,0.3,3.0,9.09,5.36,388.0,360.0,1.95,0.25,3.17,9.09,5.36,1.95,5.81,7.15,7.97,40.66,-0.55,7.46,-0.36,0.48,-9.02,0.15,-0.02,13.21,3.17,14.0,8.0,10.93,12.0,2.5,buy
