contractSymbol,Expiration Date,ETF,Stock Price,lastPrice,bid,ask,strike,ROI (%),OTM (%),volume,openInterest,Implied Volatility,highPrice,Original Stock Price,Original ROI (%),Original OTM (%),Original Implied Volatility,50-day MA,100-day MA,200-day MA,RSI,MACD,VWAP,Delta,Gamma,Theta,Vega,Rho,52WeekHigh,52WeekLow,targetHighPrice,targetLowPrice,targetMeanPrice,targetMedianPrice,recommendationMean,recommendationKey,Guess
AAOI231020P00006500,2023-10-20,AAOI,7.55,0.1,0.05,0.15,6.5,0.78,13.91,1.0,6.0,1.06,0.05,7.55,0.78,13.91,1.06,11.48,8.49,5.38,37.04,-0.92,9.07,-0.12,0.2,-6.3,0.2,-0.02,15.48,1.64,20.0,11.5,15.75,15.75,2.3,buy,Success
AAOI231020P00007000,2023-10-20,AAOI,7.55,0.25,0.15,0.25,7.0,2.19,7.28,298.0,81.0,0.98,0.15,7.55,2.19,7.28,0.98,11.48,8.49,5.38,37.04,-0.92,9.07,-0.25,0.34,-9.16,0.31,-0.03,15.48,1.64,20.0,11.5,15.75,15.75,2.3,buy,Success
AAOI231020P00007500,2023-10-20,AAOI,7.55,0.55,0.35,0.45,7.5,4.9,0.66,15.0,1063.0,0.96,0.35,7.55,4.9,0.66,0.96,11.48,8.49,5.38,37.04,-0.92,9.07,-0.45,0.43,-11.13,0.38,-0.06,15.48,1.64,20.0,11.5,15.75,15.75,2.3,buy,Success
ACHR231020P00005000,2023-10-20,ACHR,5.11,0.25,0.15,0.25,5.0,3.09,2.15,31.0,2833.0,0.84,0.15,5.11,3.09,2.15,0.84,5.92,5.06,3.8,52.3,-0.23,4.84,-0.4,0.7,-6.47,0.25,-0.04,7.22,1.63,12.0,4.5,8.9,9.0,2.0,buy,Success
ACRS231020P00005000,2023-10-20,ACRS,5.32,0.2,0.2,0.35,5.0,4.17,6.02,1.0,548.0,1.37,0.2,5.32,4.17,6.02,1.37,7.22,8.53,9.96,26.52,-0.52,10.01,-0.33,0.39,-10.24,0.25,-0.03,18.37,5.32,43.0,20.0,30.0,29.5,1.4,strong_buy,Success
AG231020P00003000,2023-10-20,AG,5.39,0.04,0.01,0.13,3.0,0.33,44.34,1.0,222.0,2.94,0.01,5.39,0.33,44.34,2.94,5.6,5.78,6.51,58.17,-0.13,7.11,-0.04,0.04,-5.38,0.06,-0.0,9.68,4.85,12.0,7.36,9.82,10.12,2.3,buy,Success
AG231020P00005000,2023-10-20,AG,5.39,0.03,0.03,0.04,5.0,0.6,7.24,376.0,7717.0,0.52,0.03,5.39,0.6,7.24,0.52,5.6,5.78,6.51,58.17,-0.13,7.11,-0.12,0.56,-2.17,0.14,-0.01,9.68,4.85,12.0,7.36,9.82,10.12,2.3,buy,Success
AGLE231020P00002500,2023-10-20,AGLE,12.98,1.75,1.8,2.3,2.5,257.14,80.74,2.0,53.0,23.22,1.8,12.98,257.14,80.74,23.22,12.65,10.89,9.77,57.58,-0.15,14.17,-0.02,0.0,-58.29,0.08,-0.03,38.5,2.65,23.0,12.5,17.75,17.75,2.0,buy,Success
AGNC231020P00008000,2023-10-20,AGNC,8.78,0.02,0.02,0.03,8.0,0.25,8.88,200.0,4036.0,0.5,0.02,8.78,0.25,8.88,0.5,9.49,9.5,9.54,31.28,-0.19,9.16,-0.07,0.24,-2.26,0.15,-0.01,11.02,6.58,11.5,10.0,10.61,10.5,2.3,buy,Success
AGNC231020P00008500,2023-10-20,AGNC,8.78,0.07,0.07,0.08,8.5,0.83,3.19,150.0,1988.0,0.37,0.07,8.78,0.83,3.19,0.37,9.49,9.5,9.54,31.28,-0.19,9.16,-0.24,0.75,-3.86,0.35,-0.04,11.02,6.58,11.5,10.0,10.61,10.5,2.3,buy,Success
AGRI231020P00002000,2023-10-20,AGRI,2.97,1.9,1.7,2.0,2.0,566.67,32.66,1.0,0.0,25.25,1.7,2.97,566.67,32.66,25.25,5.54,8.39,26.74,30.34,-0.59,8.49,-0.04,0.01,-25.62,0.03,-0.03,80.0,2.97,5.5,5.5,5.5,5.5,2.0,buy,Success
AIP231020P00005000,2023-10-20,AIP,5.96,0.17,0.05,0.25,5.0,1.01,16.11,100.0,100.0,1.51,0.05,5.96,1.01,16.11,1.51,6.58,6.8,5.83,47.83,-0.15,6.03,-0.16,0.21,-8.42,0.18,-0.02,7.86,3.36,21.0,6.0,13.83,14.0,2.0,buy,Success
AKA231020P00002500,2023-10-20,AKA,5.2,2.6,1.45,2.6,2.5,138.1,51.92,1.0,11.0,20.22,1.45,5.2,138.1,51.92,20.22,5.54,5.4,8.44,45.05,-0.26,7.26,-0.06,0.01,-47.02,0.08,-0.03,24.48,3.85,18.0,4.8,11.16,12.0,2.9,hold,Success
ALTO231020P00004000,2023-10-20,ALTO,4.12,0.07,0.05,0.15,4.0,1.27,2.91,37.0,1076.0,0.64,0.05,4.12,1.27,2.91,0.64,4.0,3.49,2.9,35.94,0.04,2.92,-0.34,1.09,-3.77,0.19,-0.02,4.48,1.22,7.0,6.0,6.5,6.5,2.0,buy,Failed
ALXO231020P00007500,2023-10-20,ALXO,9.13,0.1,0.05,0.1,7.5,0.67,17.85,42.0,1727.0,1.1,0.05,9.13,0.67,17.85,1.1,5.45,6.31,6.65,73.84,1.11,7.5,-0.07,0.11,-5.35,0.16,-0.01,12.89,4.19,27.0,8.0,17.07,17.5,2.0,buy,Success
AMC231020P00006500,2023-10-20,AMC,9.5,0.03,0.01,0.03,6.5,0.15,31.58,263.0,6796.0,1.38,0.01,9.5,0.15,31.58,1.38,18.09,31.98,42.14,61.0,-1.64,26.93,-0.01,0.02,-1.65,0.04,-0.0,81.7,7.18,19.0,4.41,10.63,10.0,3.6,underperform,Success
AMC231020P00007000,2023-10-20,AMC,9.5,0.03,0.02,0.03,7.0,0.29,26.32,4657.0,14197.0,1.2,0.02,9.5,0.29,26.32,1.2,18.09,31.98,42.14,61.0,-1.64,26.93,-0.02,0.03,-2.14,0.06,-0.0,81.7,7.18,19.0,4.41,10.63,10.0,3.6,underperform,Success
AMC231020P00007500,2023-10-20,AMC,9.5,0.06,0.05,0.06,7.5,0.67,21.05,4109.0,6235.0,1.16,0.05,9.5,0.67,21.05,1.16,18.09,31.98,42.14,61.0,-1.64,26.93,-0.05,0.07,-4.23,0.12,-0.01,81.7,7.18,19.0,4.41,10.63,10.0,3.6,underperform,Success
AMC231020P00008000,2023-10-20,AMC,9.5,0.12,0.12,0.13,8.0,1.52,15.79,15145.0,9011.0,1.16,0.12,9.5,1.52,15.79,1.16,18.09,31.98,42.14,61.0,-1.64,26.93,-0.11,0.13,-8.09,0.23,-0.02,81.7,7.18,19.0,4.41,10.63,10.0,3.6,underperform,Success
AMC231020P00008500,2023-10-20,AMC,9.5,0.23,0.23,0.25,8.5,2.78,10.53,10418.0,5128.0,1.16,0.23,9.5,2.78,10.53,1.16,18.09,31.98,42.14,61.0,-1.64,26.93,-0.21,0.2,-12.2,0.35,-0.03,81.7,7.18,19.0,4.41,10.63,10.0,3.6,underperform,Success
AMC231020P00009000,2023-10-20,AMC,9.5,0.42,0.4,0.42,9.0,4.65,5.26,11327.0,14004.0,1.15,0.4,9.5,4.65,5.26,1.15,18.09,31.98,42.14,61.0,-1.64,26.93,-0.33,0.26,-15.42,0.44,-0.06,81.7,7.18,19.0,4.41,10.63,10.0,3.6,underperform,Success
AMSC231020P00006000,2023-10-20,AMSC,6.33,0.11,0.05,0.15,6.0,0.84,5.21,6.0,2385.0,0.63,0.05,6.33,0.84,5.21,0.63,8.17,7.47,6.07,27.02,-0.45,10.35,-0.24,0.61,-4.77,0.25,-0.03,16.13,3.29,13.0,10.0,11.67,12.0,1.7,buy,Success
APLD231020P00004500,2023-10-20,APLD,5.13,0.1,0.05,0.1,4.5,1.12,12.28,36.0,919.0,1.01,0.05,5.13,1.12,12.28,1.01,5.9,7.31,5.11,45.87,-0.21,6.78,-0.14,0.34,-4.48,0.15,-0.01,10.24,1.51,19.0,12.0,15.21,15.0,2.0,buy,Success
APLD231020P00005000,2023-10-20,APLD,5.13,0.25,0.2,0.3,5.0,4.17,2.53,249.0,1200.0,1.04,0.2,5.13,4.17,2.53,1.04,5.9,7.31,5.11,45.87,-0.21,6.78,-0.4,0.56,-7.99,0.25,-0.04,10.24,1.51,19.0,12.0,15.21,15.0,2.0,buy,Success
APPS231020P00005000,2023-10-20,APPS,5.35,0.05,0.04,0.06,5.0,0.81,6.54,12.0,41.0,0.56,0.04,5.35,0.81,6.54,0.56,7.6,8.69,10.89,29.27,-0.58,12.12,-0.16,0.64,-2.9,0.17,-0.02,19.71,5.35,18.0,8.0,11.0,10.0,2.8,hold,Success
ARDX231020P00002000,2023-10-20,ARDX,3.33,0.1,0.05,0.1,2.0,2.56,39.94,723.0,1148.0,3.06,0.05,3.33,2.56,39.94,3.06,4.04,3.82,3.78,33.33,-0.16,3.18,-0.07,0.1,-5.19,0.06,-0.0,4.95,1.22,15.0,6.0,9.31,8.75,1.4,strong_buy,Success
ARDX231020P00002500,2023-10-20,ARDX,3.33,0.23,0.2,0.25,2.5,8.7,24.92,363.0,2875.0,3.2,0.2,3.33,8.7,24.92,3.2,4.04,3.82,3.78,33.33,-0.16,3.18,-0.18,0.19,-11.02,0.11,-0.01,4.95,1.22,15.0,6.0,9.31,8.75,1.4,strong_buy,Success
ARDX231020P00003000,2023-10-20,ARDX,3.33,0.35,0.35,0.4,3.0,13.21,9.91,311.0,4950.0,2.83,0.35,3.33,13.21,9.91,2.83,4.04,3.82,3.78,33.33,-0.16,3.18,-0.32,0.3,-13.11,0.15,-0.02,4.95,1.22,15.0,6.0,9.31,8.75,1.4,strong_buy,Success
ARLO231020P00004000,2023-10-20,ARLO,8.44,0.32,0.15,0.25,4.0,3.9,52.61,,1.0,4.23,0.15,8.44,3.9,52.61,4.23,10.18,10.2,7.76,22.69,-0.39,7.23,-0.05,0.02,-14.24,0.11,-0.01,11.48,3.15,17.0,11.0,14.75,15.5,2.0,buy,Success
ARR231020P00004000,2023-10-20,ARR,18.19,0.05,0.05,0.1,4.0,1.27,78.01,107.0,832.0,5.44,0.05,18.19,1.27,78.01,5.44,22.8,23.93,25.14,18.45,-1.3,25.26,-0.01,0.0,-6.41,0.04,-0.0,31.28,18.19,30.0,30.0,30.0,30.0,3.0,hold,Success
ARR231020P00005000,2023-10-20,ARR,18.19,0.75,0.7,0.85,5.0,16.28,72.51,36.0,1669.0,8.27,0.7,18.19,16.28,72.51,8.27,22.8,23.93,25.14,18.45,-1.3,25.26,-0.04,0.0,-50.7,0.2,-0.02,31.28,18.19,30.0,30.0,30.0,30.0,3.0,hold,Success
ARR231020P00006000,2023-10-20,ARR,18.19,1.7,1.7,1.9,6.0,39.53,67.01,1.0,255.0,10.17,1.7,18.19,39.53,67.01,10.17,22.8,23.93,25.14,18.45,-1.3,25.26,-0.07,0.01,-93.06,0.3,-0.04,31.28,18.19,30.0,30.0,30.0,30.0,3.0,hold,Success
ARR231020P00007500,2023-10-20,ARR,18.19,3.3,3.2,3.4,7.5,74.42,58.77,45.0,384.0,11.8,3.2,18.19,74.42,58.77,11.8,22.8,23.93,25.14,18.45,-1.3,25.26,-0.09,0.01,-135.64,0.38,-0.07,31.28,18.19,30.0,30.0,30.0,30.0,3.0,hold,Success
ARR231020P00010000,2023-10-20,ARR,18.19,5.78,5.7,5.9,10.0,132.56,45.02,1.0,47.0,13.47,5.7,18.19,132.56,45.02,13.47,22.8,23.93,25.14,18.45,-1.3,25.26,-0.11,0.01,-183.24,0.45,-0.11,31.28,18.19,30.0,30.0,30.0,30.0,3.0,hold,Success
ARR231020P00017000,2023-10-20,ARR,18.19,0.1,0.1,0.2,17.0,0.59,6.54,17.0,29.0,0.53,0.1,18.19,0.59,6.54,0.53,22.8,23.93,25.14,18.45,-1.3,25.26,-0.15,0.19,-8.82,0.55,-0.05,31.28,18.19,30.0,30.0,30.0,30.0,3.0,hold,Success
ARR231020P00018000,2023-10-20,ARR,18.19,0.35,0.2,0.4,18.0,1.12,1.04,37.0,47.0,0.46,0.2,18.19,1.12,1.04,0.46,22.8,23.93,25.14,18.45,-1.3,25.26,-0.42,0.37,-12.57,0.91,-0.13,31.28,18.19,30.0,30.0,30.0,30.0,3.0,hold,Failed
ASPN231020P00007500,2023-10-20,ASPN,8.32,0.05,0.05,0.15,7.5,0.67,9.86,8.0,89.0,0.8,0.05,8.32,0.67,9.86,0.8,6.8,7.24,8.05,62.96,0.47,8.72,-0.14,0.27,-5.93,0.24,-0.02,13.69,5.51,30.0,14.0,21.0,23.0,1.8,buy,Success
ATUS231020P00003000,2023-10-20,ATUS,3.05,0.1,0.05,0.15,3.0,1.69,1.64,205.0,405.0,0.69,0.05,3.05,1.69,1.64,0.69,3.18,3.06,3.44,40.91,-0.03,3.81,-0.41,1.44,-3.16,0.15,-0.02,6.7,2.11,16.0,2.0,4.43,3.0,2.8,hold,Success
AVPT231020P00007000,2023-10-20,AVPT,7.25,0.05,0.05,0.15,7.0,0.72,3.45,1.0,10.0,0.61,0.05,7.25,0.72,3.45,0.61,6.63,6.35,5.43,62.73,0.19,5.49,-0.31,0.62,-6.07,0.33,-0.04,7.49,3.59,10.0,5.5,7.83,7.25,2.1,buy,Success
AVXL231020P00005500,2023-10-20,AVXL,6.05,0.08,0.05,0.15,5.5,0.92,9.09,46.0,27.0,0.88,0.05,6.05,0.92,9.09,0.88,7.5,8.0,8.7,28.98,-0.42,9.64,-0.18,0.39,-5.45,0.21,-0.02,14.43,5.89,58.0,39.0,47.75,47.0,2.0,buy,Success
AVXL231020P00006000,2023-10-20,AVXL,6.05,0.32,0.2,0.35,6.0,3.45,0.83,1.0,607.0,0.84,0.2,6.05,3.45,0.83,0.84,7.5,8.0,8.7,28.98,-0.42,9.64,-0.45,0.6,-7.84,0.31,-0.05,14.43,5.89,58.0,39.0,47.75,47.0,2.0,buy,Failed
AXL231020P00005000,2023-10-20,AXL,7.02,0.2,0.25,0.4,5.0,5.26,28.77,40.0,70.0,2.97,0.25,7.02,5.26,28.77,2.97,7.43,7.84,7.96,30.65,-0.13,8.28,-0.14,0.08,-18.04,0.2,-0.02,10.8,6.74,10.0,7.5,8.56,8.0,2.8,hold,Success
AXL231020P00007000,2023-10-20,AXL,7.02,0.2,0.15,0.25,7.0,2.19,0.28,1.0,1259.0,0.51,0.15,7.02,2.19,0.28,0.51,7.43,7.84,7.96,30.65,-0.13,8.28,-0.47,0.87,-5.49,0.36,-0.06,10.8,6.74,10.0,7.5,8.56,8.0,2.8,hold,Failed
AZUL231020P00007500,2023-10-20,AZUL,7.62,0.15,0.2,0.3,7.5,2.74,1.57,1.0,1549.0,0.69,0.2,7.62,2.74,1.57,0.69,8.8,10.2,8.37,39.04,-0.35,7.69,-0.41,0.58,-7.91,0.38,-0.05,13.69,3.9,19.0,11.0,15.55,15.5,2.4,buy,Success
BBAR231020P00004000,2023-10-20,BBAR,4.1,0.35,0.25,0.9,4.0,6.67,2.44,,1.0,2.63,0.25,4.1,6.67,2.44,2.63,4.84,5.06,4.62,34.88,-0.22,4.33,-0.4,0.28,-16.24,0.2,-0.04,5.97,2.53,7.5,4.5,5.8,5.4,2.5,buy,Failed
BHC231020P00007000,2023-10-20,BHC,7.14,0.18,0.17,0.21,7.0,2.49,1.96,55.0,532.0,0.61,0.17,7.14,2.49,1.96,0.61,8.28,8.28,7.97,20.63,-0.27,7.8,-0.38,0.68,-6.45,0.35,-0.05,9.85,5.72,16.0,6.0,9.67,8.5,2.8,hold,Failed
BLNK231020P00002500,2023-10-20,BLNK,3.06,0.01,0.01,0.02,2.5,0.4,18.3,7.0,802.0,0.97,0.01,3.06,0.4,18.3,0.97,4.05,5.21,7.31,53.74,-0.24,7.95,-0.05,0.25,-1.1,0.04,-0.0,15.0,2.93,50.0,5.0,15.7,9.5,2.6,hold,Success
BLNK231020P00003000,2023-10-20,BLNK,3.06,0.12,0.1,0.12,3.0,3.45,1.96,276.0,229.0,0.77,0.1,3.06,3.45,1.96,0.77,4.05,5.21,7.31,53.74,-0.24,7.95,-0.4,1.29,-3.52,0.15,-0.02,15.0,2.93,50.0,5.0,15.7,9.5,2.6,hold,Success
BLZE231020P00005000,2023-10-20,BLZE,5.18,0.05,0.05,0.15,5.0,1.01,3.47,5.0,27.0,0.59,0.05,5.18,1.01,3.47,0.59,5.52,5.09,5.27,28.74,-0.17,5.26,-0.3,0.9,-4.13,0.23,-0.03,7.82,3.79,18.0,7.5,10.59,9.0,1.6,buy,Success
BTBT231020P00002000,2023-10-20,BTBT,2.01,0.15,0.05,0.2,2.0,2.56,0.5,1.0,264.0,1.09,0.05,2.01,2.56,0.5,1.09,2.49,3.1,2.3,47.42,-0.11,2.62,-0.46,1.41,-3.39,0.1,-0.02,4.59,0.54,4.5,3.9,4.13,4.0,2.0,buy,Success
BV231020P00005000,2023-10-20,BV,7.5,0.5,0.05,0.35,5.0,1.01,33.33,26.0,1102.0,2.72,0.05,7.5,1.01,33.33,2.72,8.11,7.7,7.05,40.44,-0.13,7.08,-0.09,0.06,-12.95,0.16,-0.01,9.17,5.17,13.0,8.0,9.3,8.5,3.0,hold,Success
CASI231020P00002500,2023-10-20,CASI,2.62,0.25,0.15,0.7,2.5,6.38,4.58,,10.0,3.22,0.15,2.62,6.38,4.58,3.22,2.36,2.45,2.34,64.62,0.18,2.26,-0.37,0.35,-12.45,0.13,-0.02,3.7,1.48,10.0,10.0,10.0,10.0,2.0,buy,Failed
CHPT231020P00003000,2023-10-20,CHPT,3.44,0.04,0.02,0.04,3.0,0.67,12.79,3183.0,2208.0,0.86,0.02,3.44,0.67,12.79,0.86,6.05,7.34,8.72,25.0,-0.68,8.9,-0.1,0.45,-1.98,0.08,-0.01,14.1,3.44,17.0,7.0,10.57,10.0,2.0,buy,Success
CLOV231020P00001000,2023-10-20,CLOV,1.03,0.03,0.02,0.05,1.0,2.04,2.91,161.0,2124.0,0.81,0.02,1.03,2.04,2.91,0.81,1.22,1.11,1.06,38.71,-0.04,1.09,-0.37,3.51,-1.23,0.05,-0.01,1.59,0.73,3.0,1.5,1.94,1.63,2.5,buy,Success
CMAX231020P00002500,2023-10-20,CMAX,2.66,0.25,0.35,0.45,2.5,16.28,6.02,5.0,65.0,3.16,0.35,2.66,16.28,6.02,3.16,2.25,2.62,3.03,74.31,0.1,3.42,-0.36,0.35,-12.25,0.13,-0.02,7.04,1.94,10.0,3.0,5.2,4.0,2.2,buy,Success
CMBM231020P00005000,2023-10-20,CMBM,5.06,0.15,0.15,0.2,5.0,3.09,1.19,9.0,30.0,0.69,0.15,5.06,3.09,1.19,0.69,7.94,11.66,15.15,33.61,-0.88,13.94,-0.43,0.88,-5.3,0.25,-0.04,23.49,5.05,15.0,6.0,11.33,12.25,2.7,hold,Failed
CMTL231020P00010000,2023-10-20,CMTL,10.37,0.3,0.25,0.3,10.0,2.56,3.57,1229.0,9.0,0.72,0.25,10.37,2.56,3.57,0.72,9.1,9.49,11.32,68.09,-0.02,10.72,-0.33,0.38,-10.55,0.48,-0.06,16.69,8.04,22.0,10.0,15.75,15.5,2.7,hold,Failed
COTY231020P00009000,2023-10-20,COTY,9.67,0.04,0.02,0.05,9.0,0.22,6.93,49.0,266.0,0.47,0.02,9.67,0.22,6.93,0.47,11.24,11.63,11.29,18.45,-0.46,10.34,-0.11,0.32,-3.31,0.23,-0.02,13.1,6.28,15.0,11.0,13.18,13.5,2.5,buy,Success
COTY231020P00009500,2023-10-20,COTY,9.67,0.16,0.05,0.15,9.5,0.53,1.76,21.0,535.0,0.4,0.05,9.67,0.53,1.76,0.4,11.24,11.63,11.29,18.45,-0.46,10.34,-0.35,0.75,-5.55,0.46,-0.06,13.1,6.28,15.0,11.0,13.18,13.5,2.5,buy,Success
CPE231020P00034000,2023-10-20,CPE,38.39,0.05,0.05,0.1,34.0,0.15,11.44,5.0,535.0,0.53,0.05,38.39,0.15,11.44,0.53,37.61,35.82,36.02,50.95,-0.32,36.64,-0.03,0.03,-6.05,0.38,-0.02,48.23,29.75,63.0,35.0,48.12,50.0,2.5,buy,Success
CPE231020P00035000,2023-10-20,CPE,38.39,0.11,0.05,0.15,35.0,0.14,8.83,2.0,533.0,0.51,0.05,38.39,0.14,8.83,0.51,37.61,35.82,36.02,50.95,-0.32,36.64,-0.07,0.06,-10.74,0.69,-0.05,48.23,29.75,63.0,35.0,48.12,50.0,2.5,buy,Success
CPE231020P00036000,2023-10-20,CPE,38.39,0.2,0.15,0.25,36.0,0.42,6.23,3.0,472.0,0.47,0.15,38.39,0.42,6.23,0.47,37.61,35.82,36.02,50.95,-0.32,36.64,-0.14,0.09,-15.33,1.07,-0.09,48.23,29.75,63.0,35.0,48.12,50.0,2.5,buy,Success
CPE231020P00037000,2023-10-20,CPE,38.39,0.39,0.35,0.45,37.0,0.95,3.62,72.0,1785.0,0.45,0.35,38.39,0.95,3.62,0.45,37.61,35.82,36.02,50.95,-0.32,36.64,-0.25,0.14,-21.11,1.56,-0.16,48.23,29.75,63.0,35.0,48.12,50.0,2.5,buy,Failed
CPE231020P00038000,2023-10-20,CPE,38.39,0.87,0.7,0.8,38.0,1.88,1.02,92.0,784.0,0.44,0.7,38.39,1.88,1.02,0.44,37.61,35.82,36.02,50.95,-0.32,36.64,-0.42,0.18,-25.26,1.92,-0.27,48.23,29.75,63.0,35.0,48.12,50.0,2.5,buy,Failed
CX231020P00006000,2023-10-20,CX,6.16,0.1,0.05,0.1,6.0,0.84,2.6,1.0,537.0,0.47,0.05,6.16,0.84,2.6,0.47,7.22,7.11,6.25,38.1,-0.31,5.98,-0.32,0.96,-4.0,0.28,-0.03,8.37,3.2,12.0,5.7,8.71,8.9,2.3,buy,Success
DB231020P00010000,2023-10-20,DB,10.42,0.1,0.05,0.1,10.0,0.5,4.03,2.0,4385.0,0.43,0.05,10.42,0.5,4.03,0.43,10.73,10.68,11.08,44.0,-0.04,10.7,-0.22,0.52,-5.05,0.39,-0.04,13.49,8.32,12.13,12.13,12.13,12.13,4.0,underperform,Success
DBI231020P00011000,2023-10-20,DBI,11.74,0.1,0.05,0.15,11.0,0.46,6.3,5.0,1347.0,0.53,0.05,11.74,0.46,6.3,0.53,11.34,10.2,9.66,45.69,0.2,10.2,-0.16,0.31,-5.83,0.36,-0.03,16.0,6.27,14.0,11.0,12.67,13.0,3.0,hold,Success
DISH231020P00004500,2023-10-20,DISH,5.03,0.05,0.04,0.05,4.5,0.9,10.54,191.0,1050.0,0.76,0.04,5.03,0.9,10.54,0.76,6.3,6.6,8.72,25.74,-0.37,8.68,-0.12,0.4,-2.89,0.13,-0.01,17.0,4.97,32.0,5.0,11.9,10.0,2.7,hold,Success
DISH231020P00005000,2023-10-20,DISH,5.03,0.18,0.16,0.19,5.0,3.31,0.6,288.0,1065.0,0.64,0.16,5.03,3.31,0.6,0.64,6.3,6.6,8.72,25.74,-0.37,8.68,-0.45,0.96,-4.96,0.26,-0.04,17.0,4.97,32.0,5.0,11.9,10.0,2.7,hold,Success
DRRX231020P00002500,2023-10-20,DRRX,2.53,0.4,0.1,0.35,2.5,4.17,1.19,3.0,545.0,1.62,0.1,2.53,4.17,1.19,1.62,2.87,3.9,4.5,42.31,-0.14,4.1,-0.44,0.75,-6.27,0.13,-0.02,8.72,2.25,41.0,12.0,29.8,32.0,1.8,buy,Success
EBS231020P00002500,2023-10-20,EBS,2.52,0.1,0.05,0.1,2.5,2.04,0.79,8.0,17.0,0.57,0.05,2.52,2.04,0.79,0.57,4.26,6.05,8.69,31.43,-0.45,8.68,-0.44,2.14,-2.2,0.13,-0.02,21.45,2.52,7.0,5.0,6.0,6.0,2.7,hold,Failed
EDIT231020P00007000,2023-10-20,EDIT,7.05,0.15,0.15,0.3,7.0,2.19,0.71,2.0,64.0,0.6,0.15,7.05,2.19,0.71,0.6,8.22,8.59,8.64,49.2,-0.37,9.11,-0.45,0.73,-6.51,0.36,-0.05,13.21,6.36,30.0,7.0,13.63,13.0,2.6,hold,Failed
EPIX231020P00002500,2023-10-20,EPIX,2.74,0.12,0.1,0.3,2.5,4.17,8.76,1.0,313.0,1.98,0.1,2.74,4.17,8.76,1.98,2.88,2.92,2.91,46.03,-0.01,3.92,-0.31,0.51,-7.5,0.12,-0.02,4.82,1.72,27.0,15.0,19.4,17.0,1.3,strong_buy,Success
ET231020P00012000,2023-10-20,ET,13.83,0.01,0.01,0.03,12.0,0.08,13.23,1.0,14586.0,0.56,0.01,13.83,0.08,13.23,0.56,13.44,13.15,12.88,44.37,0.06,12.7,-0.02,0.05,-1.61,0.09,-0.01,14.03,11.42,22.0,14.0,17.13,17.0,1.6,buy,Success
ET231020P00013000,2023-10-20,ET,13.83,0.02,0.01,0.03,13.0,0.08,6.0,34.0,14912.0,0.32,0.01,13.83,0.08,6.0,0.32,13.44,13.15,12.88,44.37,0.06,12.7,-0.07,0.22,-2.21,0.23,-0.02,14.03,11.42,22.0,14.0,17.13,17.0,1.6,buy,Success
ET231020P00013500,2023-10-20,ET,13.83,0.05,0.05,0.06,13.5,0.37,2.39,366.0,3771.0,0.22,0.05,13.83,0.37,2.39,0.22,13.44,13.15,12.88,44.37,0.06,12.7,-0.19,0.69,-3.27,0.49,-0.04,14.03,11.42,22.0,14.0,17.13,17.0,1.6,buy,Success
EVA231020P00005000,2023-10-20,EVA,5.13,0.25,0.2,0.25,5.0,4.17,2.53,15.0,1422.0,0.95,0.2,5.13,4.17,2.53,0.95,8.49,9.96,21.52,33.99,-0.87,20.06,-0.39,0.61,-7.31,0.25,-0.04,61.16,4.74,20.0,5.0,12.83,12.0,2.5,buy,Failed
EVEX231020P00007500,2023-10-20,EVEX,7.99,0.14,0.1,0.2,7.5,1.35,6.13,4.0,1094.0,0.74,0.1,7.99,1.35,6.13,0.74,8.13,8.75,7.87,51.05,-0.07,8.7,-0.24,0.41,-7.13,0.32,-0.03,11.06,5.46,14.5,7.0,10.3,10.0,2.2,buy,Success
EXAI231020P00005000,2023-10-20,EXAI,5.83,0.15,0.1,0.15,5.0,2.04,14.24,70.0,450.0,1.3,0.1,5.83,2.04,14.24,1.3,5.69,6.49,6.35,64.34,-0.12,6.33,-0.16,0.25,-7.07,0.18,-0.02,10.93,4.1,12.0,7.0,10.0,10.5,2.0,buy,Success
EXPR231020P00001500,2023-10-20,EXPR,8.4,0.85,0.7,0.95,1.5,87.5,82.14,1.0,0.0,16.58,0.7,8.4,87.5,82.14,16.58,10.42,11.87,15.3,48.81,-0.53,20.99,-0.03,0.0,-37.46,0.07,-0.01,35.4,7.87,40.0,20.0,30.0,30.0,2.0,buy,Success
F231020P00010500,2023-10-20,F,11.81,0.01,0.01,0.02,10.5,0.1,11.09,194.0,456.0,0.5,0.01,11.81,0.1,11.09,0.5,12.22,13.01,12.67,28.73,-0.11,12.72,-0.03,0.09,-1.6,0.11,-0.01,15.35,10.95,23.0,11.0,14.51,13.5,2.6,hold,Success
F231020P00011000,2023-10-20,F,11.81,0.04,0.03,0.04,11.0,0.27,6.86,477.0,28494.0,0.41,0.03,11.81,0.27,6.86,0.41,12.22,13.01,12.67,28.73,-0.11,12.72,-0.08,0.25,-2.82,0.23,-0.02,15.35,10.95,23.0,11.0,14.51,13.5,2.6,hold,Success
F231020P00011500,2023-10-20,F,11.81,0.11,0.1,0.11,11.5,0.88,2.62,2034.0,4333.0,0.34,0.1,11.81,0.88,2.62,0.34,12.22,13.01,12.67,28.73,-0.11,12.72,-0.26,0.63,-5.07,0.49,-0.05,15.35,10.95,23.0,11.0,14.51,13.5,2.6,hold,Success
FBIO231020P00002500,2023-10-20,FBIO,2.9,2.1,1.85,4.7,2.5,284.62,13.79,10.0,20.0,0.0,1.85,2.9,284.62,13.79,0.0,5.68,7.09,9.27,28.81,-0.57,9.32,0.0,,0.0,0.0,-0.0,16.5,2.9,75.0,12.0,45.0,48.0,2.0,buy,Success
FCEL231020P00001000,2023-10-20,FCEL,1.29,0.01,0.01,0.02,1.0,1.01,22.48,25.0,1819.0,1.5,0.01,1.29,1.01,22.48,1.5,1.43,1.84,2.37,54.69,-0.04,2.53,-0.08,0.59,-1.1,0.02,-0.0,4.25,1.16,2.75,1.0,1.96,2.0,3.2,hold,Success
FFWM231020P00005000,2023-10-20,FFWM,5.71,0.1,0.05,0.1,5.0,1.01,12.43,75.0,553.0,0.98,0.05,5.71,1.01,12.43,0.98,7.06,5.97,8.32,29.12,-0.38,7.93,-0.13,0.3,-4.6,0.16,-0.01,18.86,3.79,12.0,7.0,8.8,8.0,2.0,buy,Success
FNGR231020P00004500,2023-10-20,FNGR,6.63,0.05,0.05,0.1,4.5,1.12,32.13,30.0,3746.0,2.02,0.05,6.63,1.12,32.13,2.02,5.55,4.5,3.39,59.95,0.22,4.93,-0.05,0.06,-5.58,0.09,-0.01,7.83,1.06,5.0,5.0,5.0,5.0,2.0,buy,Success
FNGR231020P00005000,2023-10-20,FNGR,6.63,0.15,0.05,0.2,5.0,1.01,24.59,125.0,1297.0,1.86,0.05,6.63,1.01,24.59,1.86,5.55,4.5,3.39,59.95,0.22,4.93,-0.1,0.11,-8.19,0.15,-0.01,7.83,1.06,5.0,5.0,5.0,5.0,2.0,buy,Success
FNGR231020P00005500,2023-10-20,FNGR,6.63,0.31,0.25,0.35,5.5,4.76,17.04,84.0,609.0,2.05,0.25,6.63,4.76,17.04,2.05,5.55,4.5,3.39,59.95,0.22,4.93,-0.2,0.16,-14.86,0.24,-0.03,7.83,1.06,5.0,5.0,5.0,5.0,2.0,buy,Success
FNGR231020P00006000,2023-10-20,FNGR,6.63,0.46,0.4,0.55,6.0,7.14,9.5,103.0,883.0,2.02,0.4,6.63,7.14,9.5,2.02,5.55,4.5,3.39,59.95,0.22,4.93,-0.3,0.2,-18.17,0.3,-0.04,7.83,1.06,5.0,5.0,5.0,5.0,2.0,buy,Failed
FNKO231020P00007500,2023-10-20,FNKO,7.53,0.3,0.25,0.35,7.5,3.45,0.4,7.0,259.0,0.71,0.25,7.53,3.45,0.4,0.71,6.86,8.67,9.49,44.83,0.03,9.5,-0.46,0.58,-8.26,0.38,-0.06,22.36,5.32,9.5,5.5,7.75,8.0,3.0,hold,Failed
FSR231020P00005000,2023-10-20,FSR,6.21,0.04,0.01,0.04,5.0,0.2,19.48,175.0,5654.0,0.98,0.01,6.21,0.2,19.48,0.98,6.04,6.05,6.26,63.8,0.02,6.43,-0.04,0.1,-1.94,0.06,-0.0,8.59,4.45,19.0,4.0,8.86,8.0,3.0,hold,Success
FSR231020P00005500,2023-10-20,FSR,6.21,0.05,0.05,0.06,5.5,0.92,11.43,145.0,4065.0,0.8,0.05,6.21,0.92,11.43,0.8,6.04,6.05,6.26,63.8,0.02,6.43,-0.11,0.29,-3.56,0.15,-0.01,8.59,4.45,19.0,4.0,8.86,8.0,3.0,hold,Success
FSR231020P00006000,2023-10-20,FSR,6.21,0.16,0.15,0.16,6.0,2.56,3.38,385.0,2690.0,0.68,0.15,6.21,2.56,3.38,0.68,6.04,6.05,6.26,63.8,0.02,6.43,-0.33,0.67,-5.94,0.29,-0.04,8.59,4.45,19.0,4.0,8.86,8.0,3.0,hold,Success
FTCH231020P00001500,2023-10-20,FTCH,1.63,0.03,0.02,0.05,1.5,1.35,7.98,41.0,27.0,0.91,0.02,1.63,1.35,7.98,0.91,2.86,4.23,4.62,35.42,-0.31,4.91,-0.22,1.56,-1.7,0.06,-0.01,10.26,1.63,13.0,2.2,5.97,5.4,2.6,hold,Success
FUBO231020P00002000,2023-10-20,FUBO,2.34,0.03,0.01,0.03,2.0,0.5,14.53,650.0,3053.0,0.94,0.01,2.34,0.5,14.53,0.94,2.48,2.38,2.05,48.7,-0.04,2.29,-0.09,0.56,-1.34,0.05,-0.0,4.12,1.04,5.0,3.0,3.6,3.0,2.8,hold,Success
GATO231020P00005000,2023-10-20,GATO,5.01,0.4,0.1,0.65,5.0,2.04,0.2,1.0,7.0,1.29,0.1,5.01,2.04,0.2,1.29,4.85,4.66,4.98,36.49,-0.06,4.91,-0.46,0.48,-9.98,0.26,-0.04,7.37,3.11,8.0,3.5,5.67,5.5,2.3,buy,Failed
GDRX231020P00005000,2023-10-20,GDRX,5.31,0.1,0.05,0.1,5.0,1.01,5.84,4.0,1032.0,0.63,0.05,5.31,1.01,5.84,0.63,6.28,6.21,5.83,43.94,-0.26,5.92,-0.21,0.68,-3.76,0.2,-0.02,9.24,4.06,12.0,7.0,8.73,8.0,2.4,buy,Success
GDS231020P00010000,2023-10-20,GDS,10.19,0.3,0.25,0.3,10.0,2.56,1.86,53.0,723.0,0.61,0.25,10.19,2.56,1.86,0.61,11.1,11.35,15.13,46.7,-0.16,15.09,-0.39,0.48,-9.21,0.5,-0.07,27.23,8.63,27.99,13.0,17.94,16.05,2.1,buy,Failed
GENI231020P00005000,2023-10-20,GENI,5.03,0.18,0.1,0.2,5.0,2.04,0.6,21.0,1322.0,0.55,0.1,5.03,2.04,0.6,0.55,5.94,6.25,5.4,43.01,-0.25,5.58,-0.45,1.11,-4.28,0.26,-0.04,7.96,3.14,15.0,7.0,9.59,9.0,1.8,buy,Success
GETY231020P00005000,2023-10-20,GETY,5.45,0.09,0.05,0.15,5.0,1.01,8.26,10.0,303.0,0.87,0.05,5.45,1.01,8.26,0.87,5.3,5.16,5.46,41.1,0.13,6.01,-0.2,0.47,-5.19,0.2,-0.02,7.3,3.56,8.5,5.0,6.81,6.5,2.2,buy,Success
GOTU231020P00002500,2023-10-20,GOTU,2.54,0.08,0.1,0.15,2.5,4.17,1.57,150.0,597.0,0.97,0.1,2.54,4.17,1.57,0.97,2.87,3.03,3.34,47.66,-0.06,3.09,-0.42,1.24,-3.75,0.13,-0.02,5.26,0.65,6.2,1.3,4.18,4.7,3.0,hold,Failed
GPRK231020P00010000,2023-10-20,GPRK,10.74,0.5,0.05,0.3,10.0,0.5,6.89,1.0,51.0,0.74,0.05,10.74,0.5,6.89,0.74,9.81,9.89,11.19,59.02,0.17,11.54,-0.21,0.28,-8.91,0.4,-0.04,16.04,9.19,26.0,12.0,16.86,15.5,2.4,buy,Success
GPS231020P00009000,2023-10-20,GPS,11.39,0.02,0.02,0.03,9.0,0.22,20.98,11.0,2122.0,0.94,0.02,11.39,0.22,20.98,0.94,10.61,9.88,10.46,65.92,0.16,10.74,-0.02,0.04,-2.15,0.08,-0.0,15.26,7.42,18.0,6.0,10.83,10.5,3.1,hold,Success
GPS231020P00009500,2023-10-20,GPS,11.39,0.02,0.02,0.03,9.5,0.21,16.59,1994.0,9512.0,0.75,0.02,11.39,0.21,16.59,0.75,10.61,9.88,10.46,65.92,0.16,10.74,-0.03,0.06,-2.03,0.09,-0.01,15.26,7.42,18.0,6.0,10.83,10.5,3.1,hold,Success
GPS231020P00010000,2023-10-20,GPS,11.39,0.05,0.03,0.05,10.0,0.3,12.2,2.0,516.0,0.64,0.03,11.39,0.3,12.2,0.64,10.61,9.88,10.46,65.92,0.16,10.74,-0.05,0.11,-3.01,0.15,-0.01,15.26,7.42,18.0,6.0,10.83,10.5,3.1,hold,Success
GPS231020P00010500,2023-10-20,GPS,11.39,0.07,0.06,0.09,10.5,0.57,7.81,13.0,13985.0,0.55,0.06,11.39,0.57,7.81,0.55,10.61,9.88,10.46,65.92,0.16,10.74,-0.12,0.24,-4.8,0.29,-0.02,15.26,7.42,18.0,6.0,10.83,10.5,3.1,hold,Success
GPS231020P00011000,2023-10-20,GPS,11.39,0.17,0.16,0.19,11.0,1.48,3.42,106.0,398.0,0.51,0.16,11.39,1.48,3.42,0.51,10.61,9.88,10.46,65.92,0.16,10.74,-0.28,0.46,-7.58,0.49,-0.06,15.26,7.42,18.0,6.0,10.83,10.5,3.1,hold,Success
GRFS231020P00007500,2023-10-20,GRFS,8.8,0.06,0.05,0.1,7.5,0.67,14.77,2.0,537.0,0.96,0.05,8.8,0.67,14.77,0.96,9.5,9.42,8.88,40.1,-0.24,8.3,-0.09,0.15,-5.21,0.18,-0.01,10.91,6.0,15.01,15.01,15.01,15.01,2.1,buy,Success
GRWG231020P00002500,2023-10-20,GRWG,2.56,0.1,0.05,0.1,2.5,2.04,2.34,11.0,123.0,0.69,0.05,2.56,2.04,2.34,0.69,3.0,3.31,3.65,25.61,-0.14,4.43,-0.38,1.68,-2.6,0.12,-0.02,8.08,2.56,8.0,3.5,4.96,4.75,2.1,buy,Failed
HE231020P00010000,2023-10-20,HE,12.3,0.09,0.05,0.1,10.0,0.5,18.7,14.0,5073.0,1.05,0.05,12.3,0.5,18.7,1.05,15.6,26.45,33.13,46.97,-1.02,17.29,-0.05,0.07,-5.61,0.18,-0.01,43.45,9.66,11.0,8.0,9.17,8.5,3.3,hold,Success
HE231020P00010500,2023-10-20,HE,12.3,0.06,0.05,0.1,10.5,0.48,14.63,1.0,228.0,0.86,0.05,12.3,0.48,14.63,0.86,15.6,26.45,33.13,46.97,-1.02,17.29,-0.07,0.1,-5.39,0.21,-0.01,43.45,9.66,11.0,8.0,9.17,8.5,3.3,hold,Success
HE231020P00011000,2023-10-20,HE,12.3,0.12,0.05,0.15,11.0,0.46,10.57,12.0,742.0,0.73,0.05,12.3,0.46,10.57,0.73,15.6,26.45,33.13,46.97,-1.02,17.29,-0.11,0.16,-6.54,0.29,-0.02,43.45,9.66,11.0,8.0,9.17,8.5,3.3,hold,Success
HE231020P00011500,2023-10-20,HE,12.3,0.13,0.1,0.15,11.5,0.88,6.5,33.0,695.0,0.58,0.1,12.3,0.88,6.5,0.58,15.6,26.45,33.13,46.97,-1.02,17.29,-0.17,0.28,-7.05,0.4,-0.04,43.45,9.66,11.0,8.0,9.17,8.5,3.3,hold,Success
HE231020P00012000,2023-10-20,HE,12.3,0.29,0.25,0.3,12.0,2.13,2.44,212.0,819.0,0.57,0.25,12.3,2.13,2.44,0.57,15.6,26.45,33.13,46.97,-1.02,17.29,-0.35,0.41,-10.08,0.59,-0.08,43.45,9.66,11.0,8.0,9.17,8.5,3.3,hold,Success
HIMS231020P00006000,2023-10-20,HIMS,6.25,0.15,0.05,0.1,6.0,0.84,4.0,65.0,1422.0,0.55,0.05,6.25,0.84,4.0,0.55,6.66,7.7,8.54,55.93,-0.11,8.53,-0.27,0.74,-4.46,0.27,-0.03,12.04,4.09,18.0,8.0,12.3,11.5,2.0,buy,Failed
HL231020P00003500,2023-10-20,HL,4.14,0.02,0.01,0.03,3.5,0.29,15.46,48.0,74.0,0.84,0.01,4.14,0.29,15.46,0.84,4.2,4.81,5.33,53.76,-0.11,5.32,-0.05,0.24,-1.49,0.06,-0.0,6.93,3.61,9.0,4.0,6.2,6.0,2.3,buy,Success
HL231020P00004000,2023-10-20,HL,4.14,0.07,0.06,0.07,4.0,1.52,3.38,3586.0,1652.0,0.51,0.06,4.14,1.52,3.38,0.51,4.2,4.81,5.33,53.76,-0.11,5.32,-0.29,1.26,-2.78,0.18,-0.02,6.93,3.61,9.0,4.0,6.2,6.0,2.3,buy,Failed
HLGN231020P00002500,2023-10-20,HLGN,2.57,2.3,2.05,2.5,2.5,455.56,2.72,10.0,61.0,23.0,2.05,2.57,455.56,2.72,23.0,2.47,1.36,0.87,32.64,-0.08,0.45,-0.07,0.02,-30.56,0.04,-0.04,8.47,0.18,22.75,8.75,15.75,15.75,2.7,hold,Success
HOOD231020P00008500,2023-10-20,HOOD,9.14,0.05,0.04,0.05,8.5,0.47,7.0,828.0,118.0,0.48,0.04,9.14,0.47,7.0,0.48,10.33,10.5,9.94,37.95,-0.28,10.09,-0.11,0.34,-3.27,0.22,-0.02,13.12,7.7,24.0,9.0,12.38,11.25,3.0,hold,Success
HOOD231020P00009000,2023-10-20,HOOD,9.14,0.16,0.16,0.17,9.0,1.81,1.53,197.0,3614.0,0.44,0.16,9.14,1.81,1.53,0.44,10.33,10.5,9.94,37.95,-0.28,10.09,-0.38,0.74,-5.9,0.45,-0.06,13.12,7.7,24.0,9.0,12.38,11.25,3.0,hold,Success
HRTG231020P00005000,2023-10-20,HRTG,5.45,0.06,0.05,0.15,5.0,1.01,8.26,10.0,49.0,0.87,0.05,5.45,1.01,8.26,0.87,5.33,4.86,3.91,52.94,0.13,3.77,-0.2,0.47,-5.19,0.2,-0.02,6.49,1.32,7.0,5.7,6.23,6.0,2.3,buy,Success
IHRT231020P00002500,2023-10-20,IHRT,2.63,0.14,0.05,0.1,2.5,2.04,4.94,1.0,1560.0,0.86,0.05,2.63,2.04,4.94,0.86,3.35,3.53,4.42,23.58,-0.23,4.67,-0.3,1.2,-3.07,0.12,-0.01,8.88,2.26,12.0,2.9,6.0,4.55,3.0,hold,Success
IHS231020P00005000,2023-10-20,IHS,5.02,0.13,0.15,0.3,5.0,3.09,0.4,5.0,48.0,0.8,0.15,5.02,3.09,0.4,0.8,6.28,7.53,7.74,47.85,-0.21,7.19,-0.46,0.77,-6.17,0.26,-0.04,9.94,4.56,23.0,8.0,12.64,11.0,1.9,buy,Success
ILPT231020P00002500,2023-10-20,ILPT,2.51,0.04,0.1,0.15,2.5,4.17,0.4,27.0,772.0,0.88,0.1,2.51,4.17,0.4,0.88,3.5,3.28,3.27,24.77,-0.28,3.31,-0.46,1.41,-3.39,0.13,-0.02,5.26,1.69,10.0,5.0,7.5,7.5,2.7,hold,Failed
IQ231020P00004500,2023-10-20,IQ,4.8,0.05,0.03,0.05,4.5,0.67,6.25,13.0,4768.0,0.52,0.03,4.8,0.67,6.25,0.52,4.99,5.07,5.82,50.35,-0.03,5.22,-0.16,0.75,-2.3,0.15,-0.01,7.73,2.01,12.0,5.12,7.32,7.0,1.9,buy,Success
IVR231020P00006000,2023-10-20,IVR,8.29,0.17,0.04,0.17,6.0,0.67,27.62,56.0,61.0,1.81,0.04,8.29,0.67,27.62,1.81,10.38,10.82,11.43,16.85,-0.6,11.47,-0.07,0.07,-7.49,0.14,-0.01,15.39,8.29,11.0,11.0,11.0,11.0,3.3,hold,Success
IVR231020P00008000,2023-10-20,IVR,8.29,0.08,0.06,0.11,8.0,0.76,3.5,11.0,38.0,0.47,0.06,8.29,0.76,3.5,0.47,10.38,10.82,11.43,16.85,-0.6,11.47,-0.27,0.66,-4.95,0.35,-0.04,15.39,8.29,11.0,11.0,11.0,11.0,3.3,hold,Success
JBLU231020P00004000,2023-10-20,JBLU,4.48,0.07,0.02,0.07,4.0,0.5,10.71,171.0,841.0,0.8,0.02,4.48,0.5,10.71,0.8,5.43,6.67,7.1,51.18,-0.25,7.01,-0.12,0.44,-2.82,0.12,-0.01,9.33,4.39,7.0,4.0,5.36,5.0,3.2,hold,Success
KEY231020P00009500,2023-10-20,KEY,10.46,0.07,0.05,0.15,9.5,0.53,9.18,282.0,1161.0,0.7,0.05,10.46,0.53,9.18,0.7,10.96,10.7,12.74,46.22,-0.18,12.85,-0.13,0.23,-6.13,0.29,-0.02,20.05,8.93,16.0,10.0,12.68,12.5,2.4,buy,Success
KEY231020P00010000,2023-10-20,KEY,10.46,0.15,0.15,0.2,10.0,1.52,4.4,229.0,2610.0,0.59,0.15,10.46,1.52,4.4,0.59,10.96,10.7,12.74,46.22,-0.18,12.85,-0.26,0.41,-7.89,0.44,-0.05,20.05,8.93,16.0,10.0,12.68,12.5,2.4,buy,Success
KGC231020P00005000,2023-10-20,KGC,5.12,0.07,0.07,0.08,5.0,1.42,2.34,53.0,5146.0,0.44,0.07,5.12,1.42,2.34,0.44,4.86,4.84,4.7,57.42,-0.01,4.48,-0.32,1.25,-3.13,0.24,-0.03,5.55,3.34,7.17,4.5,6.14,6.5,2.4,buy,Success
LAZR231020P00004000,2023-10-20,LAZR,4.12,0.1,0.1,0.12,4.0,2.56,2.91,368.0,513.0,0.68,0.1,4.12,2.56,2.91,0.68,5.25,6.09,6.33,45.24,-0.32,6.83,-0.35,1.03,-4.03,0.2,-0.03,9.89,3.95,18.0,3.5,10.54,10.0,2.2,buy,Failed
LCID231020P00004000,2023-10-20,LCID,5.16,0.02,0.02,0.03,4.0,0.5,22.48,25.0,1182.0,1.17,0.02,5.16,0.5,22.48,1.17,5.9,6.4,7.37,50.67,-0.21,7.96,-0.04,0.11,-1.96,0.06,-0.0,14.29,5.03,10.0,5.0,7.35,7.0,2.8,hold,Success
LCID231020P00004500,2023-10-20,LCID,5.16,0.06,0.04,0.06,4.5,0.9,12.79,1625.0,4117.0,0.89,0.04,5.16,0.9,12.79,0.89,5.9,6.4,7.37,50.67,-0.21,7.96,-0.1,0.31,-3.24,0.12,-0.01,14.29,5.03,10.0,5.0,7.35,7.0,2.8,hold,Success
LCID231020P00005000,2023-10-20,LCID,5.16,0.17,0.16,0.18,5.0,3.31,3.1,14029.0,6957.0,0.8,0.16,5.16,3.31,3.1,0.8,5.9,6.4,7.37,50.67,-0.21,7.96,-0.36,0.7,-6.04,0.25,-0.03,14.29,5.03,10.0,5.0,7.35,7.0,2.8,hold,Success
LESL231020P00005000,2023-10-20,LESL,5.11,0.05,0.05,0.15,5.0,1.01,2.15,1.0,151.0,0.5,0.05,5.11,1.01,2.15,0.5,5.93,7.31,9.73,47.64,-0.19,9.87,-0.35,1.14,-3.69,0.24,-0.03,16.72,4.89,12.0,6.0,7.75,7.25,2.6,hold,Success
LVWR231020P00007500,2023-10-20,LVWR,7.72,0.3,0.25,0.6,7.5,3.45,2.85,21.0,1098.0,1.18,0.25,7.72,3.45,2.85,1.18,9.76,10.19,8.4,55.63,-0.45,9.19,-0.39,0.33,-13.59,0.38,-0.06,12.29,4.2,9.0,9.0,9.0,9.0,3.0,hold,Success
MBI231020P00006000,2023-10-20,MBI,6.2,0.1,0.05,0.2,6.0,0.84,3.23,10.0,20.0,0.59,0.05,6.2,0.84,3.23,0.59,7.83,8.17,9.64,12.37,-0.43,9.94,-0.32,0.76,-5.03,0.28,-0.03,13.79,6.2,13.0,10.0,11.67,12.0,2.2,buy,Failed
MGNX231020P00005000,2023-10-20,MGNX,5.07,0.5,0.05,0.25,5.0,1.01,1.38,1.0,142.0,0.62,0.05,5.07,1.01,1.38,0.62,4.96,5.07,5.68,66.67,0.02,5.7,-0.41,0.97,-4.73,0.25,-0.04,7.54,3.52,17.0,7.0,12.38,12.0,2.0,buy,Failed
MLCO231020P00008500,2023-10-20,MLCO,8.79,0.16,0.15,0.2,8.5,1.8,3.3,4.0,12.0,0.58,0.15,8.79,1.8,3.3,0.58,10.47,11.45,12.1,39.54,-0.43,10.98,-0.31,0.54,-7.03,0.4,-0.05,14.39,4.87,20.0,9.7,16.38,17.3,1.7,buy,Failed
MNTK231020P00005000,2023-10-20,MNTK,10.12,0.5,0.05,0.7,5.0,1.01,50.59,,37.0,4.65,0.05,10.12,1.01,50.59,4.65,9.43,8.54,8.75,64.58,0.1,10.08,-0.07,0.02,-24.42,0.17,-0.02,17.99,6.06,9.5,6.5,8.4,9.0,3.0,hold,Success
MNTK231020P00010000,2023-10-20,MNTK,10.12,2.3,2.7,3.4,10.0,36.99,1.19,1.0,1.0,5.37,2.7,10.12,36.99,1.19,5.37,9.43,8.54,8.75,64.58,0.1,10.08,-0.36,0.05,-79.14,0.48,-0.1,17.99,6.06,9.5,6.5,8.4,9.0,3.0,hold,Failed
MPAA231020P00007500,2023-10-20,MPAA,7.55,0.15,0.15,0.3,7.5,2.04,0.66,4.0,49.0,0.56,0.15,7.55,2.04,0.66,0.56,7.97,7.69,8.63,50.0,-0.03,8.14,-0.45,0.73,-6.52,0.38,-0.06,19.84,4.4,12.0,12.0,12.0,12.0,2.0,buy,Success
MPW231020P00004000,2023-10-20,MPW,4.96,0.04,0.04,0.06,4.0,1.01,19.35,408.0,8035.0,1.25,0.04,4.96,1.01,19.35,1.25,6.57,7.94,9.0,43.98,-0.41,9.49,-0.08,0.18,-3.5,0.09,-0.01,13.78,4.95,15.0,6.0,9.11,9.0,2.7,hold,Success
MPW231020P00004500,2023-10-20,MPW,4.96,0.12,0.12,0.13,4.5,2.74,9.27,1394.0,20554.0,1.08,0.12,4.96,2.74,9.27,1.08,6.57,7.94,9.0,43.98,-0.41,9.49,-0.22,0.43,-6.15,0.19,-0.02,13.78,4.95,15.0,6.0,9.11,9.0,2.7,hold,Failed
MRAM231020P00010000,2023-10-20,MRAM,10.12,0.1,0.15,0.25,10.0,1.52,1.19,5.0,13.0,0.52,0.15,10.12,1.52,1.19,0.52,9.85,9.41,8.04,58.7,0.17,7.57,-0.41,0.58,-7.89,0.51,-0.07,10.45,5.05,12.0,12.0,12.0,12.0,2.0,buy,Failed
MRVI231020P00007500,2023-10-20,MRVI,7.77,0.6,0.05,0.7,7.5,0.67,3.47,115.0,222.0,1.11,0.05,7.77,0.67,3.47,1.11,10.05,11.4,12.76,30.53,-0.55,13.0,-0.37,0.34,-12.66,0.38,-0.05,19.65,7.77,17.0,8.0,13.0,12.0,2.0,buy,Success
MTLS231020P00005000,2023-10-20,MTLS,5.03,0.1,0.05,0.15,5.0,1.01,0.6,141.0,34.0,0.55,0.05,5.03,1.01,0.6,0.55,6.22,7.47,8.12,35.29,-0.31,8.66,-0.45,1.11,-4.28,0.26,-0.04,11.25,5.03,16.01,11.01,12.5,11.51,1.7,buy,Success
MVIS231020P00002000,2023-10-20,MVIS,2.07,0.07,0.06,0.09,2.0,3.09,3.38,221.0,611.0,0.89,0.06,2.07,3.09,3.38,0.89,2.44,3.46,2.97,42.86,-0.1,3.82,-0.36,1.58,-2.68,0.1,-0.01,7.65,1.82,4.0,4.0,4.0,4.0,3.0,hold,Success
MX231020P00007500,2023-10-20,MX,7.52,0.1,0.05,0.25,7.5,0.67,0.27,20.0,52.0,0.59,0.05,7.52,0.67,0.27,0.59,8.21,9.22,9.39,44.61,-0.08,9.51,-0.47,0.7,-6.8,0.38,-0.06,11.27,7.52,15.0,13.0,14.0,14.0,2.3,buy,Failed
NINE231020P00004000,2023-10-20,NINE,4.05,0.21,0.1,0.25,4.0,2.56,1.23,21.0,115.0,0.84,0.1,4.05,2.56,1.23,0.84,4.28,4.12,6.21,46.38,-0.09,7.74,-0.43,0.91,-5.17,0.2,-0.03,16.35,2.97,7.0,3.5,5.25,5.25,3.0,hold,Failed
NKLA231020P00001000,2023-10-20,NKLA,1.29,0.01,0.01,0.02,1.0,1.01,22.48,413.0,34526.0,1.5,0.01,1.29,1.01,22.48,1.5,1.46,1.48,1.61,44.39,-0.02,1.68,-0.08,0.59,-1.1,0.02,-0.0,3.79,0.54,5.0,1.0,2.42,2.25,2.9,hold,Success
NLTX231020P00002500,2023-10-20,NLTX,3.61,1.6,1.55,2.1,2.5,163.16,30.75,,3.0,16.34,1.55,3.61,163.16,30.75,16.34,3.7,3.8,3.58,45.21,0.04,3.26,-0.11,0.02,-43.42,0.09,-0.03,4.62,2.01,1.5,1.5,1.5,1.5,3.0,hold,Success
NNOX231020P00006000,2023-10-20,NNOX,6.44,0.2,0.1,0.2,6.0,1.69,6.83,1.0,91.0,0.88,0.1,6.44,1.69,6.83,0.88,7.86,12.02,10.35,51.14,-0.4,12.59,-0.25,0.43,-6.99,0.26,-0.03,21.51,5.43,34.0,14.5,26.17,30.0,1.7,buy,Success
NOK231020P00003000,2023-10-20,NOK,3.51,0.02,0.01,0.02,3.0,0.33,14.53,11.0,8311.0,0.78,0.01,3.51,0.33,14.53,0.78,3.84,3.94,4.26,19.23,-0.1,4.35,-0.05,0.31,-1.15,0.05,-0.0,5.05,3.51,7.24,4.39,5.99,6.0,2.3,buy,Success
NOK231020P00003500,2023-10-20,NOK,3.51,0.11,0.11,0.13,3.5,3.24,0.28,57.0,7945.0,0.6,0.11,3.51,3.24,0.28,0.6,3.84,3.94,4.26,19.23,-0.1,4.35,-0.47,1.47,-3.26,0.18,-0.03,5.05,3.51,7.24,4.39,5.99,6.0,2.3,buy,Failed
NU231020P00007000,2023-10-20,NU,7.76,0.03,0.02,0.03,7.0,0.29,9.79,212.0,59302.0,0.53,0.02,7.76,0.29,9.79,0.53,7.3,7.42,6.07,67.98,0.13,5.73,-0.06,0.23,-1.93,0.12,-0.01,8.18,3.48,11.0,4.0,8.65,9.0,2.5,buy,Success
NU231020P00007500,2023-10-20,NU,7.76,0.08,0.07,0.09,7.5,0.94,3.35,537.0,776.0,0.43,0.07,7.76,0.94,3.35,0.43,7.3,7.42,6.07,67.98,0.13,5.73,-0.26,0.76,-4.18,0.32,-0.03,8.18,3.48,11.0,4.0,8.65,9.0,2.5,buy,Success
NVAX231020P00005000,2023-10-20,NVAX,7.05,0.03,0.01,0.47,5.0,0.2,29.08,88.0,4276.0,2.64,0.01,7.05,0.2,29.08,2.64,7.72,7.8,8.32,46.41,-0.14,9.85,-0.12,0.08,-14.35,0.18,-0.02,25.04,5.76,38.0,5.0,20.6,15.0,2.7,hold,Success
NVAX231020P00005500,2023-10-20,NVAX,7.05,0.03,0.01,0.04,5.5,0.18,21.99,10.0,735.0,1.08,0.01,7.05,0.18,21.99,1.08,7.72,7.8,8.32,46.41,-0.14,9.85,-0.03,0.07,-2.07,0.06,-0.0,25.04,5.76,38.0,5.0,20.6,15.0,2.7,hold,Success
NVAX231020P00006000,2023-10-20,NVAX,7.05,0.06,0.05,0.06,6.0,0.84,14.89,76.0,698.0,0.94,0.05,7.05,0.84,14.89,0.94,7.72,7.8,8.32,46.41,-0.14,9.85,-0.08,0.18,-3.84,0.13,-0.01,25.04,5.76,38.0,5.0,20.6,15.0,2.7,hold,Success
NVAX231020P00006500,2023-10-20,NVAX,7.05,0.14,0.12,0.14,6.5,1.88,7.8,876.0,2150.0,0.84,0.12,7.05,1.88,7.8,0.84,7.72,7.8,8.32,46.41,-0.14,9.85,-0.21,0.38,-6.62,0.26,-0.03,25.04,5.76,38.0,5.0,20.6,15.0,2.7,hold,Success
NVAX231020P00007000,2023-10-20,NVAX,7.05,0.34,0.3,0.35,7.0,4.48,0.71,814.0,7566.0,0.84,0.3,7.05,4.48,0.71,0.84,7.72,7.8,8.32,46.41,-0.14,9.85,-0.45,0.52,-9.15,0.36,-0.06,25.04,5.76,38.0,5.0,20.6,15.0,2.7,hold,Failed
OLMA231020P00012500,2023-10-20,OLMA,12.63,1.0,0.05,3.4,12.5,0.4,1.03,1.0,8.0,2.42,0.05,12.63,0.4,1.03,2.42,11.21,9.62,6.99,48.87,0.29,7.39,-0.42,0.1,-46.71,0.63,-0.11,12.98,2.27,28.0,16.0,22.0,21.5,1.6,buy,Failed
OMER231020P00002000,2023-10-20,OMER,2.27,0.25,0.1,0.25,2.0,5.26,11.89,2.0,1632.0,2.31,0.1,2.27,5.26,11.89,2.31,3.32,4.48,4.36,20.97,-0.25,4.27,-0.28,0.5,-6.91,0.1,-0.01,7.57,1.75,13.0,4.0,7.0,4.0,3.0,hold,Success
OPEN231020P00002000,2023-10-20,OPEN,2.41,0.02,0.02,0.03,2.0,1.01,17.01,594.0,1169.0,1.13,0.02,2.41,1.01,17.01,1.13,3.16,3.37,2.54,49.43,-0.22,2.37,-0.09,0.45,-1.66,0.05,-0.0,5.27,0.97,5.0,1.0,2.85,2.7,2.9,hold,Success
ORIC231020P00005000,2023-10-20,ORIC,5.57,0.4,0.05,1.85,5.0,1.01,10.23,188.0,222.0,3.95,0.05,5.57,1.01,10.23,3.95,7.82,7.41,6.35,25.99,-0.65,5.82,-0.32,0.13,-30.64,0.26,-0.04,9.28,2.44,27.0,13.0,15.86,14.0,1.2,strong_buy,Success
OTMO231020P00002500,2023-10-20,OTMO,3.92,2.15,2.0,2.35,2.5,400.0,36.22,30.0,30.0,21.94,2.0,3.92,400.0,36.22,21.94,3.77,2.06,1.27,38.86,0.11,0.46,-0.06,0.01,-39.21,0.06,-0.04,4.52,0.23,22.5,22.5,22.5,22.5,2.0,buy,Success
PACW231020P00006500,2023-10-20,PACW,7.58,0.07,0.05,0.1,6.5,0.78,14.25,14.0,72.0,0.98,0.05,7.58,0.78,14.25,0.98,7.96,8.12,12.74,44.15,-0.09,9.02,-0.1,0.18,-4.99,0.17,-0.01,29.58,3.17,16.0,8.0,10.75,9.75,2.6,hold,Success
PACW231020P00007000,2023-10-20,PACW,7.58,0.1,0.05,0.15,7.0,0.72,7.65,25.0,260.0,0.71,0.05,7.58,0.72,7.65,0.71,7.96,8.12,12.74,44.15,-0.09,9.02,-0.18,0.38,-5.47,0.25,-0.02,29.58,3.17,16.0,8.0,10.75,9.75,2.6,hold,Success
PACW231020P00007500,2023-10-20,PACW,7.58,0.25,0.15,0.25,7.5,2.04,1.06,62.0,826.0,0.54,0.15,7.58,2.04,1.06,0.54,7.96,8.12,12.74,44.15,-0.09,9.02,-0.42,0.75,-6.16,0.38,-0.06,29.58,3.17,16.0,8.0,10.75,9.75,2.6,hold,Success
PBR231020P00013500,2023-10-20,PBR,15.44,0.02,0.01,0.02,13.5,0.07,12.56,10.0,5769.0,0.5,0.01,15.44,0.07,12.56,0.5,14.46,14.0,12.51,55.13,0.1,12.25,-0.02,0.04,-1.24,0.08,-0.0,16.05,9.14,21.2,13.0,16.63,16.78,2.2,buy,Success
PBR231020P00014000,2023-10-20,PBR,15.44,0.02,0.02,0.03,14.0,0.14,9.33,496.0,22046.0,0.45,0.02,15.44,0.14,9.33,0.45,14.46,14.0,12.51,55.13,0.1,12.25,-0.04,0.1,-2.32,0.17,-0.01,16.05,9.14,21.2,13.0,16.63,16.78,2.2,buy,Success
PBR231020P00014500,2023-10-20,PBR,15.44,0.05,0.05,0.06,14.5,0.35,6.09,207.0,5517.0,0.39,0.05,15.44,0.35,6.09,0.39,14.46,14.0,12.51,55.13,0.1,12.25,-0.1,0.23,-4.0,0.34,-0.03,16.05,9.14,21.2,13.0,16.63,16.78,2.2,buy,Success
PBR231020P00015000,2023-10-20,PBR,15.44,0.13,0.13,0.15,15.0,0.87,2.85,6323.0,14888.0,0.36,0.13,15.44,0.87,2.85,0.36,14.46,14.0,12.51,55.13,0.1,12.25,-0.26,0.45,-6.93,0.64,-0.07,16.05,9.14,21.2,13.0,16.63,16.78,2.2,buy,Success
PDM231020P00005000,2023-10-20,PDM,5.09,0.05,0.05,0.1,5.0,1.01,1.77,1.0,26.0,0.47,0.05,5.09,1.01,1.77,0.47,6.24,6.68,7.47,29.56,-0.32,7.79,-0.37,1.24,-3.5,0.25,-0.03,11.02,5.09,13.0,8.5,10.75,10.75,2.0,buy,Success
PLTK231020P00005000,2023-10-20,PLTK,9.4,0.23,0.05,0.25,5.0,1.01,46.81,2.0,214.0,3.29,0.05,9.4,1.01,46.81,3.29,9.79,10.62,10.44,38.71,-0.15,10.22,-0.04,0.02,-11.18,0.11,-0.01,12.73,7.89,25.0,11.0,13.43,12.0,2.4,buy,Success
PLUG231020P00005500,2023-10-20,PLUG,7.34,0.01,0.01,0.02,5.5,0.18,25.07,46.0,787.0,1.09,0.01,7.34,0.18,25.07,1.09,8.24,9.39,10.86,48.08,-0.36,11.51,-0.02,0.04,-1.29,0.04,-0.0,19.11,6.4,78.0,7.5,17.34,14.0,2.1,buy,Success
PLUG231020P00006000,2023-10-20,PLUG,7.34,0.02,0.02,0.03,6.0,0.33,18.26,79.0,1544.0,0.91,0.02,7.34,0.33,18.26,0.91,8.24,9.39,10.86,48.08,-0.36,11.51,-0.04,0.09,-2.07,0.08,-0.0,19.11,6.4,78.0,7.5,17.34,14.0,2.1,buy,Success
PLUG231020P00006500,2023-10-20,PLUG,7.34,0.06,0.06,0.07,6.5,0.93,11.44,1756.0,6475.0,0.8,0.06,7.34,0.93,11.44,0.8,8.24,9.39,10.86,48.08,-0.36,11.51,-0.11,0.25,-4.2,0.17,-0.01,19.11,6.4,78.0,7.5,17.34,14.0,2.1,buy,Success
PLUG231020P00007000,2023-10-20,PLUG,7.34,0.17,0.16,0.18,7.0,2.34,4.63,3209.0,2792.0,0.73,0.16,7.34,2.34,4.63,0.73,8.24,9.39,10.86,48.08,-0.36,11.51,-0.29,0.5,-7.18,0.32,-0.04,19.11,6.4,78.0,7.5,17.34,14.0,2.1,buy,Failed
PROF231020P00007500,2023-10-20,PROF,9.3,0.75,0.05,1.75,7.5,0.67,19.35,,15.0,3.36,0.05,9.3,0.67,19.35,3.36,9.26,11.05,11.34,40.42,0.03,9.19,-0.24,0.08,-37.66,0.37,-0.05,14.88,3.18,28.0,10.0,16.82,16.0,1.9,buy,Success
PSNY231020P00002500,2023-10-20,PSNY,2.83,0.03,0.02,0.05,2.5,0.81,11.66,173.0,2442.0,0.91,0.02,2.83,0.81,11.66,0.91,3.16,3.55,4.06,73.72,-0.07,4.3,-0.13,0.64,-2.11,0.08,-0.01,8.0,2.18,9.0,1.6,5.09,5.0,2.7,hold,Success
PTON231020P00004000,2023-10-20,PTON,4.85,0.02,0.01,0.03,4.0,0.25,17.53,1.0,2272.0,0.91,0.01,4.85,0.25,17.53,0.91,5.92,7.13,8.98,58.43,-0.19,9.31,-0.04,0.16,-1.56,0.06,-0.0,16.98,4.41,13.0,4.0,7.78,7.0,2.8,hold,Success
PTON231020P00004500,2023-10-20,PTON,4.85,0.07,0.07,0.08,4.5,1.58,7.22,504.0,2005.0,0.74,0.07,4.85,1.58,7.22,0.74,5.92,7.13,8.98,58.43,-0.19,9.31,-0.2,0.61,-3.94,0.17,-0.02,16.98,4.41,13.0,4.0,7.78,7.0,2.8,hold,Failed
PUMP231020P00010000,2023-10-20,PUMP,10.41,0.25,0.05,0.85,10.0,0.5,3.94,1.0,25.0,1.05,0.05,10.41,0.5,3.94,1.05,10.07,9.3,8.86,51.67,0.01,9.14,-0.36,0.27,-15.93,0.5,-0.07,12.1,6.41,16.0,11.0,13.11,13.0,2.4,buy,Success
QS231020P00005500,2023-10-20,QS,6.07,0.05,0.04,0.05,5.5,0.73,9.39,10.0,3051.0,0.66,0.04,6.07,0.73,9.39,0.66,6.87,7.64,7.64,44.33,-0.24,8.02,-0.11,0.37,-2.95,0.15,-0.01,13.31,5.18,10.0,2.0,6.78,8.0,3.3,hold,Success
QS231020P00006000,2023-10-20,QS,6.07,0.17,0.17,0.2,6.0,2.92,1.15,289.0,4184.0,0.61,0.17,6.07,2.92,1.15,0.61,6.87,7.64,7.64,44.33,-0.24,8.02,-0.43,0.82,-5.66,0.3,-0.04,13.31,5.18,10.0,2.0,6.78,8.0,3.3,hold,Failed
QUIK231020P00009000,2023-10-20,QUIK,9.1,0.16,0.15,0.65,9.0,1.69,1.1,8.0,11.0,0.84,0.15,9.1,1.69,1.1,0.84,8.41,8.17,6.92,62.42,0.3,7.48,-0.44,0.4,-11.7,0.46,-0.07,9.9,4.95,11.0,10.0,10.5,10.5,1.5,strong_buy,Failed
RAD231020P00000500,2023-10-20,RAD,0.65,0.06,0.05,0.1,0.5,11.11,23.08,357.0,11946.0,4.13,0.05,0.65,11.11,23.08,4.13,1.05,1.39,2.15,67.41,-0.06,2.24,-0.22,0.87,-3.12,0.02,-0.0,6.83,0.39,1.0,1.0,1.0,1.0,4.0,underperform,Failed
RDFN231020P00005500,2023-10-20,RDFN,5.89,0.1,0.1,0.15,5.5,1.85,6.62,3.0,274.0,0.83,0.1,5.89,1.85,6.62,0.83,8.43,10.46,9.18,22.82,-0.74,8.15,-0.24,0.5,-5.93,0.24,-0.02,17.01,3.27,11.5,4.25,8.85,10.0,3.1,hold,Success
RIG231020P00007000,2023-10-20,RIG,7.71,0.04,0.03,0.04,7.0,0.43,9.21,114.0,2579.0,0.55,0.03,7.71,0.43,9.21,0.55,8.1,7.6,6.93,33.82,-0.14,6.14,-0.08,0.27,-2.5,0.15,-0.01,8.8,2.91,12.0,6.0,8.77,8.0,2.6,hold,Success
RIG231020P00007500,2023-10-20,RIG,7.71,0.13,0.12,0.14,7.5,1.63,2.72,262.0,4247.0,0.51,0.12,7.71,1.63,2.72,0.51,8.1,7.6,6.93,33.82,-0.14,6.14,-0.32,0.71,-5.51,0.36,-0.04,8.8,2.91,12.0,6.0,8.77,8.0,2.6,hold,Success
RITM231020P00009000,2023-10-20,RITM,9.19,0.1,0.05,0.1,9.0,0.56,2.07,10.0,2391.0,0.33,0.05,9.19,0.56,2.07,0.33,9.79,9.53,9.01,35.9,-0.17,8.84,-0.3,0.89,-4.13,0.41,-0.05,10.4,7.37,13.0,10.5,11.72,12.0,1.8,buy,Success
RKT231020P00007000,2023-10-20,RKT,7.75,0.03,0.02,0.05,7.0,0.29,9.68,74.0,336.0,0.57,0.02,7.75,0.29,9.68,0.57,9.65,9.49,9.05,38.53,-0.49,8.6,-0.08,0.25,-2.46,0.14,-0.01,11.8,6.28,12.0,6.0,9.9,10.25,3.0,hold,Success
RKT231020P00007500,2023-10-20,RKT,7.75,0.12,0.09,0.13,7.5,1.21,3.23,744.0,748.0,0.52,0.09,7.75,1.21,3.23,0.52,9.65,9.49,9.05,38.53,-0.49,8.6,-0.3,0.67,-5.42,0.34,-0.04,11.8,6.28,12.0,6.0,9.9,10.25,3.0,hold,Success
ROIV231020P00010000,2023-10-20,ROIV,10.08,0.43,0.2,0.4,10.0,2.04,0.79,15.0,2198.0,0.57,0.2,10.08,2.04,0.79,0.57,11.15,10.74,9.52,49.22,-0.3,9.55,-0.44,0.54,-8.8,0.51,-0.08,13.19,4.27,23.0,12.0,16.13,15.5,1.8,buy,Failed
RUM231020P00005000,2023-10-20,RUM,5.04,0.2,0.15,0.25,5.0,3.09,0.79,321.0,583.0,0.74,0.15,5.04,3.09,0.79,0.74,6.58,7.83,8.41,59.66,-0.45,8.75,-0.45,0.82,-5.74,0.26,-0.04,13.55,4.7,10.0,10.0,10.0,10.0,2.5,buy,Failed
RVPH231020P00001500,2023-10-20,RVPH,4.51,0.05,0.05,0.1,1.5,3.45,66.74,22.0,94.0,5.38,0.05,4.51,3.45,66.74,5.38,4.65,5.1,5.09,44.68,0.03,4.9,-0.03,0.02,-5.72,0.03,-0.0,8.55,3.04,18.0,10.0,14.83,16.0,2.0,buy,Success
RVPH231020P00002000,2023-10-20,RVPH,4.51,0.1,0.1,0.15,2.0,5.26,55.65,103.0,1023.0,4.75,0.1,4.51,5.26,55.65,4.75,4.65,5.1,5.09,44.68,0.03,4.9,-0.05,0.04,-8.68,0.06,-0.0,8.55,3.04,18.0,10.0,14.83,16.0,2.0,buy,Success
RVPH231020P00002500,2023-10-20,RVPH,4.51,0.16,0.15,0.2,2.5,6.38,44.57,160.0,1395.0,4.11,0.15,4.51,6.38,44.57,4.11,4.65,5.1,5.09,44.68,0.03,4.9,-0.08,0.06,-11.07,0.09,-0.01,8.55,3.04,18.0,10.0,14.83,16.0,2.0,buy,Success
RVPH231020P00003000,2023-10-20,RVPH,4.51,0.25,0.25,0.3,3.0,9.09,33.48,20.0,198.0,3.78,0.25,4.51,9.09,33.48,3.78,4.65,5.1,5.09,44.68,0.03,4.9,-0.14,0.1,-14.74,0.13,-0.01,8.55,3.04,18.0,10.0,14.83,16.0,2.0,buy,Success
RVPH231020P00003500,2023-10-20,RVPH,4.51,0.35,0.25,0.35,3.5,7.69,22.39,2.0,598.0,2.96,0.25,4.51,7.69,22.39,2.96,4.65,5.1,5.09,44.68,0.03,4.9,-0.2,0.16,-14.37,0.16,-0.02,8.55,3.04,18.0,10.0,14.83,16.0,2.0,buy,Success
RVPH231020P00004000,2023-10-20,RVPH,4.51,0.55,0.3,0.65,4.0,8.11,11.31,2.0,797.0,2.81,0.3,4.51,8.11,11.31,2.81,4.65,5.1,5.09,44.68,0.03,4.9,-0.3,0.22,-17.28,0.2,-0.03,8.55,3.04,18.0,10.0,14.83,16.0,2.0,buy,Success
RVPH231020P00004500,2023-10-20,RVPH,4.51,0.76,0.5,0.8,4.5,12.5,0.22,2.0,5011.0,2.48,0.5,4.51,12.5,0.22,2.48,4.65,5.1,5.09,44.68,0.03,4.9,-0.43,0.27,-17.11,0.23,-0.04,8.55,3.04,18.0,10.0,14.83,16.0,2.0,buy,Failed
RWT231020P00007000,2023-10-20,RWT,7.04,0.2,0.05,0.2,7.0,0.72,0.57,1.0,435.0,0.53,0.05,7.04,0.72,0.57,0.53,7.56,7.03,7.03,44.29,-0.12,7.05,-0.45,0.83,-5.74,0.36,-0.06,8.7,5.55,10.0,7.5,8.64,9.0,2.0,buy,Failed
RXRX231020P00006000,2023-10-20,RXRX,6.38,0.11,0.05,0.1,6.0,0.84,5.96,40.0,57.0,0.59,0.05,6.38,0.84,5.96,0.59,8.48,9.3,8.23,27.49,-0.59,10.1,-0.2,0.58,-4.01,0.23,-0.02,15.86,4.56,35.0,9.0,16.83,14.5,2.6,hold,Success
SABR231020P00003500,2023-10-20,SABR,3.7,0.04,0.04,0.08,3.5,1.16,5.41,1.0,1779.0,0.65,0.04,3.7,1.16,5.41,0.65,4.74,4.15,4.61,26.51,-0.26,4.77,-0.24,1.01,-2.89,0.15,-0.02,7.66,3.07,9.0,4.0,5.5,5.0,3.0,hold,Success
SFIX231020P00003000,2023-10-20,SFIX,3.03,0.1,0.1,0.11,3.0,3.45,0.99,361.0,512.0,0.67,0.1,3.03,3.45,0.99,0.67,3.69,3.89,4.09,40.91,-0.15,4.03,-0.44,1.51,-3.11,0.15,-0.02,5.6,2.77,5.0,2.5,3.6,3.5,3.1,hold,Success
SHIP231020P00006000,2023-10-20,SHIP,6.21,0.1,0.05,0.0,6.0,0.84,3.38,11.0,0.0,0.06,0.05,6.21,0.84,3.38,0.06,5.46,5.13,5.29,80.48,0.23,5.32,-0.0,0.0,-0.0,0.0,-0.0,6.86,4.05,14.0,7.0,10.33,10.0,2.0,buy,Success
SIRI231020P00004000,2023-10-20,SIRI,4.85,0.03,0.02,0.04,4.0,0.5,17.53,383.0,34781.0,1.0,0.02,4.85,0.5,17.53,1.0,4.38,4.4,4.43,69.63,0.08,4.86,-0.06,0.19,-2.2,0.07,-0.0,7.81,3.42,7.0,3.5,4.9,4.75,3.3,hold,Success
SIRI231020P00004500,2023-10-20,SIRI,4.85,0.08,0.07,0.13,4.5,1.58,7.22,46.0,10047.0,0.85,0.07,4.85,1.58,7.22,0.85,4.38,4.4,4.43,69.63,0.08,4.86,-0.23,0.57,-4.87,0.19,-0.02,7.81,3.42,7.0,3.5,4.9,4.75,3.3,hold,Success
SKIL231020P00002500,2023-10-20,SKIL,17.14,1.2,1.35,2.25,2.5,117.39,85.41,,0.0,20.91,1.35,17.14,117.39,85.41,20.91,22.52,25.28,29.35,44.33,-1.58,30.84,-0.02,0.0,-66.99,0.11,-0.03,41.0,13.95,80.0,45.0,62.75,63.0,2.0,buy,Success
SKIN231020P00005000,2023-10-20,SKIN,5.08,0.15,0.1,0.2,5.0,2.04,1.57,7.0,103.0,0.63,0.1,5.08,2.04,1.57,0.63,6.16,7.32,9.43,38.91,-0.24,9.55,-0.41,0.94,-4.84,0.25,-0.04,13.7,5.08,23.0,8.0,12.39,11.0,2.1,buy,Failed
SKLZ231020P00004000,2023-10-20,SKLZ,4.2,0.09,0.09,0.14,4.0,2.3,4.76,45.0,133.0,0.82,0.09,4.2,2.3,4.76,0.82,6.85,8.93,10.86,29.55,-0.79,12.69,-0.3,0.79,-4.67,0.19,-0.02,23.8,4.12,20.0,5.5,11.5,11.0,2.6,hold,Failed
SMWB231020P00005000,2023-10-20,SMWB,5.28,0.05,0.05,0.25,5.0,1.01,5.3,2.0,45.0,0.88,0.05,5.28,1.01,5.3,0.88,6.2,6.48,6.31,52.44,-0.18,6.18,-0.29,0.58,-6.25,0.23,-0.03,7.59,4.53,14.0,7.0,9.33,8.5,1.7,buy,Success
SNAP231020P00007500,2023-10-20,SNAP,8.68,0.02,0.01,0.02,7.5,0.13,13.59,169.0,1358.0,0.59,0.01,8.68,0.13,13.59,0.59,9.34,10.3,10.23,51.63,-0.17,10.16,-0.03,0.09,-1.17,0.07,-0.0,13.51,7.76,15.0,6.0,9.68,9.25,3.0,hold,Success
SNAP231020P00008000,2023-10-20,SNAP,8.68,0.04,0.04,0.05,8.0,0.5,7.83,299.0,25669.0,0.51,0.04,8.68,0.5,7.83,0.51,9.34,10.3,10.23,51.63,-0.17,10.16,-0.1,0.31,-2.98,0.19,-0.01,13.51,7.76,15.0,6.0,9.68,9.25,3.0,hold,Success
SNAP231020P00008500,2023-10-20,SNAP,8.68,0.16,0.16,0.17,8.5,1.92,2.07,1556.0,4950.0,0.49,0.16,8.68,1.92,2.07,0.49,9.34,10.3,10.23,51.63,-0.17,10.16,-0.36,0.68,-6.18,0.42,-0.05,13.51,7.76,15.0,6.0,9.68,9.25,3.0,hold,Success
SNDL231020P00001500,2023-10-20,SNDL,1.55,0.04,0.04,0.05,1.5,2.74,3.23,185.0,2071.0,0.75,0.04,1.55,2.74,3.23,0.75,1.78,1.61,1.72,13.7,-0.08,1.93,-0.35,2.48,-1.67,0.07,-0.01,3.13,1.25,3.25,3.25,3.25,3.25,1.0,strong_buy,Failed
SOFI231020P00006500,2023-10-20,SOFI,8.12,0.01,0.01,0.02,6.5,0.15,19.95,216.0,2558.0,0.86,0.01,8.12,0.15,19.95,0.86,8.38,8.44,7.14,59.56,-0.06,6.8,-0.02,0.05,-1.26,0.05,-0.0,11.45,4.3,16.0,3.0,10.22,10.0,2.7,hold,Success
SOFI231020P00007000,2023-10-20,SOFI,8.12,0.03,0.02,0.03,7.0,0.29,13.79,571.0,38385.0,0.69,0.02,8.12,0.29,13.79,0.69,8.38,8.44,7.14,59.56,-0.06,6.8,-0.04,0.12,-1.94,0.09,-0.01,11.45,4.3,16.0,3.0,10.22,10.0,2.7,hold,Success
SOFI231020P00007500,2023-10-20,SOFI,8.12,0.08,0.07,0.08,7.5,0.94,7.64,1099.0,32762.0,0.62,0.07,8.12,0.94,7.64,0.62,8.38,8.44,7.14,59.56,-0.06,6.8,-0.15,0.36,-4.5,0.24,-0.02,11.45,4.3,16.0,3.0,10.22,10.0,2.7,hold,Success
SOFI231020P00008000,2023-10-20,SOFI,8.12,0.22,0.21,0.22,8.0,2.7,1.48,5731.0,48553.0,0.57,0.21,8.12,2.7,1.48,0.57,8.38,8.44,7.14,59.56,-0.06,6.8,-0.4,0.65,-6.96,0.4,-0.06,11.45,4.3,16.0,3.0,10.22,10.0,2.7,hold,Success
SPCE231020P00001500,2023-10-20,SPCE,1.64,0.04,0.04,0.05,1.5,2.74,8.54,98.0,3164.0,1.08,0.04,1.64,2.74,8.54,1.08,2.31,3.2,3.84,48.04,-0.2,4.09,-0.24,1.36,-2.12,0.06,-0.01,6.37,1.53,8.0,1.0,4.22,3.75,3.2,hold,Success
SPWR231020P00004500,2023-10-20,SPWR,5.62,0.02,0.02,0.04,4.5,0.45,19.93,43.0,131.0,1.08,0.02,5.62,0.45,19.93,1.08,6.84,8.62,11.62,38.24,-0.42,12.81,-0.05,0.13,-2.3,0.07,-0.0,24.49,5.18,13.0,5.95,9.12,9.75,3.0,hold,Success
SPWR231020P00005000,2023-10-20,SPWR,5.62,0.07,0.04,0.07,5.0,0.81,11.03,39.0,369.0,0.81,0.04,5.62,0.81,11.03,0.81,6.84,8.62,11.62,38.24,-0.42,12.81,-0.12,0.34,-3.55,0.14,-0.01,24.49,5.18,13.0,5.95,9.12,9.75,3.0,hold,Success
SPWR231020P00005500,2023-10-20,SPWR,5.62,0.21,0.18,0.21,5.5,3.38,2.14,121.0,441.0,0.77,0.18,5.62,3.38,2.14,0.77,6.84,8.62,11.62,38.24,-0.42,12.81,-0.39,0.7,-6.43,0.28,-0.04,24.49,5.18,13.0,5.95,9.12,9.75,3.0,hold,Failed
SRRK231020P00007500,2023-10-20,SRRK,7.84,0.45,0.15,0.55,7.5,2.04,4.34,9.0,153.0,1.11,0.15,7.84,2.04,4.34,1.11,6.63,6.94,8.08,65.84,0.28,8.12,-0.35,0.33,-12.54,0.37,-0.05,12.72,5.79,30.0,7.0,21.86,23.0,2.0,buy,Success
SSP231020P00005000,2023-10-20,SSP,5.07,0.01,0.05,0.9,5.0,1.01,1.38,1.0,1.0,1.72,0.05,5.07,1.01,1.38,1.72,7.09,8.01,9.59,31.7,-0.53,9.64,-0.43,0.35,-13.33,0.26,-0.04,15.74,5.0,17.0,5.5,11.92,11.0,2.8,hold,Success
STEM231020P00003500,2023-10-20,STEM,3.83,0.05,0.05,0.1,3.5,1.45,8.62,1.0,314.0,0.91,0.05,3.83,1.45,8.62,0.91,4.91,5.48,6.29,40.95,-0.29,6.89,-0.2,0.63,-3.85,0.14,-0.01,14.16,3.69,17.0,4.0,9.4,9.0,2.4,buy,Success
SWN231020P00006000,2023-10-20,SWN,6.73,0.01,0.01,0.03,6.0,0.17,10.85,2.0,732.0,0.56,0.01,6.73,0.17,10.85,0.56,6.48,6.09,5.66,64.91,0.05,5.82,-0.05,0.22,-1.56,0.09,-0.01,7.3,4.61,15.0,5.0,8.23,8.0,2.7,hold,Success
SWN231020P00006500,2023-10-20,SWN,6.73,0.05,0.04,0.05,6.5,0.62,3.42,12.0,2538.0,0.34,0.04,6.73,0.62,3.42,0.34,6.48,6.09,5.66,64.91,0.05,5.82,-0.21,0.97,-2.57,0.25,-0.02,7.3,4.61,15.0,5.0,8.23,8.0,2.7,hold,Success
TACT231020P00005000,2023-10-20,TACT,6.09,0.4,0.05,0.4,5.0,1.01,17.9,,15.0,1.92,0.05,6.09,1.01,17.9,1.92,6.88,7.57,7.13,39.67,-0.16,6.6,-0.18,0.17,-11.87,0.2,-0.02,9.27,3.74,10.0,10.0,10.0,10.0,2.0,buy,Success
TAL231020P00007500,2023-10-20,TAL,8.91,0.08,0.02,0.04,7.5,0.27,15.82,1.0,27.0,0.8,0.02,8.91,0.27,15.82,0.8,7.59,6.94,6.86,68.63,0.47,6.75,-0.04,0.1,-2.43,0.1,-0.01,10.08,3.26,10.8,2.9,8.1,8.5,2.3,buy,Success
TAL231020P00008000,2023-10-20,TAL,8.91,0.06,0.05,0.07,8.0,0.63,10.21,10.0,212.0,0.67,0.05,8.91,0.63,10.21,0.67,7.59,6.94,6.86,68.63,0.47,6.75,-0.1,0.22,-4.01,0.2,-0.01,10.08,3.26,10.8,2.9,8.1,8.5,2.3,buy,Success
TAL231020P00008500,2023-10-20,TAL,8.91,0.15,0.14,0.18,8.5,1.67,4.6,147.0,745.0,0.63,0.14,8.91,1.67,4.6,0.63,7.59,6.94,6.86,68.63,0.47,6.75,-0.27,0.45,-7.2,0.38,-0.04,10.08,3.26,10.8,2.9,8.1,8.5,2.3,buy,Success
TASK231020P00005000,2023-10-20,TASK,8.18,0.2,0.05,0.3,5.0,1.01,38.88,40.0,40.0,2.93,0.05,8.18,1.01,38.88,2.93,9.85,10.78,13.26,17.84,-0.36,13.81,-0.07,0.04,-12.12,0.14,-0.01,22.73,8.18,23.0,11.0,14.83,13.5,2.1,buy,Success
TDCX231020P00005000,2023-10-20,TDCX,5.29,0.1,0.05,0.15,5.0,1.01,5.48,2.0,81.0,0.7,0.05,5.29,1.01,5.48,0.7,5.98,7.03,8.83,31.29,-0.15,9.06,-0.25,0.67,-4.6,0.22,-0.02,14.63,4.78,13.8,6.0,9.19,8.48,2.2,buy,Success
TEO231020P00005000,2023-10-20,TEO,5.16,0.72,0.4,1.35,5.0,8.7,3.1,,2.0,3.2,0.4,5.16,8.7,3.1,3.2,5.32,5.61,5.49,49.59,-0.1,5.34,-0.39,0.18,-24.68,0.25,-0.05,6.72,3.85,9.4,4.0,5.9,5.1,3.7,underperform,Success
TEVA231020P00008000,2023-10-20,TEVA,8.66,0.05,0.02,0.07,8.0,0.25,7.62,64.0,68.0,0.5,0.02,8.66,0.25,7.62,0.5,9.76,8.8,9.11,26.13,-0.26,8.89,-0.1,0.32,-2.99,0.2,-0.01,11.37,7.2,14.0,8.0,10.56,10.0,2.8,hold,Success
TEVA231020P00008500,2023-10-20,TEVA,8.66,0.16,0.13,0.15,8.5,1.55,1.85,538.0,22320.0,0.44,0.13,8.66,1.55,1.85,0.44,9.76,8.8,9.11,26.13,-0.26,8.89,-0.36,0.77,-5.49,0.41,-0.05,11.37,7.2,14.0,8.0,10.56,10.0,2.8,hold,Success
TIGR231020P00002000,2023-10-20,TIGR,5.08,0.07,0.02,0.46,2.0,1.01,60.63,10.0,142.0,6.38,0.02,5.08,1.01,60.63,6.38,4.58,3.85,3.65,47.54,0.14,4.0,-0.06,0.03,-15.17,0.08,-0.01,5.61,2.33,7.37,2.84,5.6,5.8,2.0,buy,Success
TIGR231020P00004500,2023-10-20,TIGR,5.08,0.02,0.01,0.04,4.5,0.22,11.42,60.0,2975.0,0.67,0.01,5.08,0.22,11.42,0.67,4.58,3.85,3.65,47.54,0.14,4.0,-0.07,0.32,-1.85,0.09,-0.01,5.61,2.33,7.37,2.84,5.6,5.8,2.0,buy,Success
TIGR231020P00005000,2023-10-20,TIGR,5.08,0.12,0.14,0.15,5.0,2.88,1.57,4.0,4616.0,0.61,0.14,5.08,2.88,1.57,0.61,4.58,3.85,3.65,47.54,0.14,4.0,-0.4,0.98,-4.65,0.25,-0.04,5.61,2.33,7.37,2.84,5.6,5.8,2.0,buy,Success
TLRY231020P00002000,2023-10-20,TLRY,2.01,0.1,0.1,0.11,2.0,5.26,0.5,919.0,3299.0,0.94,0.1,2.01,5.26,0.5,0.94,2.53,2.17,2.44,19.57,-0.16,2.78,-0.46,1.64,-2.91,0.1,-0.02,4.68,1.52,4.25,1.9,2.67,2.5,2.6,hold,Failed
TUP231020P00002000,2023-10-20,TUP,2.19,0.15,0.15,0.2,2.0,8.11,8.68,1614.0,6896.0,2.11,0.15,2.19,8.11,8.68,2.11,2.4,1.81,2.33,63.0,-0.05,3.15,-0.32,0.6,-6.42,0.1,-0.01,7.73,0.62,4.0,4.0,4.0,4.0,3.0,hold,Success
UAA231020P00006500,2023-10-20,UAA,6.61,0.09,0.09,0.12,6.5,1.4,1.66,36.0,940.0,0.44,0.09,6.61,1.4,1.66,0.44,7.22,7.41,8.57,52.45,-0.17,8.67,-0.37,1.02,-4.24,0.32,-0.04,12.78,6.4,15.0,6.0,9.94,9.5,2.4,buy,Success
UEC231020P00005000,2023-10-20,UEC,5.15,0.12,0.1,0.15,5.0,2.04,2.91,13.0,10778.0,0.64,0.1,5.15,2.04,2.91,0.64,4.63,3.92,3.6,44.59,0.15,3.77,-0.34,0.87,-4.68,0.24,-0.03,5.6,2.37,8.0,6.5,6.95,6.8,1.7,buy,Success
UMC231020P00007000,2023-10-20,UMC,7.1,0.09,0.05,0.1,7.0,0.72,1.41,4.0,1718.0,0.35,0.05,7.1,0.72,1.41,0.35,7.06,7.52,7.8,51.35,0.01,7.51,-0.37,1.19,-3.59,0.34,-0.04,8.92,5.82,8.7,5.3,7.17,7.35,2.6,hold,Success
UTI231020P00005000,2023-10-20,UTI,8.38,0.31,0.1,0.25,5.0,2.04,40.33,20.0,40.0,3.02,0.1,8.38,2.04,40.33,3.02,8.26,7.54,7.27,44.3,0.07,7.1,-0.06,0.04,-12.2,0.13,-0.01,8.75,5.76,11.0,10.0,10.5,10.5,1.7,buy,Success
UUUU231020P00007000,2023-10-20,UUUU,7.54,0.13,0.05,0.1,7.0,0.72,7.16,153.0,3115.0,0.61,0.05,7.54,0.72,7.16,0.61,7.37,6.77,6.47,29.89,0.0,6.68,-0.16,0.41,-4.36,0.24,-0.02,8.94,4.96,10.0,8.5,9.5,10.0,2.0,buy,Success
UWMC231020P00005000,2023-10-20,UWMC,5.09,0.07,0.05,0.1,5.0,1.01,1.77,10.0,83.0,0.47,0.05,5.09,1.01,1.77,0.47,5.46,5.59,5.14,57.81,-0.09,4.89,-0.37,1.24,-3.5,0.25,-0.03,6.84,2.92,8.0,4.0,6.0,6.0,2.7,hold,Success
VCSA231020P00005000,2023-10-20,VCSA,9.32,3.8,4.0,5.2,5.0,400.0,46.35,1.0,0.0,25.5,4.0,9.32,400.0,46.35,25.5,10.61,12.34,18.0,52.48,-0.29,27.4,-0.03,0.0,-69.86,0.09,-0.08,78.6,8.12,100.0,14.0,40.4,30.0,2.7,hold,Success
VLN231020P00002500,2023-10-20,VLN,2.53,0.15,0.05,0.15,2.5,2.04,1.19,4.0,5.0,0.77,0.05,2.53,2.04,1.19,0.77,2.52,2.49,3.2,54.24,0.01,3.58,-0.43,1.58,-2.96,0.13,-0.02,5.9,2.26,6.0,4.0,5.0,5.0,1.7,buy,Failed
VLY231020P00008000,2023-10-20,VLY,8.12,0.19,0.15,0.25,8.0,1.91,1.48,27.0,1580.0,0.54,0.15,8.12,1.91,1.48,0.54,8.91,8.68,9.33,38.22,-0.2,9.36,-0.4,0.69,-6.56,0.4,-0.06,12.92,6.59,12.0,8.5,10.5,11.0,2.3,buy,Success
VOD231020P00009000,2023-10-20,VOD,9.44,0.04,0.03,0.04,9.0,0.33,4.66,4.0,11442.0,0.33,0.03,9.44,0.33,4.66,0.33,9.45,9.47,10.4,35.76,-0.01,10.72,-0.13,0.51,-2.52,0.25,-0.02,12.47,9.0,14.45,14.16,14.31,14.31,1.5,strong_buy,Success
VTNR231020P00004500,2023-10-20,VTNR,4.69,0.13,0.08,0.13,4.5,1.81,4.05,121.0,997.0,0.68,0.08,4.69,1.81,4.05,0.68,4.59,5.31,6.57,52.86,-0.11,6.94,-0.3,0.85,-4.32,0.21,-0.02,11.08,3.95,10.0,4.0,7.58,8.0,2.3,buy,Success
VZIO231020P00005000,2023-10-20,VZIO,5.01,0.15,0.1,0.2,5.0,2.04,0.2,7.0,66.0,0.52,0.1,5.01,2.04,0.2,0.52,5.81,6.4,7.58,30.67,-0.23,7.73,-0.47,1.18,-4.05,0.26,-0.04,11.53,4.97,16.0,6.0,10.92,11.0,2.1,buy,Failed
WE231020P00001500,2023-10-20,WE,2.36,0.05,0.05,0.1,1.5,3.45,36.44,2520.0,4289.0,3.13,0.05,2.36,3.45,36.44,3.13,4.47,6.83,24.25,35.86,-0.67,11.02,-0.09,0.17,-4.72,0.05,-0.0,122.4,2.09,12.0,2.5,7.25,7.25,3.0,hold,Success
WE231020P00002000,2023-10-20,WE,2.36,0.1,0.1,0.15,2.0,5.26,15.25,101.0,10602.0,2.09,0.1,2.36,5.26,15.25,2.09,4.47,6.83,24.25,35.86,-0.67,11.02,-0.23,0.47,-5.79,0.09,-0.01,122.4,2.09,12.0,2.5,7.25,7.25,3.0,hold,Success
WISH231020P00001000,2023-10-20,WISH,4.26,0.59,0.61,0.65,1.0,156.41,76.53,2.0,3.0,17.44,0.61,4.26,156.41,76.53,17.44,4.92,6.33,10.11,39.38,-0.2,12.26,-0.04,0.01,-24.29,0.05,-0.01,28.35,4.12,8.0,5.0,6.38,6.25,4.0,underperform,Success
WISH231020P00004000,2023-10-20,WISH,4.26,0.07,0.07,0.1,4.0,1.78,6.1,134.0,356.0,0.77,0.07,4.26,1.78,6.1,0.77,4.92,6.33,10.11,39.38,-0.2,12.26,-0.24,0.75,-3.98,0.17,-0.02,28.35,4.12,8.0,5.0,6.38,6.25,4.0,underperform,Success
WOOF231020P00003000,2023-10-20,WOOF,3.16,0.07,0.05,0.1,3.0,1.69,5.06,3.0,6803.0,0.77,0.05,3.16,1.69,5.06,0.77,5.07,6.8,8.45,32.04,-0.49,7.97,-0.28,1.08,-3.21,0.14,-0.02,12.27,3.16,10.0,4.0,6.62,7.0,2.4,buy,Success
WPRT231020P00001000,2023-10-20,WPRT,5.38,0.35,0.35,0.75,1.0,53.85,81.41,1.0,23.0,16.47,0.35,5.38,53.85,81.41,16.47,7.0,7.77,8.54,12.03,-0.47,8.75,-0.03,0.01,-24.77,0.05,-0.01,12.8,5.26,23.0,10.0,15.74,14.71,2.5,buy,Success
WPRT231020P00002000,2023-10-20,WPRT,5.38,1.15,0.95,1.8,2.0,90.48,62.83,,5.0,17.34,0.95,5.38,90.48,62.83,17.34,7.0,7.77,8.54,12.03,-0.47,8.75,-0.06,0.01,-43.19,0.08,-0.02,12.8,5.26,23.0,10.0,15.74,14.71,2.5,buy,Success
WTI231020P00004000,2023-10-20,WTI,4.1,0.11,0.05,0.15,4.0,1.27,2.44,15.0,1686.0,0.6,0.05,4.1,1.27,2.44,0.6,4.12,4.08,4.65,45.7,-0.04,5.27,-0.36,1.18,-3.58,0.2,-0.03,8.99,3.69,11.5,8.3,9.9,9.9,1.5,strong_buy,Failed
WVE231020P00002500,2023-10-20,WVE,5.55,0.25,0.15,1.0,2.5,6.38,54.95,1.0,1.0,7.84,0.15,5.55,6.38,54.95,7.84,4.99,4.52,4.5,55.61,0.2,4.62,-0.1,0.03,-29.23,0.12,-0.02,7.0,3.18,17.0,4.0,7.69,6.25,2.5,buy,Success
WVE231020P00005000,2023-10-20,WVE,5.55,0.1,0.05,0.15,5.0,1.01,9.91,29.0,114.0,0.95,0.05,5.55,1.01,9.91,0.95,4.99,4.52,4.5,55.61,0.2,4.62,-0.18,0.39,-5.4,0.19,-0.02,7.0,3.18,17.0,4.0,7.69,6.25,2.5,buy,Success
WW231020P00009500,2023-10-20,WW,10.99,0.08,0.05,0.15,9.5,0.53,13.56,104.0,43.0,0.92,0.05,10.99,0.53,13.56,0.92,10.44,9.15,7.26,52.23,0.31,7.38,-0.1,0.13,-6.75,0.24,-0.02,13.21,3.38,17.0,10.0,12.6,12.5,2.7,hold,Success
WW231020P00010000,2023-10-20,WW,10.99,0.16,0.15,0.2,10.0,1.52,9.01,68.0,5387.0,0.86,0.15,10.99,1.52,9.01,0.86,10.44,9.15,7.26,52.23,0.31,7.38,-0.18,0.22,-9.59,0.37,-0.03,13.21,3.38,17.0,10.0,12.6,12.5,2.7,hold,Success
WW231020P00010500,2023-10-20,WW,10.99,0.33,0.3,0.35,10.5,2.94,4.46,157.0,100.0,0.85,0.3,10.99,2.94,4.46,0.85,10.44,9.15,7.26,52.23,0.31,7.38,-0.32,0.3,-12.91,0.5,-0.06,13.21,3.38,17.0,10.0,12.6,12.5,2.7,hold,Failed
XELA231020P00002000,2023-10-20,XELA,3.34,0.02,0.01,0.02,2.0,0.5,40.12,,5.0,2.06,0.01,3.34,0.5,40.12,2.06,4.13,4.6,7.56,38.79,-0.13,8.45,-0.02,0.05,-1.25,0.02,-0.0,81.0,3.08,2.0,2.0,2.0,2.0,3.0,hold,Success
