contractSymbol,Expiration Date,ETF,Stock Price,lastPrice,bid,ask,strike,ROI (%),OTM (%),volume,openInterest,Implied Volatility,highPrice,Original Stock Price,Original ROI (%),Original OTM (%),Original Implied Volatility,50-day MA,100-day MA,200-day MA,RSI,MACD,VWAP,Delta,Gamma,Theta,Vega,Rho,52WeekHigh,52WeekLow,targetHighPrice,targetLowPrice,targetMeanPrice,targetMedianPrice,recommendationMean,recommendationKey,Status
AAOI230915P00010000,2023-09-15,AAOI,9.84000015258789,0.1,0.05,0.1,10.0,0.5,15.25,1155.0,2311.0,0.9,0.05,11.8,0.5,15.25,0.9,10.57,6.57,4.45,45.54,0.61,7.65,-0.07,0.1,-5.45,0.2,-0.01,15.48,1.64,20.0,11.5,15.75,15.75,2.3,buy,Failed
AAOI230915P00010500,2023-09-15,AAOI,9.84000015258789,0.18,0.1,0.2,10.5,0.96,11.02,1.0,8.0,0.89,0.1,11.8,0.96,11.02,0.89,10.57,6.57,4.45,45.54,0.61,7.65,-0.14,0.17,-9.02,0.34,-0.03,15.48,1.64,20.0,11.5,15.75,15.75,2.3,buy,Failed
AAOI230915P00011000,2023-09-15,AAOI,9.84000015258789,0.3,0.25,0.5,11.0,2.33,6.78,6.0,50.0,1.05,0.25,11.8,2.33,6.78,1.05,10.57,6.57,4.45,45.54,0.61,7.65,-0.28,0.21,-16.1,0.51,-0.06,15.48,1.64,20.0,11.5,15.75,15.75,2.3,buy,Failed
AAOI230915P00011500,2023-09-15,AAOI,9.84000015258789,0.5,0.4,0.75,11.5,3.6,2.54,27.0,87.0,1.04,0.4,11.8,3.6,2.54,1.04,10.57,6.57,4.45,45.54,0.61,7.65,-0.4,0.25,-18.38,0.58,-0.08,15.48,1.64,20.0,11.5,15.75,15.75,2.3,buy,Failed
ABUS230915P00002000,2023-09-15,ABUS,2.0399999618530273,0.1,0.05,0.1,2.0,2.56,4.76,5.0,380.0,0.98,0.05,2.1,2.56,4.76,0.98,2.13,2.34,2.54,62.5,-0.02,2.52,-0.33,1.36,-2.9,0.1,-0.01,3.1,1.88,6.0,4.0,5.4,6.0,2.0,buy,Success
ACB230915P00000500,2023-09-15,ACB,0.9828000068664551,0.05,0.02,0.05,0.5,4.17,5.66,32.0,778.0,1.56,0.02,0.53,4.17,5.66,1.56,0.52,0.55,0.74,54.26,-0.01,1.0,-0.35,3.48,-1.19,0.03,-0.0,1.61,0.44,3.2,2.35,2.85,3.0,2.9,hold,Success
ACHV230915P00002500,2023-09-15,ACHV,4.639999866485596,0.25,0.05,0.75,2.5,2.04,47.48,1.0,0.0,6.02,0.05,4.76,2.04,47.48,6.02,5.2,6.14,5.26,46.35,-0.1,5.39,-0.11,0.05,-21.18,0.12,-0.01,9.93,2.02,56.0,19.0,28.57,25.0,1.7,buy,Success
ACRS230915P00007000,2023-09-15,ACRS,7.550000190734863,0.15,0.05,0.15,7.0,0.72,10.14,2.0,8.0,0.84,0.05,7.79,0.72,10.14,0.84,9.04,9.03,11.12,59.2,-0.35,10.75,-0.15,0.27,-5.92,0.23,-0.02,18.37,6.6,43.0,16.0,29.13,29.5,1.4,strong_buy,Success
ADTN230915P00008000,2023-09-15,ADTN,8.239999771118164,0.09,0.1,0.2,8.0,1.27,1.6,10.0,121.0,0.55,0.1,8.13,1.27,1.6,0.55,9.1,9.12,13.11,49.66,-0.16,13.26,-0.39,0.68,-6.64,0.4,-0.06,21.97,7.23,13.0,8.0,11.0,11.5,2.1,buy,Success
AG230915P00005000,2023-09-15,AG,5.800000190734863,0.01,0.01,0.02,5.0,0.2,9.42,61.0,178.0,0.53,0.01,5.52,0.2,9.42,0.53,6.12,6.17,6.98,38.93,-0.11,7.37,-0.07,0.35,-1.5,0.09,-0.01,9.68,5.33,12.0,7.33,9.81,10.08,2.3,buy,Success
AG230915P00005500,2023-09-15,AG,5.800000190734863,0.1,0.09,0.1,5.5,1.66,0.36,110.0,575.0,0.34,0.09,5.52,1.66,0.36,0.34,6.12,6.17,6.98,38.93,-0.11,7.37,-0.46,1.67,-2.84,0.28,-0.04,9.68,5.33,12.0,7.33,9.81,10.08,2.3,buy,Success
AGNC230915P00009000,2023-09-15,AGNC,10.069999694824219,0.02,0.01,0.02,9.0,0.11,7.12,120.0,48954.0,0.37,0.01,9.69,0.11,7.12,0.37,9.79,9.5,9.59,61.67,0.0,9.05,-0.06,0.24,-1.54,0.14,-0.01,11.16,6.45,11.25,9.5,10.53,10.5,2.4,buy,Success
AGNC230915P00009500,2023-09-15,AGNC,10.069999694824219,0.04,0.04,0.05,9.5,0.42,1.96,50.0,6090.0,0.21,0.04,9.69,0.42,1.96,0.21,9.79,9.5,9.59,61.67,0.0,9.05,-0.23,1.14,-2.44,0.38,-0.04,11.16,6.45,11.25,9.5,10.53,10.5,2.4,buy,Success
ALVR230915P00002500,2023-09-15,ALVR,2.509999990463257,0.05,0.05,0.1,2.5,2.04,13.49,1.0,427.0,1.36,0.05,2.89,2.04,13.49,1.36,3.16,3.69,4.67,51.04,-0.05,4.71,-0.18,0.52,-4.0,0.1,-0.01,9.98,2.47,27.0,15.0,19.75,18.5,1.6,buy,Success
AMC230915P00003000,2023-09-15,AMC,8.359999656677246,0.02,0.01,0.02,3.0,0.33,58.22,2058.0,290235.0,2.88,0.01,7.18,0.33,58.22,2.88,36.74,43.15,48.95,7.36,-9.28,39.54,-0.01,0.01,-1.24,0.01,-0.0,102.2,7.18,39.71,4.41,15.8,11.84,3.6,underperform,Success
AMC230915P00004000,2023-09-15,AMC,8.359999656677246,0.06,0.04,0.06,4.0,1.01,44.29,7746.0,6090.0,2.53,0.04,7.18,1.01,44.29,2.53,36.74,43.15,48.95,7.36,-9.28,39.54,-0.02,0.02,-4.1,0.05,-0.0,102.2,7.18,39.71,4.41,15.8,11.84,3.6,underperform,Success
AMC230915P00005000,2023-09-15,AMC,8.359999656677246,0.14,0.13,0.14,5.0,2.67,30.36,8357.0,12932.0,2.23,0.13,7.18,2.67,30.36,2.23,36.74,43.15,48.95,7.36,-9.28,39.54,-0.08,0.07,-9.19,0.14,-0.01,102.2,7.18,39.71,4.41,15.8,11.84,3.6,underperform,Success
AMC230915P00006000,2023-09-15,AMC,8.359999656677246,0.31,0.32,0.34,6.0,5.63,16.43,11640.0,7002.0,2.02,0.32,7.18,5.63,16.43,2.02,36.74,43.15,48.95,7.36,-9.28,39.54,-0.21,0.15,-16.1,0.26,-0.03,102.2,7.18,39.71,4.41,15.8,11.84,3.6,underperform,Success
AMC230915P00007000,2023-09-15,AMC,8.359999656677246,0.67,0.67,0.69,7.0,10.58,2.51,38486.0,6893.0,1.84,0.67,7.18,10.58,2.51,1.84,36.74,43.15,48.95,7.36,-9.28,39.54,-0.41,0.23,-19.95,0.36,-0.06,102.2,7.18,39.71,4.41,15.8,11.84,3.6,underperform,Success
AMPX230915P00003000,2023-09-15,AMPX,3.950000047683716,0.26,0.25,0.3,3.0,9.09,13.79,1023.0,985.0,2.52,0.25,3.48,9.09,13.79,2.52,6.42,7.53,7.35,16.12,-0.74,9.84,-0.27,0.29,-11.21,0.15,-0.02,12.94,3.48,16.0,13.0,14.5,14.5,1.7,buy,Success
AMSC230915P00007500,2023-09-15,AMSC,7.71999979019165,0.15,0.05,0.1,7.5,0.67,6.95,3.0,16.0,0.58,0.05,8.06,0.67,6.95,0.58,8.42,6.69,5.63,42.75,-0.05,10.36,-0.16,0.4,-4.34,0.25,-0.02,16.13,3.29,13.0,10.0,11.67,12.0,1.7,buy,Success
AMSC230915P00008000,2023-09-15,AMSC,7.71999979019165,0.25,0.2,0.3,8.0,2.56,0.74,257.0,2245.0,0.59,0.2,8.06,2.56,0.74,0.59,8.42,6.69,5.63,42.75,-0.05,10.36,-0.44,0.65,-7.29,0.41,-0.06,16.13,3.29,13.0,10.0,11.67,12.0,1.7,buy,Failed
APLD230915P00004500,2023-09-15,APLD,5.260000228881836,0.06,0.05,0.1,4.5,1.12,13.13,42.0,80.0,1.05,0.05,5.18,1.12,13.13,1.05,7.51,6.99,4.67,39.32,-0.61,6.89,-0.13,0.31,-4.59,0.14,-0.01,10.24,1.51,20.0,13.0,17.08,17.75,2.0,buy,Success
APLD230915P00005000,2023-09-15,APLD,5.260000228881836,0.2,0.2,0.25,5.0,4.17,3.47,63.0,2622.0,1.02,0.2,5.18,4.17,3.47,1.02,7.51,6.99,4.67,39.32,-0.61,6.89,-0.37,0.55,-7.77,0.25,-0.03,10.24,1.51,20.0,13.0,17.08,17.75,2.0,buy,Success
ARDX230915P00004500,2023-09-15,ARDX,4.550000190734863,0.1,0.1,0.15,4.5,2.27,1.96,124.0,202.0,0.62,0.1,4.59,2.27,1.96,0.62,3.78,3.91,3.51,70.08,0.24,3.01,-0.39,1.05,-4.2,0.22,-0.03,4.95,1.13,15.0,6.0,9.31,8.75,1.4,strong_buy,Success
ARLO230915P00010000,2023-09-15,ARLO,10.949999809265137,0.17,0.05,0.1,10.0,0.5,3.85,6.0,264.0,0.42,0.05,10.4,0.5,3.85,0.42,10.62,9.5,6.94,60.26,-0.11,6.84,-0.22,0.54,-5.04,0.4,-0.04,11.48,3.15,17.0,11.0,14.75,15.5,2.0,buy,Success
ASRT230915P00003000,2023-09-15,ASRT,2.755000114440918,0.05,0.05,0.1,3.0,1.69,5.36,4.0,278.0,0.8,0.05,3.17,1.69,5.36,0.8,4.31,5.28,4.99,40.0,-0.3,4.87,-0.28,1.03,-3.29,0.14,-0.02,7.66,2.11,7.0,6.0,6.75,7.0,2.0,buy,Failed
ATNM230915P00005000,2023-09-15,ATNM,6.579999923706055,0.75,0.4,1.5,5.0,8.7,23.43,,1.0,4.83,0.4,6.53,8.7,23.43,4.83,6.75,7.6,9.02,57.39,-0.08,10.31,-0.23,0.07,-37.25,0.25,-0.04,14.41,5.91,50.0,11.6,27.6,24.5,2.1,buy,Success
ATUS230915P00003000,2023-09-15,ATUS,3.2799999713897705,0.1,0.05,0.15,3.0,1.69,3.23,1.0,5373.0,0.8,0.05,3.1,1.69,3.23,0.8,3.22,2.99,3.56,45.87,-0.05,4.26,-0.36,1.16,-3.61,0.15,-0.02,10.63,2.11,16.0,2.0,4.46,3.0,2.8,hold,Success
AUPH230915P00009000,2023-09-15,AUPH,8.84000015258789,0.11,0.1,0.15,9.0,1.12,8.44,16.0,1525.0,0.75,0.1,9.83,1.12,8.44,0.75,10.14,10.27,9.04,50.67,-0.1,8.65,-0.17,0.26,-7.1,0.31,-0.03,12.27,4.11,15.0,12.0,14.0,15.0,2.1,buy,Failed
AVXL230915P00007000,2023-09-15,AVXL,7.570000171661377,0.07,0.05,0.15,7.0,0.72,11.05,1.0,249.0,0.89,0.05,7.87,0.72,11.05,0.89,8.2,8.46,9.0,39.1,-0.15,9.86,-0.14,0.25,-6.05,0.22,-0.02,14.43,7.65,58.0,39.0,47.75,47.0,2.0,buy,Success
BB230915P00004500,2023-09-15,BB,5.389999866485596,0.12,0.11,0.12,4.5,2.51,1.32,216.0,4874.0,0.53,0.11,4.56,2.51,1.32,0.53,4.87,4.88,4.49,53.64,0.1,4.53,-0.41,1.25,-3.65,0.23,-0.03,6.2,3.18,7.0,4.5,5.72,6.0,2.8,hold,Success
BCRX230915P00007000,2023-09-15,BCRX,6.849999904632568,0.15,0.1,0.2,7.0,1.45,1.13,11.0,443.0,0.57,0.1,7.08,1.45,1.13,0.57,7.18,7.59,8.81,49.12,-0.06,9.67,-0.42,0.76,-6.13,0.36,-0.05,14.2,6.71,30.0,8.0,15.1,11.5,2.1,buy,Failed
BEEM230915P00007500,2023-09-15,BEEM,7.960000038146973,0.17,0.05,0.15,7.5,0.67,6.25,1.0,129.0,0.62,0.05,8.0,0.67,6.25,0.62,9.89,10.27,13.41,46.35,-0.48,13.29,-0.2,0.44,-5.3,0.28,-0.03,20.91,7.73,40.0,12.0,24.17,25.0,2.3,buy,Success
BLDE230915P00003000,2023-09-15,BLDE,2.9100000858306885,0.15,0.05,0.25,3.0,1.69,0.99,17.0,373.0,0.92,0.05,3.03,1.69,0.99,0.92,3.73,3.46,3.75,37.24,-0.18,3.89,-0.44,1.1,-4.29,0.15,-0.02,5.16,2.54,13.5,6.0,8.1,7.0,1.5,strong_buy,Failed
BLDP230915P00004000,2023-09-15,BLDP,4.210000038146973,0.12,0.05,0.15,4.0,1.27,0.74,12.0,289.0,0.7,0.05,4.03,1.27,0.74,0.7,4.42,4.44,5.03,42.45,-0.1,5.28,-0.45,1.1,-4.3,0.2,-0.03,8.08,3.94,15.0,3.0,6.23,5.0,3.0,hold,Success
BLNK230915P00003500,2023-09-15,BLNK,3.930000066757202,0.09,0.08,0.1,3.5,2.34,1.96,80.0,214.0,0.59,0.08,3.57,2.34,1.96,0.59,5.55,6.18,8.51,13.29,-0.58,9.14,-0.38,1.42,-3.09,0.17,-0.02,23.23,3.57,50.0,7.0,16.89,10.0,2.7,hold,Success
BLUE230915P00003500,2023-09-15,BLUE,3.3499999046325684,0.11,0.1,0.2,3.5,2.94,1.96,4.0,1971.0,0.88,0.1,3.57,2.94,1.96,0.88,3.59,3.69,4.83,52.0,0.02,5.16,-0.41,0.97,-4.71,0.18,-0.03,8.49,2.79,11.0,3.0,7.1,7.5,2.6,hold,Failed
BRAG230915P00005000,2023-09-15,BRAG,4.659999847412109,0.13,0.1,0.15,5.0,2.04,2.34,24.0,370.0,0.6,0.1,5.12,2.04,2.34,0.6,4.78,4.03,3.93,32.3,0.11,4.26,-0.36,0.96,-4.46,0.25,-0.03,5.76,2.9,15.01,8.0,11.12,11.0,1.9,buy,Failed
BTAI230915P00003500,2023-09-15,BTAI,3.3399999141693115,0.22,0.05,0.25,3.5,1.45,6.42,,10.0,1.18,0.05,3.74,1.45,6.42,1.18,7.31,14.6,19.09,34.87,-1.27,12.45,-0.3,0.62,-6.0,0.17,-0.02,33.24,3.42,70.0,4.0,19.5,11.5,2.2,buy,Failed
BTG230915P00003000,2023-09-15,BTG,3.25,0.05,0.05,0.1,3.0,1.69,0.99,2.0,816.0,0.5,0.05,3.03,1.69,0.99,0.5,3.32,3.58,3.6,51.61,-0.07,3.48,-0.42,2.02,-2.3,0.15,-0.02,4.3,2.75,4.84,4.8,4.82,4.82,1.7,buy,Success
CDNA230915P00007500,2023-09-15,CDNA,7.920000076293945,0.15,0.05,0.2,7.5,0.67,8.2,53.0,107.0,0.79,0.05,8.17,0.67,8.2,0.79,9.64,8.94,10.59,46.55,-0.28,11.82,-0.19,0.32,-6.74,0.28,-0.03,20.05,7.61,13.0,8.0,10.8,11.0,2.4,buy,Success
CELC230915P00007500,2023-09-15,CELC,10.40999984741211,0.6,0.25,0.85,7.5,3.45,17.76,10.0,10.0,2.44,0.25,9.12,3.45,17.76,2.44,9.91,10.19,10.44,49.61,-0.23,10.54,-0.22,0.1,-25.49,0.34,-0.04,14.01,7.55,29.0,20.0,24.67,25.0,1.7,buy,Success
CENX230915P00007000,2023-09-15,CENX,7.519999980926514,0.15,0.15,0.2,7.0,2.19,0.99,5.0,1434.0,0.5,0.15,7.07,2.19,0.99,0.5,8.39,8.45,9.06,28.98,-0.33,8.58,-0.42,0.86,-5.37,0.36,-0.05,12.9,5.28,9.0,6.0,8.0,9.0,3.7,underperform,Success
CHGG230915P00010000,2023-09-15,CHGG,9.819999694824219,0.16,0.15,0.2,10.0,1.52,1.86,102.0,2161.0,0.48,0.15,10.19,1.52,1.86,0.48,9.81,10.55,15.79,53.67,0.09,14.96,-0.37,0.6,-7.09,0.49,-0.06,29.84,8.66,24.5,11.0,14.67,13.5,3.0,hold,Failed
CHPT230915P00004500,2023-09-15,CHPT,5.619999885559082,0.02,0.01,0.04,4.5,0.22,21.33,1025.0,792.0,1.09,0.01,5.72,0.22,21.33,1.09,7.89,8.28,9.47,28.8,-0.38,10.41,-0.04,0.1,-1.99,0.06,-0.0,19.25,5.72,17.0,9.0,12.14,11.0,1.9,buy,Success
CHPT230915P00005000,2023-09-15,CHPT,5.619999885559082,0.07,0.05,0.07,5.0,1.01,12.59,2230.0,14388.0,0.91,0.05,5.72,1.01,12.59,0.91,7.89,8.28,9.47,28.8,-0.38,10.41,-0.11,0.29,-3.84,0.14,-0.01,19.25,5.72,17.0,9.0,12.14,11.0,1.9,buy,Success
CHPT230915P00005500,2023-09-15,CHPT,5.619999885559082,0.16,0.15,0.17,5.5,2.8,3.85,5893.0,5631.0,0.77,0.15,5.72,2.8,3.85,0.77,7.89,8.28,9.47,28.8,-0.38,10.41,-0.33,0.64,-6.21,0.26,-0.03,19.25,5.72,17.0,9.0,12.14,11.0,1.9,buy,Success
CIFR230915P00003000,2023-09-15,CIFR,2.869999885559082,0.2,0.15,0.2,3.0,5.26,0.33,80.0,5108.0,1.02,0.15,3.01,5.26,0.33,1.02,3.59,3.01,2.21,46.75,-0.14,2.33,-0.46,1.01,-4.72,0.15,-0.03,5.21,0.41,6.0,4.5,5.1,5.0,1.6,buy,Failed
CIO230915P00005000,2023-09-15,CIO,4.869999885559082,0.22,0.05,0.1,5.0,1.01,3.66,10.0,35.0,0.5,0.05,5.19,1.01,3.66,0.5,5.32,5.23,6.63,66.98,-0.06,6.69,-0.27,0.99,-3.32,0.22,-0.02,10.7,4.19,12.0,5.0,7.1,6.0,2.5,buy,Failed
CLAR230915P00005000,2023-09-15,CLAR,6.920000076293945,0.01,0.01,0.05,5.0,0.2,25.37,1.0,11.0,1.28,0.01,6.7,0.2,25.37,1.28,8.29,8.47,8.67,8.27,-0.46,10.06,-0.03,0.06,-2.35,0.06,-0.0,16.2,6.7,17.0,8.0,12.08,12.0,2.0,buy,Success
COMM230915P00003500,2023-09-15,COMM,3.549999952316284,0.19,0.05,0.15,3.5,1.45,3.31,10.0,1179.0,0.73,0.05,3.62,1.45,3.31,0.73,4.37,4.47,5.98,46.67,-0.18,6.87,-0.34,1.09,-3.75,0.17,-0.02,13.43,3.22,10.5,3.75,5.36,4.5,2.8,hold,Success
COTY230915P00011000,2023-09-15,COTY,11.90999984741211,0.08,0.03,0.07,11.0,0.27,2.74,3.0,694.0,0.28,0.03,11.31,0.27,2.74,0.28,11.87,11.81,10.9,50.59,-0.14,9.83,-0.21,0.71,-3.59,0.42,-0.04,13.1,6.28,15.0,11.0,13.17,13.0,2.5,buy,Success
CPE230915P00038000,2023-09-15,CPE,38.58000183105469,0.12,0.1,0.15,38.0,0.26,4.43,1.0,220.0,0.31,0.1,39.76,0.26,4.43,0.31,36.35,34.54,36.06,70.23,1.2,36.86,-0.12,0.13,-9.6,1.03,-0.08,48.23,29.75,59.0,35.0,47.64,49.0,2.4,buy,Success
CPE230915P00039000,2023-09-15,CPE,38.58000183105469,0.4,0.35,0.4,39.0,0.91,1.91,8.0,60.0,0.31,0.35,39.76,0.91,1.91,0.31,36.35,34.54,36.06,70.23,1.2,36.86,-0.3,0.22,-16.62,1.78,-0.2,48.23,29.75,59.0,35.0,47.64,49.0,2.4,buy,Failed
CRCT230915P00004650,2023-09-15,CRCT,9.25,0.35,0.05,2.75,4.65,1.09,51.31,2.0,4.0,8.74,0.05,9.55,1.09,51.31,8.74,11.06,11.06,10.27,54.19,-0.41,11.31,-0.11,0.02,-63.0,0.24,-0.04,16.98,7.19,10.5,5.0,7.88,8.0,3.5,hold,Success
CYH230915P00002000,2023-09-15,CYH,3.119999885559082,0.2,0.05,0.2,2.0,2.56,36.31,233.0,233.0,3.41,0.05,3.14,2.56,36.31,3.41,3.96,4.03,4.4,40.95,-0.19,4.17,-0.11,0.13,-7.6,0.07,-0.01,7.94,2.05,13.75,4.0,6.64,6.25,2.4,buy,Success
DBI230915P00012000,2023-09-15,DBI,12.050000190734863,0.36,0.25,0.35,12.0,2.13,0.08,1006.0,2744.0,0.5,0.25,12.01,2.13,0.08,0.5,10.2,9.15,9.58,60.91,0.42,10.41,-0.48,0.52,-9.27,0.61,-0.1,17.5,6.27,11.0,8.0,9.33,9.0,3.0,hold,Success
DDD230915P00005000,2023-09-15,DDD,5.059999942779541,0.05,0.05,0.1,5.0,1.01,5.12,121.0,258.0,0.59,0.05,5.27,1.01,5.12,0.59,7.99,8.48,9.12,19.7,-0.66,8.8,-0.23,0.77,-3.64,0.21,-0.02,12.39,5.27,11.5,6.0,8.2,8.0,3.0,hold,Success
DHT230915P00009000,2023-09-15,DHT,9.0,0.29,0.1,0.15,9.0,1.12,0.44,1.0,1369.0,0.32,0.1,9.04,1.12,0.44,0.32,9.26,8.93,9.39,25.37,-0.14,9.22,-0.45,1.08,-4.37,0.46,-0.07,12.05,7.31,17.0,10.0,12.54,12.25,1.7,buy,Failed
DISH230915P00005500,2023-09-15,DISH,6.539999961853027,0.02,0.02,0.07,5.5,0.36,12.7,7.0,1336.0,0.81,0.02,6.3,0.36,12.7,0.81,6.99,6.9,9.86,38.46,-0.32,9.36,-0.09,0.24,-3.16,0.13,-0.01,19.61,5.96,32.0,5.0,13.1,10.0,2.7,hold,Success
DISH230915P00006000,2023-09-15,DISH,6.539999961853027,0.08,0.05,0.12,6.0,0.84,4.76,247.0,24987.0,0.55,0.05,6.3,0.84,4.76,0.55,6.99,6.9,9.86,38.46,-0.32,9.36,-0.23,0.69,-4.17,0.25,-0.03,19.61,5.96,32.0,5.0,13.1,10.0,2.7,hold,Success
DNA230915P00002000,2023-09-15,DNA,1.9299999475479126,0.07,0.05,0.1,2.0,2.56,3.85,373.0,4213.0,0.92,0.05,2.08,2.56,3.85,0.92,2.03,1.77,1.69,68.55,0.06,1.97,-0.35,1.5,-2.75,0.1,-0.01,3.52,1.14,12.0,1.25,4.02,3.2,2.4,buy,Failed
DRH230915P00007500,2023-09-15,DRH,8.25,0.69,0.15,0.95,7.5,2.04,7.64,10.0,15.0,1.79,0.15,8.12,2.04,7.64,1.79,8.04,8.06,8.35,57.83,-0.0,8.3,-0.32,0.19,-20.29,0.37,-0.05,9.98,7.31,11.0,8.0,9.86,10.0,2.5,buy,Success
DTC230915P00005000,2023-09-15,DTC,4.559999942779541,0.1,0.05,0.15,5.0,1.01,4.58,1.0,79.0,0.65,0.05,5.24,1.01,4.58,0.65,5.69,5.78,5.35,13.43,-0.14,5.38,-0.27,0.76,-4.42,0.22,-0.02,8.45,3.41,12.0,9.0,10.6,10.0,1.3,strong_buy,Failed
EDIT230915P00009000,2023-09-15,EDIT,8.390000343322754,0.2,0.2,0.25,9.0,2.27,0.22,32.0,67.0,0.49,0.2,9.02,2.27,0.22,0.49,8.75,8.9,8.92,59.89,0.07,9.64,-0.47,0.7,-6.79,0.46,-0.07,16.11,6.36,30.0,7.0,13.18,12.0,2.7,hold,Failed
EHTH230915P00007500,2023-09-15,EHTH,7.050000190734863,0.3,0.15,0.3,7.5,2.04,0.79,5.0,330.0,0.57,0.15,7.56,2.04,0.79,0.57,8.02,7.91,7.45,46.67,-0.17,6.23,-0.44,0.71,-6.6,0.38,-0.06,10.09,2.68,13.0,10.0,10.8,10.0,2.8,hold,Failed
EOSE230915P00002500,2023-09-15,EOSE,2.5899999141693115,0.1,0.1,0.15,2.5,4.17,9.42,395.0,7115.0,1.5,0.1,2.76,4.17,9.42,1.5,3.24,2.88,2.27,46.81,0.02,2.66,-0.27,0.62,-5.33,0.12,-0.01,5.03,0.97,15.0,4.0,7.5,5.0,2.5,buy,Success
ET230915P00013500,2023-09-15,ET,13.59000015258789,0.04,0.03,0.04,13.5,0.22,1.89,396.0,10367.0,0.16,0.03,13.76,0.22,1.89,0.16,13.09,12.87,12.67,73.75,0.2,12.37,-0.18,0.9,-2.26,0.46,-0.04,13.78,10.22,22.0,15.0,17.29,17.0,1.5,strong_buy,Success
ETRN230915P00009000,2023-09-15,ETRN,9.600000381469727,0.05,0.05,0.1,9.0,0.56,4.86,31.0,1095.0,0.5,0.05,9.46,0.56,4.86,0.5,9.55,8.25,7.39,44.26,-0.02,7.6,-0.21,0.47,-5.2,0.35,-0.03,10.37,4.74,14.0,6.0,10.8,11.0,2.5,buy,Success
EVA230915P00007500,2023-09-15,EVA,6.869999885559082,0.15,0.05,0.15,7.5,0.67,9.42,33.0,153.0,0.78,0.05,8.28,0.67,9.42,0.78,11.44,12.04,27.73,17.42,-0.91,24.94,-0.15,0.28,-5.85,0.25,-0.02,72.5,7.01,25.0,10.0,15.8,14.0,2.4,buy,Failed
EVGO230915P00003500,2023-09-15,EVGO,3.940000057220459,0.05,0.05,0.1,3.5,1.45,3.31,8.0,0.0,0.6,0.05,3.62,1.45,3.31,0.6,4.25,4.55,5.18,32.72,-0.14,5.35,-0.32,1.27,-3.01,0.17,-0.02,10.14,3.62,12.0,1.0,6.92,7.0,2.5,buy,Success
F230915P00010500,2023-09-15,F,12.609999656677246,0.01,0.01,0.02,10.5,0.1,14.63,533.0,2997.0,0.59,0.01,12.3,0.1,14.63,0.59,13.23,12.89,12.76,62.32,-0.24,12.76,-0.02,0.05,-1.2,0.07,-0.0,15.54,10.95,21.45,10.26,13.46,13.05,2.7,hold,Success
F230915P00011000,2023-09-15,F,12.609999656677246,0.01,0.01,0.02,11.0,0.09,10.57,417.0,41473.0,0.48,0.01,12.3,0.09,10.57,0.48,13.23,12.89,12.76,62.32,-0.24,12.76,-0.03,0.09,-1.61,0.11,-0.01,15.54,10.95,21.45,10.26,13.46,13.05,2.7,hold,Success
F230915P00011350,2023-09-15,F,12.609999656677246,0.03,0.02,0.03,11.35,0.18,7.72,394.0,48752.0,0.41,0.02,12.3,0.18,7.72,0.41,13.23,12.89,12.76,62.32,-0.24,12.76,-0.06,0.18,-2.25,0.18,-0.01,15.54,10.95,21.45,10.26,13.46,13.05,2.7,hold,Success
F230915P00011500,2023-09-15,F,12.609999656677246,0.04,0.03,0.04,11.5,0.26,6.5,1196.0,3012.0,0.39,0.03,12.3,0.26,6.5,0.39,13.23,12.89,12.76,62.32,-0.24,12.76,-0.08,0.25,-2.83,0.24,-0.02,15.54,10.95,21.45,10.26,13.46,13.05,2.7,hold,Success
F230915P00012000,2023-09-15,F,12.609999656677246,0.11,0.09,0.11,12.0,0.76,2.44,4361.0,36900.0,0.32,0.09,12.3,0.76,2.44,0.32,13.23,12.89,12.76,62.32,-0.24,12.76,-0.27,0.65,-5.01,0.52,-0.06,15.54,10.95,21.45,10.26,13.46,13.05,2.7,hold,Success
FCEL230915P00001000,2023-09-15,FCEL,1.2400000095367432,0.02,0.01,0.02,1.0,1.01,30.56,246.0,448.0,1.88,0.01,1.44,1.01,30.56,1.88,1.9,2.07,2.62,39.24,-0.14,2.74,-0.05,0.3,-1.1,0.02,-0.0,4.36,1.33,3.0,1.5,2.49,2.5,3.3,hold,Success
FNGR230915P00005000,2023-09-15,FNGR,6.039999961853027,0.1,0.05,0.15,5.0,1.01,24.13,33.0,457.0,1.7,0.05,6.59,1.01,24.13,1.7,5.01,3.46,3.13,74.4,0.34,5.46,-0.08,0.11,-6.78,0.13,-0.01,8.95,0.62,5.0,5.0,5.0,5.0,2.0,buy,Success
FNGR230915P00005500,2023-09-15,FNGR,6.039999961853027,0.25,0.15,0.3,5.5,2.8,16.54,56.0,64.0,1.76,0.15,6.59,2.8,16.54,1.76,5.01,3.46,3.13,74.4,0.34,5.46,-0.18,0.18,-11.84,0.22,-0.02,8.95,0.62,5.0,5.0,5.0,5.0,2.0,buy,Success
FNGR230915P00006000,2023-09-15,FNGR,6.039999961853027,0.5,0.35,0.5,6.0,6.19,8.95,371.0,241.0,1.84,0.35,6.59,6.19,8.95,1.84,5.01,3.46,3.13,74.4,0.34,5.46,-0.3,0.23,-16.45,0.29,-0.04,8.95,0.62,5.0,5.0,5.0,5.0,2.0,buy,Success
FREY230915P00006000,2023-09-15,FREY,5.710000038146973,0.12,0.05,0.15,6.0,0.84,3.07,6.0,165.0,0.5,0.05,6.19,0.84,3.07,0.5,7.81,7.56,8.45,40.91,-0.39,10.11,-0.3,0.88,-4.18,0.28,-0.03,16.08,6.19,15.0,10.0,13.17,13.5,1.9,buy,Failed
FSR230915P00005000,2023-09-15,FSR,6.980000019073486,0.03,0.01,0.02,5.0,0.2,19.87,62.0,1533.0,0.91,0.01,6.24,0.2,19.87,0.91,6.01,5.93,6.39,77.95,0.07,6.6,-0.02,0.08,-1.27,0.05,-0.0,9.23,4.45,19.0,4.0,8.95,7.0,3.2,hold,Success
FSR230915P00005500,2023-09-15,FSR,6.980000019073486,0.03,0.02,0.03,5.5,0.36,11.86,234.0,870.0,0.66,0.02,6.24,0.36,11.86,0.66,6.01,5.93,6.39,77.95,0.07,6.6,-0.06,0.23,-1.93,0.1,-0.01,9.23,4.45,19.0,4.0,8.95,7.0,3.2,hold,Success
FSR230915P00006000,2023-09-15,FSR,6.980000019073486,0.11,0.1,0.11,6.0,1.69,3.85,2017.0,2695.0,0.56,0.1,6.24,1.69,3.85,0.56,6.01,5.93,6.39,77.95,0.07,6.6,-0.28,0.75,-4.59,0.27,-0.03,9.23,4.45,19.0,4.0,8.95,7.0,3.2,hold,Success
FTCH230915P00002500,2023-09-15,FTCH,2.309999942779541,0.04,0.03,0.04,2.5,1.21,5.3,12.0,12334.0,0.58,0.03,2.64,1.21,5.3,0.58,4.75,4.79,5.05,51.55,-0.62,5.45,-0.22,1.51,-1.75,0.1,-0.01,11.56,2.61,18.0,3.0,6.63,5.5,2.6,hold,Failed
FUBO230915P00002000,2023-09-15,FUBO,2.740000009536743,0.01,0.01,0.02,2.0,0.5,33.77,790.0,2029.0,1.75,0.01,3.02,0.5,33.77,1.75,2.57,2.11,2.03,79.39,0.1,2.44,-0.03,0.09,-1.23,0.02,-0.0,5.12,1.04,5.0,3.0,3.6,3.0,2.7,hold,Success
FUBO230915P00002500,2023-09-15,FUBO,2.740000009536743,0.02,0.02,0.03,2.5,0.81,17.22,1063.0,3208.0,1.06,0.02,3.02,0.81,17.22,1.06,2.57,2.11,2.03,79.39,0.1,2.44,-0.07,0.34,-1.73,0.05,-0.0,5.12,1.04,5.0,3.0,3.6,3.0,2.7,hold,Success
FUBO230915P00003000,2023-09-15,FUBO,2.740000009536743,0.17,0.14,0.18,3.0,4.9,0.66,585.0,914.0,0.95,0.14,3.02,4.9,0.66,0.95,2.57,2.11,2.03,79.39,0.1,2.44,-0.45,1.07,-4.43,0.15,-0.02,5.12,1.04,5.0,3.0,3.6,3.0,2.7,hold,Failed
FULC230915P00005000,2023-09-15,FULC,4.489999771118164,0.14,0.05,0.1,5.0,1.01,3.85,60.0,1121.0,0.52,0.05,5.2,1.01,3.85,0.52,4.28,3.65,5.61,65.03,0.41,5.77,-0.26,0.95,-3.41,0.22,-0.02,13.99,2.26,16.0,4.5,10.57,11.0,2.0,buy,Failed
GATO230915P00005000,2023-09-15,GATO,5.989999771118164,0.1,0.1,0.2,5.0,2.04,0.79,11.0,2.0,0.57,0.1,5.04,2.04,0.79,0.57,4.55,4.85,4.82,77.33,0.06,4.57,-0.44,1.07,-4.4,0.25,-0.04,7.37,2.23,8.0,5.0,6.17,5.5,2.3,buy,Success
GEO230915P00007000,2023-09-15,GEO,7.570000171661377,0.09,0.05,0.1,7.0,0.72,0.85,66.0,4642.0,0.31,0.05,7.06,0.72,0.85,0.31,7.24,7.47,8.73,47.77,-0.0,8.85,-0.41,1.39,-3.26,0.35,-0.05,12.28,6.95,15.0,12.5,13.75,13.75,1.5,strong_buy,Success
GETY230915P00005000,2023-09-15,GETY,6.5,0.1,0.05,0.1,5.0,1.01,5.66,150.0,173.0,0.62,0.05,5.3,1.01,5.66,0.62,4.68,5.17,5.37,90.63,0.08,6.23,-0.22,0.7,-3.75,0.2,-0.02,13.35,3.56,7.7,5.0,6.52,6.5,2.1,buy,Success
GGB230915P00005000,2023-09-15,GGB,5.239999771118164,0.11,0.05,0.1,5.0,1.01,0.79,1.0,836.0,0.4,0.05,5.04,1.01,0.79,0.4,5.42,5.21,5.29,47.83,-0.1,5.16,-0.43,1.52,-3.05,0.25,-0.04,6.24,4.1,6.9,6.5,6.7,6.7,2.0,buy,Success
GPS230915P00010000,2023-09-15,GPS,11.199999809265137,0.01,0.01,0.03,10.0,0.1,11.27,7.0,2351.0,0.52,0.01,11.27,0.1,11.27,0.52,10.06,9.42,10.86,61.58,0.4,10.62,-0.03,0.1,-1.65,0.11,-0.01,15.26,7.42,18.0,6.0,10.83,10.9,3.0,hold,Success
GPS230915P00010500,2023-09-15,GPS,11.199999809265137,0.05,0.03,0.05,10.5,0.29,6.83,12.0,495.0,0.44,0.03,11.27,0.29,6.83,0.44,10.06,9.42,10.86,61.58,0.4,10.62,-0.1,0.27,-3.32,0.25,-0.02,15.26,7.42,18.0,6.0,10.83,10.9,3.0,hold,Success
GPS230915P00011000,2023-09-15,GPS,11.199999809265137,0.13,0.12,0.14,11.0,1.1,2.4,4.0,808.0,0.38,0.12,11.27,1.1,2.4,0.38,10.06,9.42,10.86,61.58,0.4,10.62,-0.3,0.63,-5.82,0.5,-0.06,15.26,7.42,18.0,6.0,10.83,10.9,3.0,hold,Success
GROV230915P00002500,2023-09-15,GROV,3.200000047683716,0.05,0.05,0.1,2.5,2.04,13.79,10.0,88.0,1.38,0.05,2.9,2.04,13.79,1.38,2.42,2.31,2.32,37.11,0.19,3.26,-0.18,0.51,-4.02,0.1,-0.01,34.75,1.02,15.0,3.0,9.0,9.0,1.5,strong_buy,Success
GRWG230915P00003000,2023-09-15,GRWG,3.609999895095825,0.05,0.05,0.1,3.0,1.69,13.04,8.0,293.0,1.23,0.05,3.45,1.69,13.04,1.23,3.3,3.45,4.0,78.81,0.0,4.47,-0.17,0.46,-4.16,0.11,-0.01,8.08,2.61,8.0,3.5,4.96,4.75,2.1,buy,Success
GSM230915P00003000,2023-09-15,GSM,5.429999828338623,0.15,0.05,0.3,3.0,1.69,43.93,,5.0,3.81,0.05,5.35,1.69,43.93,3.81,5.15,4.88,4.67,38.68,0.06,4.93,-0.08,0.06,-11.44,0.1,-0.01,7.1,3.66,12.0,11.0,11.5,11.5,2.0,buy,Success
HE230915P00010000,2023-09-15,HE,13.119999885559082,0.15,0.05,0.15,10.0,0.5,20.38,303.0,10373.0,1.22,0.05,12.56,0.5,20.38,1.22,28.25,32.86,36.66,45.84,-4.73,18.6,-0.06,0.06,-7.29,0.2,-0.01,43.45,9.66,11.0,8.0,9.17,8.5,3.3,hold,Success
HE230915P00010500,2023-09-15,HE,13.119999885559082,0.13,0.1,0.15,10.5,0.96,16.4,18.0,495.0,1.09,0.1,12.56,0.96,16.4,1.09,28.25,32.86,36.66,45.84,-4.73,18.6,-0.09,0.09,-8.59,0.26,-0.02,43.45,9.66,11.0,8.0,9.17,8.5,3.3,hold,Success
HE230915P00011000,2023-09-15,HE,13.119999885559082,0.22,0.15,0.25,11.0,1.38,12.42,198.0,2453.0,1.05,0.15,12.56,1.38,12.42,1.05,28.25,32.86,36.66,45.84,-4.73,18.6,-0.15,0.14,-11.78,0.37,-0.03,43.45,9.66,11.0,8.0,9.17,8.5,3.3,hold,Success
HE230915P00011500,2023-09-15,HE,13.119999885559082,0.28,0.25,0.35,11.5,2.22,8.44,241.0,633.0,1.0,0.25,12.56,2.22,8.44,1.0,28.25,32.86,36.66,45.84,-4.73,18.6,-0.22,0.19,-14.6,0.48,-0.05,43.45,9.66,11.0,8.0,9.17,8.5,3.3,hold,Success
HE230915P00012000,2023-09-15,HE,13.119999885559082,0.4,0.4,0.45,12.0,3.45,4.46,569.0,2729.0,0.92,0.4,12.56,3.45,4.46,0.92,28.25,32.86,36.66,45.84,-4.73,18.6,-0.33,0.24,-16.26,0.58,-0.07,43.45,9.66,11.0,8.0,9.17,8.5,3.3,hold,Success
HE230915P00012500,2023-09-15,HE,13.119999885559082,0.61,0.6,0.65,12.5,5.04,0.48,593.0,13305.0,0.88,0.6,12.56,5.04,0.48,0.88,28.25,32.86,36.66,45.84,-4.73,18.6,-0.46,0.28,-17.14,0.64,-0.1,43.45,9.66,11.0,8.0,9.17,8.5,3.3,hold,Success
HLLY230915P00005000,2023-09-15,HLLY,5.590000152587891,0.09,0.05,0.15,5.0,1.01,4.94,5.0,130.0,0.67,0.05,5.26,1.01,4.94,0.67,5.76,4.41,3.46,29.14,-0.15,3.81,-0.26,0.72,-4.48,0.22,-0.02,7.9,1.91,12.0,8.0,9.33,9.0,2.0,buy,Success
HOOD230915P00010000,2023-09-15,HOOD,10.670000076293945,0.03,0.02,0.03,10.0,0.2,6.89,119.0,6429.0,0.38,0.02,10.74,0.2,6.89,0.38,11.32,10.25,9.82,63.24,-0.1,10.13,-0.07,0.25,-2.12,0.18,-0.01,13.12,7.7,25.0,9.0,12.8,11.4,3.0,hold,Success
HOOD230915P00010500,2023-09-15,HOOD,10.670000076293945,0.1,0.09,0.11,10.5,0.86,2.23,641.0,1071.0,0.33,0.09,10.74,0.86,2.23,0.33,11.32,10.25,9.82,63.24,-0.1,10.13,-0.29,0.75,-4.72,0.47,-0.05,13.12,7.7,25.0,9.0,12.8,11.4,3.0,hold,Success
INMB230915P00007500,2023-09-15,INMB,7.940000057220459,0.2,0.05,0.2,7.5,0.67,7.64,10.0,308.0,0.76,0.05,8.12,0.67,7.64,0.76,8.59,8.33,8.03,57.54,-0.11,8.01,-0.19,0.35,-6.61,0.29,-0.03,10.9,6.01,22.0,14.0,17.33,16.0,1.3,strong_buy,Success
IQ230915P00004500,2023-09-15,IQ,4.75,0.07,0.05,0.07,4.5,1.12,2.81,43.0,4005.0,0.46,0.05,4.63,1.12,2.81,0.46,5.36,5.38,5.66,31.29,-0.2,5.09,-0.3,1.28,-2.89,0.21,-0.02,7.73,2.01,12.0,5.12,7.35,7.25,1.9,buy,Success
ITUB230915P00004000,2023-09-15,ITUB,5.630000114440918,0.31,0.05,0.2,4.0,1.27,25.09,2.0,1001.0,2.04,0.05,5.34,1.27,25.09,2.04,5.71,5.56,5.18,47.77,-0.08,5.17,-0.11,0.13,-7.88,0.13,-0.01,6.06,4.33,7.2,5.7,6.65,6.85,2.4,buy,Success
IVR230915P00009500,2023-09-15,IVR,10.949999809265137,0.03,0.01,0.11,9.5,0.11,12.04,100.0,6.0,0.72,0.01,10.8,0.11,12.04,0.72,11.27,10.97,11.83,58.42,-0.09,11.78,-0.07,0.14,-4.28,0.2,-0.01,15.98,9.74,11.0,10.5,10.75,10.75,3.5,hold,Success
IVR230915P00010000,2023-09-15,IVR,10.949999809265137,0.05,0.01,0.16,10.0,0.1,7.41,1.0,11.0,0.57,0.01,10.8,0.1,7.41,0.57,11.27,10.97,11.83,58.42,-0.09,11.78,-0.14,0.28,-5.19,0.3,-0.03,15.98,9.74,11.0,10.5,10.75,10.75,3.5,hold,Success
IVR230915P00010500,2023-09-15,IVR,10.949999809265137,0.05,0.02,0.07,10.5,0.19,2.78,2.0,17.0,0.29,0.02,10.8,0.19,2.78,0.29,11.27,10.97,11.83,58.42,-0.09,11.78,-0.22,0.73,-3.55,0.41,-0.04,15.98,9.74,11.0,10.5,10.75,10.75,3.5,hold,Success
JBLU230915P00002000,2023-09-15,JBLU,4.96999979019165,0.04,0.01,0.11,2.0,0.5,61.39,1.0,126.0,4.31,0.01,5.18,0.5,61.39,4.31,7.22,7.24,7.43,9.09,-0.45,7.38,-0.02,0.02,-4.72,0.04,-0.0,9.33,5.18,9.0,4.5,6.5,7.0,3.2,hold,Success
JBLU230915P00005000,2023-09-15,JBLU,4.96999979019165,0.06,0.06,0.07,5.0,1.21,3.47,348.0,2693.0,0.48,0.06,5.18,1.21,3.47,0.48,7.22,7.24,7.43,9.09,-0.45,7.38,-0.27,1.05,-3.17,0.22,-0.02,9.33,5.18,9.0,4.5,6.5,7.0,3.2,hold,Failed
JMIA230915P00002500,2023-09-15,JMIA,2.799999952316284,0.02,0.02,0.03,2.5,0.81,9.75,131.0,7119.0,0.72,0.02,2.77,0.81,9.75,0.72,3.71,3.38,3.5,37.89,-0.24,4.02,-0.12,0.8,-1.58,0.07,-0.01,8.06,2.55,5.0,3.0,4.0,4.0,3.3,hold,Success
JOBY230915P00007000,2023-09-15,JOBY,6.539999961853027,0.15,0.1,0.15,7.0,1.45,4.11,12.0,3751.0,0.59,0.1,7.3,1.45,4.11,0.59,8.35,6.92,5.47,55.17,-0.19,6.65,-0.27,0.61,-5.54,0.31,-0.03,10.69,3.18,11.0,6.0,8.8,10.0,2.7,hold,Failed
KC230915P00005000,2023-09-15,KC,4.96999979019165,0.25,0.1,0.2,5.0,2.04,2.53,346.0,1354.0,0.7,0.1,5.13,2.04,2.53,0.7,5.91,5.7,5.24,50.43,-0.16,4.93,-0.37,0.82,-5.23,0.25,-0.03,9.36,1.9,7.7,1.95,5.49,5.38,2.8,hold,Failed
KEY230915P00010500,2023-09-15,KEY,11.720000267028809,0.08,0.05,0.1,10.5,0.48,6.67,305.0,203.0,0.55,0.05,11.25,0.48,6.67,0.55,11.02,10.59,13.6,57.45,0.01,13.28,-0.16,0.3,-5.82,0.35,-0.03,20.05,8.93,18.0,10.0,13.08,13.0,2.5,buy,Success
KEY230915P00011000,2023-09-15,KEY,11.720000267028809,0.19,0.15,0.2,11.0,1.38,2.22,1289.0,3270.0,0.47,0.15,11.25,1.38,2.22,0.47,11.02,10.59,13.6,57.45,0.01,13.28,-0.34,0.54,-7.55,0.53,-0.07,20.05,8.93,18.0,10.0,13.08,13.0,2.5,buy,Success
KGC230915P00004500,2023-09-15,KGC,5.179999828338623,0.02,0.01,0.02,4.5,0.22,5.66,14.0,1953.0,0.38,0.01,4.77,0.22,5.66,0.38,4.89,4.94,4.62,56.88,-0.01,4.33,-0.11,0.81,-1.29,0.11,-0.01,5.55,3.25,7.15,3.5,5.95,6.5,2.4,buy,Success
LAZR230915P00005000,2023-09-15,LAZR,5.110000133514404,0.06,0.05,0.07,5.0,1.01,6.19,35.0,3294.0,0.59,0.05,5.33,1.01,6.19,0.59,6.56,6.46,6.65,37.77,-0.28,7.07,-0.19,0.67,-3.26,0.18,-0.02,9.89,3.95,18.0,4.5,11.14,10.0,2.2,buy,Success
LCID230915P00005000,2023-09-15,LCID,5.920000076293945,0.02,0.01,0.03,5.0,0.2,14.38,369.0,12479.0,0.73,0.01,5.84,0.2,14.38,0.73,6.76,6.87,7.76,39.76,-0.18,8.63,-0.04,0.17,-1.58,0.07,-0.0,16.63,5.47,10.0,5.0,7.58,7.75,2.8,hold,Success
LCID230915P00005500,2023-09-15,LCID,5.920000076293945,0.06,0.05,0.06,5.5,0.92,5.82,8023.0,2849.0,0.52,0.05,5.84,0.92,5.82,0.52,6.76,6.87,7.76,39.76,-0.18,8.63,-0.18,0.66,-3.08,0.19,-0.02,16.63,5.47,10.0,5.0,7.58,7.75,2.8,hold,Success
LPSN230915P00004000,2023-09-15,LPSN,4.449999809265137,0.29,0.05,0.2,4.0,1.27,3.15,1.0,1218.0,0.77,0.05,4.13,1.27,3.15,0.77,4.44,4.33,7.27,45.88,-0.11,6.51,-0.35,0.92,-4.57,0.2,-0.03,17.52,3.28,7.0,4.0,5.38,5.0,2.9,hold,Success
LVWR230915P00010000,2023-09-15,LVWR,10.0,0.39,0.1,0.35,10.0,1.01,4.76,5.0,138.0,0.71,0.1,10.5,1.01,4.76,0.71,11.27,9.9,8.07,54.96,-0.14,9.34,-0.28,0.35,-9.77,0.45,-0.05,12.29,4.2,10.5,10.5,10.5,10.5,3.0,hold,Failed
LXU230915P00010000,2023-09-15,LXU,10.65999984741211,0.2,0.05,0.15,10.0,0.5,5.03,20.0,447.0,0.58,0.05,10.53,0.5,5.03,0.58,10.38,9.95,11.23,58.33,-0.04,12.34,-0.23,0.39,-7.27,0.41,-0.04,17.66,8.36,14.0,11.0,12.79,13.0,2.3,buy,Success
MBI230915P00008000,2023-09-15,MBI,8.09000015258789,0.1,0.1,0.2,8.0,1.27,0.62,1.0,75.0,0.47,0.1,8.05,1.27,0.62,0.47,8.5,8.63,10.26,41.9,-0.12,10.18,-0.45,0.81,-5.83,0.41,-0.06,13.79,7.58,13.0,10.0,11.67,12.0,2.2,buy,Success
MESO230915P00001500,2023-09-15,MESO,1.4199999570846558,0.1,0.1,0.3,1.5,7.14,0.66,11.0,91.0,2.34,0.1,1.51,7.14,0.66,2.34,2.83,3.2,3.25,62.81,-0.32,2.76,-0.43,0.87,-5.42,0.08,-0.01,4.83,1.23,17.0,1.5,6.83,2.0,3.0,hold,Failed
METC230915P00007500,2023-09-15,METC,9.0,0.3,0.05,0.1,7.5,0.67,5.06,2.0,627.0,0.55,0.05,7.9,0.67,5.06,0.55,8.5,8.55,9.1,45.03,-0.17,9.43,-0.22,0.53,-5.0,0.3,-0.03,12.48,7.4,11.0,4.29,9.06,10.0,2.0,buy,Success
MGNI230915P00007500,2023-09-15,MGNI,8.0600004196167,0.08,0.05,0.1,7.5,0.67,6.72,6.0,3598.0,0.57,0.05,8.04,0.67,6.72,0.57,11.82,11.62,11.1,50.74,-0.98,10.36,-0.16,0.42,-4.36,0.25,-0.02,15.48,5.78,18.0,12.0,14.78,15.0,2.0,buy,Success
MLCO230915P00010000,2023-09-15,MLCO,10.40999984741211,0.17,0.15,0.2,10.0,1.52,1.48,14.0,1550.0,0.45,0.15,10.15,1.52,1.48,0.45,12.12,12.21,12.14,41.47,-0.47,10.36,-0.39,0.65,-6.79,0.5,-0.07,14.39,4.87,20.0,9.7,16.71,17.5,1.8,buy,Success
MNMD230915P00002500,2023-09-15,MNMD,4.170000076293945,0.29,0.1,0.16,2.5,4.17,37.34,1.0,34.0,3.23,0.1,3.99,4.17,37.34,3.23,4.17,3.85,3.47,50.0,-0.06,3.61,-0.09,0.1,-8.23,0.08,-0.01,8.38,2.14,75.0,7.0,23.14,18.0,1.7,buy,Success
MNMD230915P00003000,2023-09-15,MNMD,4.170000076293945,0.07,0.01,0.06,3.0,0.33,24.81,1.0,262.0,1.48,0.01,3.99,0.33,24.81,1.48,4.17,3.85,3.47,50.0,-0.06,3.61,-0.06,0.15,-2.58,0.06,-0.0,8.38,2.14,75.0,7.0,23.14,18.0,1.7,buy,Success
MNMD230915P00003500,2023-09-15,MNMD,4.170000076293945,0.04,0.04,0.05,3.5,1.16,12.28,34.0,179.0,0.92,0.04,3.99,1.16,12.28,0.92,4.17,3.85,3.47,50.0,-0.06,3.61,-0.12,0.43,-2.88,0.1,-0.01,8.38,2.14,75.0,7.0,23.14,18.0,1.7,buy,Success
MPAA230915P00007500,2023-09-15,MPAA,7.449999809265137,0.2,0.05,0.2,7.5,0.67,2.98,10.0,266.0,0.67,0.05,7.73,0.67,2.98,0.67,8.44,7.03,9.11,41.39,-0.16,8.32,-0.35,0.55,-7.44,0.37,-0.05,19.84,4.4,12.0,12.0,12.0,12.0,2.0,buy,Failed
MPW230915P00005500,2023-09-15,MPW,6.360000133514404,0.02,0.01,0.02,5.5,0.18,17.17,456.0,225.0,0.78,0.01,6.64,0.18,17.17,0.78,8.72,8.59,9.81,42.33,-0.52,10.16,-0.03,0.09,-1.25,0.05,-0.0,15.03,6.64,15.0,7.0,9.8,10.0,2.7,hold,Success
MPW230915P00006000,2023-09-15,MPW,6.360000133514404,0.08,0.07,0.08,6.0,1.18,9.64,690.0,27518.0,0.77,0.07,6.64,1.18,9.64,0.77,8.72,8.59,9.81,42.33,-0.52,10.16,-0.14,0.34,-4.48,0.19,-0.02,15.03,6.64,15.0,7.0,9.8,10.0,2.7,hold,Success
MPW230915P00006500,2023-09-15,MPW,6.360000133514404,0.22,0.2,0.22,6.5,3.17,2.11,6255.0,24573.0,0.71,0.2,6.64,3.17,2.11,0.71,8.72,8.59,9.81,42.33,-0.52,10.16,-0.39,0.64,-6.99,0.33,-0.05,15.03,6.64,15.0,7.0,9.8,10.0,2.7,hold,Failed
MRCC230915P00007500,2023-09-15,MRCC,7.510000228881836,0.25,0.05,0.25,7.5,0.67,2.34,10.0,411.0,0.51,0.05,7.68,0.67,2.34,0.51,8.06,7.86,8.06,54.26,-0.12,8.0,-0.35,0.73,-5.62,0.36,-0.05,9.28,6.86,10.5,8.0,9.17,9.0,2.6,hold,Success
MRVI230915P00010000,2023-09-15,MRVI,10.460000038146973,0.17,0.1,0.55,10.0,1.01,7.66,5.0,4331.0,1.07,0.1,10.83,1.01,7.66,1.07,11.35,12.41,13.32,60.91,-0.18,14.31,-0.26,0.22,-14.56,0.45,-0.05,25.82,10.05,17.0,8.0,12.88,12.0,2.1,buy,Success
MVIS230915P00002000,2023-09-15,MVIS,2.2200000286102295,0.02,0.02,0.03,2.0,1.01,14.89,453.0,646.0,1.03,0.02,2.35,1.01,14.89,1.03,3.35,3.52,3.04,31.33,-0.26,3.91,-0.1,0.56,-1.64,0.05,-0.0,7.65,1.82,4.0,4.0,4.0,4.0,3.0,hold,Success
MVST230915P00002000,2023-09-15,MVST,2.0299999713897705,0.1,0.05,0.1,2.0,2.56,5.21,6.0,1150.0,1.0,0.05,2.11,2.56,5.21,1.0,2.18,1.81,1.68,63.16,-0.0,1.94,-0.31,1.31,-2.91,0.1,-0.01,2.87,0.95,8.0,8.0,8.0,8.0,1.3,strong_buy,Success
NNOX230915P00007000,2023-09-15,NNOX,6.980000019073486,0.05,0.05,0.15,7.0,0.72,6.17,1.0,4.0,0.63,0.05,7.46,0.72,6.17,0.63,11.54,13.46,10.71,30.89,-1.08,13.03,-0.2,0.47,-5.2,0.27,-0.03,21.51,5.43,34.0,30.0,32.0,32.0,1.5,strong_buy,Failed
NOK230915P00004000,2023-09-15,NOK,3.930000066757202,0.04,0.03,0.04,4.0,0.76,0.99,22.0,1907.0,0.24,0.03,4.04,0.76,0.99,0.24,3.97,4.03,4.39,76.74,0.03,4.43,-0.37,3.0,-1.42,0.19,-0.02,5.13,3.76,7.24,4.39,5.99,6.0,2.3,buy,Failed
NU230915P00006000,2023-09-15,NU,7.360000133514404,0.01,0.01,0.02,6.0,0.17,11.89,128.0,25279.0,0.56,0.01,6.81,0.17,11.89,0.56,7.58,6.99,5.67,37.95,-0.22,5.5,-0.04,0.16,-1.19,0.07,-0.0,8.18,3.48,11.0,4.0,8.68,9.15,2.4,buy,Success
NU230915P00006500,2023-09-15,NU,7.360000133514404,0.06,0.05,0.06,6.5,0.78,4.55,332.0,988.0,0.44,0.05,6.81,0.78,4.55,0.44,7.58,6.99,5.67,37.95,-0.22,5.5,-0.19,0.72,-3.18,0.24,-0.02,8.18,3.48,11.0,4.0,8.68,9.15,2.4,buy,Success
NVAX230915P00006000,2023-09-15,NVAX,7.710000038146973,0.02,0.01,0.03,6.0,0.17,33.11,16.0,163.0,1.47,0.01,8.97,0.17,33.11,1.47,8.15,7.95,9.25,64.27,0.3,11.22,-0.01,0.02,-1.7,0.04,-0.0,33.0,5.76,38.0,5.0,20.6,15.0,2.7,hold,Success
NVAX230915P00006500,2023-09-15,NVAX,7.710000038146973,0.04,0.03,0.04,6.5,0.46,27.54,8.0,1286.0,1.36,0.03,8.97,0.46,27.54,1.36,8.15,7.95,9.25,64.27,0.3,11.22,-0.03,0.04,-2.91,0.07,-0.0,33.0,5.76,38.0,5.0,20.6,15.0,2.7,hold,Success
NVAX230915P00007000,2023-09-15,NVAX,7.710000038146973,0.05,0.05,0.07,7.0,0.72,21.96,389.0,3977.0,1.24,0.05,8.97,0.72,21.96,1.24,8.15,7.95,9.25,64.27,0.3,11.22,-0.05,0.07,-4.53,0.12,-0.01,33.0,5.76,38.0,5.0,20.6,15.0,2.7,hold,Success
NVAX230915P00007500,2023-09-15,NVAX,7.710000038146973,0.13,0.14,0.17,7.5,1.9,16.39,2148.0,7162.0,1.32,0.14,8.97,1.9,16.39,1.32,8.15,7.95,9.25,64.27,0.3,11.22,-0.13,0.14,-9.58,0.24,-0.02,33.0,5.76,38.0,5.0,20.6,15.0,2.7,hold,Success
NVAX230915P00008000,2023-09-15,NVAX,7.710000038146973,0.3,0.27,0.32,8.0,3.49,10.81,436.0,751.0,1.34,0.27,8.97,3.49,10.81,1.34,8.15,7.95,9.25,64.27,0.3,11.22,-0.23,0.19,-14.12,0.35,-0.04,33.0,5.76,38.0,5.0,20.6,15.0,2.7,hold,Failed
NVAX230915P00008500,2023-09-15,NVAX,7.710000038146973,0.5,0.48,0.52,8.5,5.99,5.24,400.0,310.0,1.38,0.48,8.97,5.99,5.24,1.38,8.15,7.95,9.25,64.27,0.3,11.22,-0.35,0.23,-17.77,0.42,-0.06,33.0,5.76,38.0,5.0,20.6,15.0,2.7,hold,Failed
NVTS230915P00007500,2023-09-15,NVTS,7.590000152587891,0.1,0.05,0.1,7.5,0.67,9.2,3.0,1039.0,0.7,0.05,8.26,0.67,9.2,0.7,9.36,8.59,6.94,56.16,-0.22,7.06,-0.13,0.29,-4.71,0.22,-0.02,10.83,3.22,14.0,9.2,11.47,12.0,2.0,buy,Success
OBE230915P00007500,2023-09-15,OBE,7.769999980926514,0.1,0.1,0.2,7.5,1.35,0.53,3.0,236.0,0.49,0.1,7.54,1.35,0.53,0.49,6.68,6.37,6.52,70.62,0.2,6.97,-0.45,0.83,-5.7,0.38,-0.06,10.0,5.43,9.53,8.8,9.16,9.16,2.0,buy,Success
OCUL230915P00003500,2023-09-15,OCUL,3.4800000190734863,0.07,0.05,0.3,3.5,1.45,6.67,6.0,56.0,1.32,0.05,3.75,1.45,6.67,1.32,4.35,5.23,4.75,29.73,-0.17,5.01,-0.31,0.56,-6.81,0.17,-0.02,7.64,2.61,18.0,9.0,13.13,13.0,1.7,buy,Failed
OMER230915P00003000,2023-09-15,OMER,3.109999895095825,0.06,0.05,0.2,3.0,1.69,10.98,60.0,226.0,1.44,0.05,3.37,1.69,10.98,1.44,4.36,5.15,4.26,45.56,-0.27,4.35,-0.23,0.49,-5.79,0.13,-0.01,7.57,1.75,13.0,4.0,7.0,4.0,3.0,hold,Success
OPEN230915P00003000,2023-09-15,OPEN,3.2200000286102295,0.02,0.01,0.03,3.0,0.33,20.63,10.0,2227.0,1.11,0.01,3.78,0.33,20.63,1.11,3.96,3.12,2.38,70.39,0.01,2.43,-0.04,0.18,-1.54,0.05,-0.0,5.27,0.97,7.0,1.0,3.37,3.9,3.0,hold,Success
OPEN230915P00003500,2023-09-15,OPEN,3.2200000286102295,0.07,0.06,0.07,3.5,1.74,7.41,185.0,4008.0,0.79,0.06,3.78,1.74,7.41,0.79,3.96,3.12,2.38,70.39,0.01,2.43,-0.21,0.75,-3.33,0.14,-0.01,5.27,0.97,7.0,1.0,3.37,3.9,3.0,hold,Failed
OPRT230915P00007500,2023-09-15,OPRT,7.409999847412109,0.67,0.05,4.8,7.5,0.67,0.13,,10.0,5.64,0.05,7.51,0.67,0.13,5.64,6.34,5.71,5.56,74.73,0.32,4.99,-0.36,0.07,-61.64,0.36,-0.08,7.83,2.45,13.0,6.0,8.42,7.75,1.8,buy,Failed
OUST230915P00005000,2023-09-15,OUST,4.690000057220459,0.2,0.15,0.25,5.0,3.09,0.79,7.0,655.0,0.74,0.15,5.04,3.09,0.79,0.74,5.74,5.45,8.18,31.8,-0.17,6.71,-0.45,0.82,-5.74,0.26,-0.04,18.3,3.24,17.5,5.0,9.86,10.0,2.3,buy,Failed
PACB230915P00010000,2023-09-15,PACB,10.420000076293945,0.15,0.15,0.2,10.0,1.52,3.75,6.0,743.0,0.55,0.15,10.39,1.52,3.75,0.55,12.08,12.19,11.06,50.44,-0.32,9.96,-0.28,0.46,-7.57,0.45,-0.05,14.05,5.09,20.0,13.0,15.58,15.5,2.2,buy,Success
PACW230915P00007500,2023-09-15,PACW,8.329999923706055,0.08,0.05,0.1,7.5,0.67,4.46,128.0,339.0,0.52,0.05,7.85,0.67,4.46,0.52,8.47,8.07,14.8,49.32,-0.17,9.24,-0.23,0.59,-4.82,0.31,-0.03,29.58,3.17,14.0,8.75,11.56,11.63,2.6,hold,Success
PBR230915P00013000,2023-09-15,PBR,15.199999809265137,0.02,0.01,0.02,13.0,0.08,11.44,35.0,22502.0,0.49,0.01,14.68,0.08,11.44,0.49,13.97,13.11,11.97,60.42,0.24,12.21,-0.02,0.06,-1.64,0.11,-0.01,16.05,9.14,19.0,13.0,15.92,15.0,2.4,buy,Success
PBR230915P00013500,2023-09-15,PBR,15.199999809265137,0.03,0.02,0.03,13.5,0.15,8.04,4.0,10522.0,0.4,0.02,14.68,0.15,8.04,0.4,13.97,13.11,11.97,60.42,0.24,12.21,-0.05,0.13,-2.25,0.19,-0.01,16.05,9.14,19.0,13.0,15.92,15.0,2.4,buy,Success
PBR230915P00014000,2023-09-15,PBR,15.199999809265137,0.06,0.05,0.06,14.0,0.36,4.63,155.0,4474.0,0.33,0.05,14.68,0.36,4.63,0.33,13.97,13.11,11.97,60.42,0.24,12.21,-0.12,0.33,-3.84,0.39,-0.03,16.05,9.14,19.0,13.0,15.92,15.0,2.4,buy,Success
PBR230915P00014500,2023-09-15,PBR,15.199999809265137,0.15,0.14,0.15,14.5,0.97,1.23,565.0,1503.0,0.27,0.14,14.68,0.97,1.23,0.27,13.97,13.11,11.97,60.42,0.24,12.21,-0.35,0.74,-5.58,0.7,-0.09,16.05,9.14,19.0,13.0,15.92,15.0,2.4,buy,Success
PCT230915P00008000,2023-09-15,PCT,6.179999828338623,0.15,0.1,0.2,8.0,1.27,6.87,40.0,789.0,0.76,0.1,8.59,1.27,6.87,0.76,10.32,8.81,7.78,35.65,-0.44,7.83,-0.22,0.35,-7.5,0.32,-0.03,11.84,4.51,18.0,12.0,14.92,15.5,1.6,buy,Failed
PCYG230915P00005000,2023-09-15,PCYG,8.59000015258789,0.4,0.1,1.25,5.0,2.04,40.97,10.0,20.0,5.09,0.1,8.47,2.04,40.97,5.09,9.43,8.53,7.15,35.29,-0.25,7.39,-0.13,0.04,-35.28,0.23,-0.03,10.16,4.74,10.0,10.0,10.0,10.0,2.0,buy,Success
PLUG230915P00006500,2023-09-15,PLUG,8.520000457763672,0.02,0.01,0.02,6.5,0.15,18.34,76.0,15392.0,0.8,0.01,7.96,0.15,18.34,0.8,10.33,9.64,11.69,38.89,-0.58,12.94,-0.02,0.06,-1.24,0.05,-0.0,30.03,7.48,78.0,7.5,17.71,14.5,2.1,buy,Success
PLUG230915P00007000,2023-09-15,PLUG,8.520000457763672,0.03,0.02,0.03,7.0,0.29,12.06,133.0,652.0,0.63,0.02,7.96,0.29,12.06,0.63,10.33,9.64,11.69,38.89,-0.58,12.94,-0.05,0.16,-1.99,0.11,-0.01,30.03,7.48,78.0,7.5,17.71,14.5,2.1,buy,Success
PLUG230915P00007500,2023-09-15,PLUG,8.520000457763672,0.08,0.08,0.09,7.5,1.08,5.78,1415.0,16463.0,0.55,0.08,7.96,1.08,5.78,0.55,10.33,9.64,11.69,38.89,-0.58,12.94,-0.19,0.48,-4.56,0.27,-0.03,30.03,7.48,78.0,7.5,17.71,14.5,2.1,buy,Success
PMVP230915P00005000,2023-09-15,PMVP,6.710000038146973,0.05,0.05,0.1,5.0,1.01,17.49,50.0,67.0,1.23,0.05,6.06,1.01,17.49,1.23,7.02,6.2,6.82,28.35,-0.14,8.13,-0.1,0.18,-5.02,0.13,-0.01,13.62,3.94,29.0,17.0,21.0,19.0,1.6,buy,Success
PTON230915P00004500,2023-09-15,PTON,5.039999961853027,0.02,0.01,0.03,4.5,0.22,17.43,98.0,1168.0,0.88,0.01,5.45,0.22,17.43,0.88,7.81,7.94,9.72,30.2,-0.58,9.71,-0.04,0.14,-1.56,0.06,-0.0,16.98,5.41,20.0,4.0,8.48,7.0,2.8,hold,Success
PTON230915P00005000,2023-09-15,PTON,5.039999961853027,0.05,0.05,0.06,5.0,1.01,8.26,1752.0,5428.0,0.67,0.05,5.45,1.01,8.26,0.67,7.81,7.94,9.72,30.2,-0.58,9.71,-0.15,0.49,-3.29,0.16,-0.01,16.98,5.41,20.0,4.0,8.48,7.0,2.8,hold,Success
QS230915P00006000,2023-09-15,QS,6.929999828338623,0.02,0.02,0.03,6.0,0.33,12.66,24.0,3467.0,0.67,0.02,6.87,0.33,12.66,0.67,8.55,7.66,7.65,51.77,-0.42,8.26,-0.05,0.18,-1.94,0.1,-0.01,13.31,5.18,10.0,2.0,6.5,7.0,3.5,hold,Success
QS230915P00006500,2023-09-15,QS,6.929999828338623,0.06,0.06,0.07,6.5,0.93,5.39,236.0,626.0,0.5,0.06,6.87,0.93,5.39,0.5,8.55,7.66,7.65,51.77,-0.42,8.26,-0.18,0.61,-3.56,0.23,-0.02,13.31,5.18,10.0,2.0,6.5,7.0,3.5,hold,Success
RDFN230915P00008500,2023-09-15,RDFN,8.329999923706055,0.05,0.05,0.1,8.5,0.59,8.7,186.0,192.0,0.64,0.05,9.31,0.59,8.7,0.64,12.0,10.89,8.88,59.6,-0.65,8.02,-0.12,0.27,-4.77,0.25,-0.02,17.01,3.27,11.5,4.25,8.95,10.0,3.3,hold,Failed
RDFN230915P00009000,2023-09-15,RDFN,8.329999923706055,0.17,0.15,0.25,9.0,1.69,3.33,15.0,894.0,0.61,0.15,9.31,1.69,3.33,0.61,12.0,10.89,8.88,59.6,-0.65,8.02,-0.32,0.49,-7.92,0.43,-0.05,17.01,3.27,11.5,4.25,8.95,10.0,3.3,hold,Failed
REAL230915P00002500,2023-09-15,REAL,2.3499999046325684,0.1,0.05,0.15,2.5,2.04,1.57,111.0,3739.0,0.8,0.05,2.54,2.04,1.57,0.8,2.48,1.93,1.67,51.95,0.08,1.69,-0.42,1.5,-3.07,0.13,-0.02,2.85,1.03,6.0,1.5,2.85,2.8,2.4,buy,Failed
RES230915P00005000,2023-09-15,RES,8.760000228881836,0.2,0.05,0.2,5.0,1.01,40.55,10.0,20.0,2.75,0.05,8.41,1.01,40.55,2.75,8.16,7.7,8.22,54.47,0.04,8.27,-0.05,0.03,-9.2,0.11,-0.01,11.13,6.37,10.0,7.0,9.2,10.0,3.2,hold,Success
RIG230915P00007000,2023-09-15,RIG,8.3100004196167,0.02,0.01,0.02,7.0,0.14,14.43,8.0,3384.0,0.64,0.01,8.18,0.14,14.43,0.64,8.07,7.08,6.45,49.02,0.04,5.52,-0.03,0.09,-1.24,0.06,-0.0,8.8,2.36,12.0,6.0,8.69,8.0,2.6,hold,Success
RIG230915P00007500,2023-09-15,RIG,8.3100004196167,0.03,0.02,0.03,7.5,0.27,8.31,581.0,1175.0,0.48,0.02,8.18,0.27,8.31,0.48,8.07,7.08,6.45,49.02,0.04,5.52,-0.08,0.28,-2.21,0.15,-0.01,8.8,2.36,12.0,6.0,8.69,8.0,2.6,hold,Success
RIG230915P00008000,2023-09-15,RIG,8.3100004196167,0.12,0.1,0.12,8.0,1.27,2.2,965.0,10935.0,0.41,0.1,8.18,1.27,2.2,0.41,8.07,7.08,6.45,49.02,0.04,5.52,-0.33,0.83,-4.74,0.38,-0.05,8.8,2.36,12.0,6.0,8.69,8.0,2.6,hold,Success
RKLB230915P00006000,2023-09-15,RKLB,5.119999885559082,0.1,0.05,0.1,6.0,0.84,3.23,17.0,792.0,0.51,0.05,6.2,0.84,3.23,0.51,6.47,5.56,4.93,59.44,-0.02,5.04,-0.3,0.85,-4.22,0.27,-0.03,7.93,3.56,14.0,6.75,9.83,10.0,2.0,buy,Failed
RKT230915P00009000,2023-09-15,RKT,9.430000305175781,0.02,0.01,0.02,9.0,0.11,12.37,1.0,6267.0,0.53,0.01,10.27,0.11,12.37,0.53,10.41,9.48,8.98,44.6,-0.04,8.43,-0.02,0.08,-1.21,0.07,-0.0,11.8,6.28,12.0,6.0,10.15,11.0,3.1,hold,Success
RKT230915P00009500,2023-09-15,RKT,9.430000305175781,0.02,0.02,0.04,9.5,0.21,7.5,27.0,95.0,0.45,0.02,10.27,0.21,7.5,0.45,10.41,9.48,8.98,44.6,-0.04,8.43,-0.08,0.26,-2.81,0.2,-0.01,11.8,6.28,12.0,6.0,10.15,11.0,3.1,hold,Failed
RKT230915P00010000,2023-09-15,RKT,9.430000305175781,0.13,0.1,0.12,10.0,1.01,2.63,287.0,1028.0,0.38,0.1,10.27,1.01,2.63,0.38,10.41,9.48,8.98,44.6,-0.04,8.43,-0.29,0.67,-5.2,0.45,-0.05,11.8,6.28,12.0,6.0,10.15,11.0,3.1,hold,Failed
RLJ230915P00010000,2023-09-15,RLJ,10.079999923706055,0.55,0.45,1.0,10.0,4.71,0.99,,70.0,1.3,0.45,10.1,4.71,0.99,1.3,10.03,10.21,10.69,64.58,0.02,10.71,-0.44,0.23,-20.24,0.51,-0.08,12.79,9.52,18.0,11.0,13.75,14.0,2.5,buy,Success
ROIV230915P00012500,2023-09-15,ROIV,11.289999961853027,0.45,0.15,0.65,12.5,1.21,0.79,1.0,54.0,0.61,0.15,12.6,1.21,0.79,0.61,11.25,10.23,8.95,76.95,0.24,8.92,-0.44,0.4,-11.69,0.64,-0.1,12.6,2.95,23.0,12.0,15.63,14.5,1.8,buy,Failed
RSI230915P00005000,2023-09-15,RSI,5.159999847412109,0.15,0.1,0.15,5.0,2.04,5.48,203.0,104.0,0.8,0.1,5.29,2.04,5.48,0.8,3.95,3.53,3.59,87.57,0.3,3.74,-0.27,0.61,-5.45,0.23,-0.03,5.46,2.79,13.0,4.5,6.67,6.0,1.9,buy,Success
RUM230915P00006500,2023-09-15,RUM,6.789999961853027,0.08,0.05,0.15,6.5,0.78,8.71,27.0,194.0,0.79,0.05,7.12,0.78,8.71,0.79,8.04,8.76,8.74,51.68,-0.17,10.08,-0.17,0.35,-5.59,0.23,-0.02,16.81,5.95,10.0,10.0,10.0,10.0,2.5,buy,Success
RUM230915P00007000,2023-09-15,RUM,6.789999961853027,0.25,0.2,0.3,7.0,2.94,1.69,105.0,711.0,0.73,0.2,7.12,2.94,1.69,0.73,8.04,8.76,8.74,51.68,-0.17,10.08,-0.41,0.58,-7.89,0.35,-0.05,16.81,5.95,10.0,10.0,10.0,10.0,2.5,buy,Failed
RXRX230915P00007500,2023-09-15,RXRX,8.569999694824219,0.09,0.05,0.2,7.5,0.67,6.95,24.0,889.0,0.73,0.05,8.06,0.67,6.95,0.73,10.42,8.75,8.36,44.04,-0.61,10.47,-0.21,0.38,-6.48,0.29,-0.03,15.86,4.56,35.0,9.0,15.71,14.0,2.6,hold,Success
SABR230915P00004500,2023-09-15,SABR,4.619999885559082,0.03,0.01,0.04,4.5,0.22,10.54,7.0,257.0,0.63,0.01,5.03,0.22,10.54,0.63,4.48,4.0,4.8,48.79,0.17,4.89,-0.08,0.36,-1.75,0.09,-0.01,7.66,3.07,10.0,4.0,5.45,4.6,3.0,hold,Success
SABR230915P00005000,2023-09-15,SABR,4.619999885559082,0.18,0.12,0.15,5.0,2.46,0.6,22.0,521.0,0.51,0.12,5.03,2.46,0.6,0.51,4.48,4.0,4.8,48.79,0.17,4.89,-0.45,1.21,-3.92,0.26,-0.04,7.66,3.07,10.0,4.0,5.45,4.6,3.0,hold,Failed
SEEL230915P00001000,2023-09-15,SEEL,0.9217000007629395,0.15,0.05,0.25,1.0,5.26,1.96,22.0,853.0,2.69,0.05,1.02,5.26,1.96,2.69,1.29,1.1,0.95,40.38,-0.09,1.02,-0.41,1.11,-4.15,0.05,-0.01,1.64,0.59,4.0,2.0,3.25,3.5,1.5,strong_buy,Failed
SFIX230915P00003500,2023-09-15,SFIX,3.2300000190734863,0.02,0.01,0.03,3.5,0.29,12.06,3.0,229.0,0.7,0.01,3.98,0.29,12.06,0.7,4.18,3.91,4.13,56.96,-0.01,4.16,-0.07,0.38,-1.47,0.07,-0.0,5.65,2.77,6.0,3.0,4.53,4.6,3.1,hold,Failed
SHCO230915P00007500,2023-09-15,SHCO,7.099999904632568,0.26,0.05,0.15,7.5,0.67,3.97,16.0,219.0,0.62,0.05,7.81,0.67,3.97,0.62,6.19,6.29,5.83,74.32,0.35,5.12,-0.29,0.55,-6.41,0.34,-0.04,7.81,3.2,11.0,6.5,8.58,8.5,1.9,buy,Failed
SHIP230915P00005000,2023-09-15,SHIP,5.380000114440918,0.1,0.05,0.75,5.0,1.01,3.29,1.0,30.0,1.6,0.05,5.17,1.01,3.29,1.6,5.29,4.95,5.24,43.11,-0.02,5.29,-0.4,0.36,-12.41,0.26,-0.04,6.86,4.05,14.0,7.0,10.33,10.0,1.7,buy,Success
SIRI230915P00004000,2023-09-15,SIRI,3.990000009536743,0.03,0.02,0.03,4.0,0.5,6.1,105.0,30932.0,0.48,0.02,4.26,0.5,6.1,0.48,4.78,4.24,4.66,43.2,-0.13,5.03,-0.15,0.87,-1.85,0.13,-0.01,7.81,3.42,7.0,3.5,4.94,5.0,3.2,hold,Failed
SKLZ230915P00006000,2023-09-15,SKLZ,6.329999923706055,0.07,0.04,0.06,6.0,0.67,12.66,3.0,8.0,0.81,0.04,6.87,0.67,12.66,0.81,9.84,10.58,12.26,45.95,-0.74,13.89,-0.09,0.22,-3.47,0.14,-0.01,27.8,6.87,20.0,8.0,11.83,10.5,2.7,hold,Success
SNAP230915P00008000,2023-09-15,SNAP,9.15999984741211,0.01,0.01,0.02,8.0,0.13,14.8,1360.0,11756.0,0.64,0.01,9.39,0.13,14.8,0.64,10.96,10.4,10.31,53.49,-0.23,10.31,-0.02,0.07,-1.28,0.07,-0.0,13.51,7.76,13.99,5.59,9.29,9.23,3.0,hold,Success
SNAP230915P00008500,2023-09-15,SNAP,9.15999984741211,0.02,0.01,0.02,8.5,0.12,9.48,848.0,2184.0,0.46,0.01,9.39,0.12,9.48,0.46,10.96,10.4,10.31,53.49,-0.23,10.31,-0.04,0.16,-1.54,0.11,-0.01,13.51,7.76,13.99,5.59,9.29,9.23,3.0,hold,Success
SNAP230915P00009000,2023-09-15,SNAP,9.15999984741211,0.07,0.06,0.07,9.0,0.67,4.15,535.0,23288.0,0.39,0.06,9.39,0.67,4.15,0.39,10.96,10.4,10.31,53.49,-0.23,10.31,-0.19,0.58,-3.81,0.33,-0.03,13.51,7.76,13.99,5.59,9.29,9.23,3.0,hold,Success
SNDL230915P00001500,2023-09-15,SNDL,2.1500000953674316,0.02,0.01,0.02,1.5,0.67,23.08,91.0,1021.0,1.34,0.01,1.95,0.67,23.08,1.34,1.57,1.54,1.8,55.93,0.09,1.98,-0.05,0.32,-1.11,0.03,-0.0,3.13,1.25,3.25,3.25,3.25,3.25,1.0,strong_buy,Success
SOFI230915P00007500,2023-09-15,SOFI,9.069999694824219,0.01,0.01,0.02,7.5,0.13,12.28,135.0,2054.0,0.55,0.01,8.55,0.13,12.28,0.55,8.94,7.75,6.69,58.05,-0.09,6.61,-0.03,0.11,-1.18,0.07,-0.0,11.45,4.3,16.0,3.0,10.26,10.0,2.7,hold,Success
SOFI230915P00008000,2023-09-15,SOFI,9.069999694824219,0.05,0.04,0.05,8.0,0.5,6.43,4575.0,27793.0,0.46,0.04,8.55,0.5,6.43,0.46,8.94,7.75,6.69,58.05,-0.09,6.61,-0.12,0.4,-3.13,0.22,-0.02,11.45,4.3,16.0,3.0,10.26,10.0,2.7,hold,Success
SOFI230915P00008500,2023-09-15,SOFI,9.069999694824219,0.19,0.17,0.19,8.5,2.04,0.58,3803.0,5783.0,0.43,0.17,8.55,2.04,0.58,0.43,8.94,7.75,6.69,58.05,-0.09,6.61,-0.45,0.85,-5.57,0.43,-0.07,11.45,4.3,16.0,3.0,10.26,10.0,2.7,hold,Success
SPCE230915P00002000,2023-09-15,SPCE,2.049999952316284,0.03,0.02,0.04,2.0,1.01,12.66,981.0,970.0,0.98,0.02,2.29,1.01,12.66,0.98,3.36,3.71,4.19,21.43,-0.3,4.38,-0.13,0.72,-1.83,0.06,-0.01,6.37,2.29,8.0,3.0,4.47,3.88,3.2,hold,Success
SPWH230915P00002500,2023-09-15,SPWH,3.609999895095825,0.01,0.05,0.05,2.5,2.04,25.37,5.0,0.0,1.77,0.05,3.35,2.04,25.37,1.77,5.63,5.64,7.38,5.5,-0.54,7.09,-0.08,0.2,-3.42,0.06,-0.0,10.31,3.33,15.0,5.0,7.4,5.0,2.4,buy,Success
SPWR230915P00006000,2023-09-15,SPWR,7.21999979019165,0.04,0.02,0.04,6.0,0.33,9.37,1.0,275.0,0.56,0.02,6.62,0.33,9.37,0.56,8.78,10.08,13.62,38.46,-0.6,14.29,-0.08,0.31,-2.16,0.13,-0.01,28.13,6.53,17.0,7.0,10.6,10.0,2.9,hold,Success
SPWR230915P00006500,2023-09-15,SPWR,7.21999979019165,0.14,0.13,0.15,6.5,2.04,1.81,139.0,229.0,0.5,0.13,6.62,2.04,1.81,0.5,8.78,10.08,13.62,38.46,-0.6,14.29,-0.37,0.89,-4.87,0.32,-0.04,28.13,6.53,17.0,7.0,10.6,10.0,2.9,hold,Success
STEM230915P00004500,2023-09-15,STEM,4.820000171661377,0.1,0.05,0.1,4.5,1.12,5.86,5.0,432.0,0.66,0.05,4.78,1.12,5.86,0.66,6.06,5.48,7.16,33.48,-0.36,7.82,-0.23,0.74,-3.71,0.18,-0.02,17.42,3.8,15.0,5.0,9.17,9.0,2.4,buy,Success
SWN230915P00006500,2023-09-15,SWN,6.460000038146973,0.04,0.03,0.07,6.5,0.46,2.4,501.0,2052.0,0.35,0.03,6.66,0.46,2.4,0.35,6.36,5.74,5.66,56.15,0.09,5.92,-0.28,1.14,-3.04,0.29,-0.03,8.06,4.61,14.0,5.0,8.09,8.0,2.7,hold,Failed
TAL230915P00006500,2023-09-15,TAL,7.239999771118164,0.04,0.02,0.03,6.5,0.31,9.6,45.0,8.0,0.53,0.02,7.19,0.31,9.6,0.53,6.76,6.35,6.66,62.38,0.13,6.51,-0.06,0.26,-1.87,0.12,-0.01,10.08,3.26,10.0,2.9,7.13,7.5,2.3,buy,Success
TAL230915P00007000,2023-09-15,TAL,7.239999771118164,0.11,0.11,0.12,7.0,1.6,2.64,10.0,525.0,0.48,0.11,7.19,1.6,2.64,0.48,6.76,6.35,6.66,62.38,0.13,6.51,-0.32,0.81,-4.79,0.33,-0.04,10.08,3.26,10.0,2.9,7.13,7.5,2.3,buy,Success
TAST230915P00006000,2023-09-15,TAST,5.974999904632568,0.1,0.05,0.85,6.0,0.84,4.76,1.0,189.0,1.63,0.05,6.3,0.84,4.76,1.63,6.05,5.45,3.7,28.02,0.12,4.57,-0.37,0.29,-15.01,0.3,-0.04,7.38,1.36,10.0,8.0,9.25,9.5,1.5,strong_buy,Failed
TEVA230915P00009000,2023-09-15,TEVA,10.59000015258789,0.01,0.01,0.05,9.0,0.11,6.44,32.0,13512.0,0.45,0.01,9.62,0.11,6.44,0.45,8.94,8.44,8.98,52.17,0.15,8.76,-0.12,0.35,-3.24,0.24,-0.02,11.37,7.2,14.0,8.0,10.11,10.0,2.8,hold,Success
TEVA230915P00009500,2023-09-15,TEVA,10.59000015258789,0.09,0.06,0.1,9.5,0.64,1.25,3.0,1080.0,0.27,0.06,9.62,0.64,1.25,0.27,8.94,8.44,8.98,52.17,0.15,8.76,-0.35,1.11,-3.71,0.46,-0.06,11.37,7.2,14.0,8.0,10.11,10.0,2.8,hold,Success
TIGR230915P00004000,2023-09-15,TIGR,5.28000020980835,0.02,0.01,0.04,4.0,0.25,21.72,9.0,5101.0,1.14,0.01,5.11,0.25,21.72,1.14,3.68,3.29,3.65,81.27,0.47,3.86,-0.04,0.12,-1.96,0.06,-0.0,5.61,2.33,8.0,2.84,5.9,5.92,2.0,buy,Success
TIGR230915P00004500,2023-09-15,TIGR,5.28000020980835,0.03,0.02,0.03,4.5,0.45,11.94,311.0,6472.0,0.69,0.02,5.11,0.45,11.94,0.69,3.68,3.29,3.65,81.27,0.47,3.86,-0.07,0.29,-1.8,0.09,-0.01,5.61,2.33,8.0,2.84,5.9,5.92,2.0,buy,Success
TIGR230915P00005000,2023-09-15,TIGR,5.28000020980835,0.12,0.12,0.16,5.0,2.46,2.15,88.0,2294.0,0.64,0.12,5.11,2.46,2.15,0.64,3.68,3.29,3.65,81.27,0.47,3.86,-0.38,0.91,-4.8,0.25,-0.03,5.61,2.33,8.0,2.84,5.9,5.92,2.0,buy,Success
TLRY230915P00002500,2023-09-15,TLRY,2.930000066757202,0.03,0.01,0.03,2.5,0.4,17.22,1793.0,7897.0,1.0,0.01,3.02,0.4,17.22,1.0,2.25,2.17,2.58,63.57,0.2,2.85,-0.06,0.32,-1.44,0.05,-0.0,4.68,1.52,4.25,1.9,2.69,2.38,2.6,hold,Success
TLRY230915P00003000,2023-09-15,TLRY,2.930000066757202,0.16,0.16,0.17,3.0,5.63,0.66,1912.0,18060.0,0.98,0.16,3.02,5.63,0.66,0.98,2.25,2.17,2.58,63.57,0.2,2.85,-0.45,1.04,-4.58,0.15,-0.02,4.68,1.52,4.25,1.9,2.69,2.38,2.6,hold,Failed
TXMD230915P00002000,2023-09-15,TXMD,3.3299999237060547,0.28,0.1,0.5,2.0,5.26,44.44,,1.0,5.61,0.1,3.6,5.26,44.44,5.61,3.96,3.97,4.44,42.11,-0.08,5.32,-0.12,0.08,-15.71,0.09,-0.01,8.94,3.4,5.0,5.0,5.0,5.0,3.0,hold,Success
UAA230915P00007000,2023-09-15,UAA,7.329999923706055,0.05,0.04,0.06,7.0,0.57,3.85,10.0,285.0,0.39,0.04,7.28,0.57,3.85,0.39,7.69,7.77,8.94,35.68,-0.08,8.71,-0.21,0.79,-3.12,0.27,-0.03,12.78,6.62,15.0,7.0,10.15,10.0,2.4,buy,Success
UEC230915P00004500,2023-09-15,UEC,5.380000114440918,0.09,0.05,0.1,4.5,1.12,3.43,51.0,161.0,0.52,0.05,4.66,1.12,3.43,0.52,3.71,3.27,3.4,82.93,0.28,3.56,-0.29,1.09,-3.24,0.2,-0.02,4.72,2.37,8.0,6.0,6.82,6.7,1.7,buy,Success
UP230915P00002500,2023-09-15,UP,3.1600000858306885,0.25,0.1,0.25,2.5,4.17,5.66,18.0,501.0,1.59,0.1,2.65,4.17,5.66,1.59,1.78,2.56,6.56,73.74,0.15,3.69,-0.35,0.68,-6.08,0.13,-0.02,17.7,1.01,32.0,4.0,18.0,18.0,2.0,buy,Success
UUUU230915P00007000,2023-09-15,UUUU,8.420000076293945,0.05,0.05,0.1,7.0,0.72,4.89,17.0,1414.0,0.56,0.05,7.36,0.72,4.89,0.56,6.44,6.21,6.25,71.72,0.29,6.38,-0.23,0.57,-4.9,0.29,-0.03,7.7,4.96,10.0,8.5,9.5,10.0,2.0,buy,Success
VIAV230915P00008000,2023-09-15,VIAV,9.850000381469727,0.4,0.05,0.6,8.0,0.63,18.37,,2.0,1.86,0.05,9.8,0.63,18.37,1.86,10.74,10.18,10.48,40.76,-0.17,10.95,-0.17,0.11,-17.67,0.31,-0.03,15.25,8.67,14.0,10.0,12.1,12.0,2.4,buy,Success
VLY230915P00009000,2023-09-15,VLY,9.029999732971191,0.2,0.15,0.25,9.0,1.69,1.32,66.0,6300.0,0.57,0.15,9.12,1.69,1.32,0.57,9.13,8.48,9.74,51.04,-0.05,9.53,-0.41,0.58,-7.91,0.46,-0.07,12.92,6.59,12.0,8.0,11.05,11.5,2.2,buy,Success
VNET230915P00003000,2023-09-15,VNET,3.0399999618530273,0.06,0.05,0.15,3.0,1.69,3.85,2.0,167.0,0.84,0.05,3.12,1.69,3.85,0.84,2.98,2.96,3.9,50.0,0.1,4.28,-0.34,1.08,-3.74,0.15,-0.02,6.62,2.54,8.2,3.0,4.83,4.22,2.5,buy,Success
VOD230915P00009000,2023-09-15,VOD,9.949999809265137,0.07,0.03,0.05,9.0,0.33,2.28,13.0,811.0,0.24,0.03,9.21,0.33,2.28,0.24,9.36,9.88,10.53,55.43,-0.03,10.91,-0.22,1.05,-2.51,0.35,-0.03,12.95,9.0,14.16,13.3,13.72,13.7,1.7,buy,Success
VRAR230915P00002500,2023-09-15,VRAR,3.130000114440918,0.05,0.1,0.4,2.5,4.17,24.7,12.0,24.0,3.36,0.1,3.32,4.17,24.7,3.36,3.42,3.76,3.9,62.95,-0.03,4.6,-0.19,0.19,-11.83,0.12,-0.01,6.38,2.65,8.87,8.87,8.87,8.87,2.0,buy,Success
VRM230915P00001000,2023-09-15,VRM,1.2799999713897705,0.02,0.01,0.02,1.0,1.01,9.09,55.0,505.0,0.81,0.01,1.1,1.01,9.09,0.81,1.7,1.32,1.17,42.77,-0.13,1.39,-0.17,2.18,-0.87,0.04,-0.0,2.67,0.75,1.25,1.0,1.05,1.0,2.9,hold,Success
VTGN230915P00006000,2023-09-15,VTGN,5.949999809265137,0.15,0.2,0.2,6.0,3.45,10.98,49.0,1370.0,1.29,0.2,6.74,3.45,10.98,1.29,3.98,3.72,4.19,70.53,0.58,9.39,-0.21,0.26,-9.85,0.25,-0.03,13.05,1.68,30.0,30.0,30.0,30.0,2.0,buy,Failed
VTNR230915P00004500,2023-09-15,VTNR,5.150000095367432,0.08,0.03,0.07,4.5,0.67,7.41,20.0,73.0,0.63,0.03,4.86,0.67,7.41,0.63,5.24,5.97,6.85,55.66,-0.14,7.08,-0.16,0.62,-2.85,0.15,-0.01,11.08,3.95,10.0,6.0,7.92,8.0,2.3,buy,Success
WISH230915P00004500,2023-09-15,WISH,4.489999771118164,0.03,0.03,0.07,4.5,0.67,10.0,111.0,154.0,0.76,0.03,5.0,0.67,10.0,0.76,6.78,7.14,11.89,42.65,-0.46,13.87,-0.13,0.43,-3.09,0.13,-0.01,38.7,4.86,8.0,5.0,6.5,6.5,3.6,underperform,Failed
WKHS230915P00000500,2023-09-15,WKHS,0.5964999794960022,0.03,0.03,0.04,0.5,6.38,13.79,2795.0,2496.0,2.19,0.03,0.58,6.38,13.79,2.19,0.96,0.95,1.37,25.43,-0.09,1.37,-0.25,1.96,-1.58,0.02,-0.0,3.27,0.58,4.0,1.0,2.33,2.25,2.4,buy,Success
WW230915P00009500,2023-09-15,WW,11.369999885559082,0.15,0.05,0.1,9.5,0.53,12.92,33.0,59.0,0.81,0.05,10.91,0.53,12.92,0.81,9.38,8.38,6.37,57.31,0.35,6.81,-0.08,0.14,-5.3,0.21,-0.02,11.65,3.38,17.0,4.0,11.4,12.5,2.7,hold,Success
WW230915P00010000,2023-09-15,WW,11.369999885559082,0.16,0.15,0.2,10.0,1.52,8.34,17.0,5590.0,0.82,0.15,10.91,1.52,8.34,0.82,9.38,8.38,6.37,57.31,0.35,6.81,-0.19,0.24,-9.41,0.38,-0.04,11.65,3.38,17.0,4.0,11.4,12.5,2.7,hold,Success
WW230915P00010500,2023-09-15,WW,11.369999885559082,0.37,0.3,0.4,10.5,2.94,3.76,205.0,64.0,0.84,0.3,10.91,2.94,3.76,0.84,9.38,8.38,6.37,57.31,0.35,6.81,-0.34,0.31,-13.06,0.51,-0.07,11.65,3.38,17.0,4.0,11.4,12.5,2.7,hold,Success
XELA230915P00002500,2023-09-15,XELA,3.7100000381469727,0.04,0.01,0.04,2.5,0.4,35.57,2.0,413.0,1.94,0.01,3.88,0.4,35.57,1.94,4.87,5.3,10.58,39.86,-0.26,8.91,-0.03,0.07,-1.94,0.03,-0.0,180.6,3.08,2.0,2.0,2.0,2.0,3.0,hold,Success
XELA230915P00003500,2023-09-15,XELA,3.7100000381469727,0.38,0.1,0.25,3.5,2.94,9.79,31.0,5.0,1.52,0.1,3.88,2.94,9.79,1.52,4.87,5.3,10.58,39.86,-0.26,8.91,-0.27,0.43,-7.55,0.16,-0.02,180.6,3.08,2.0,2.0,2.0,2.0,3.0,hold,Success
ZVRA230915P00005000,2023-09-15,ZVRA,5.130000114440918,0.08,0.05,0.25,5.0,1.01,4.94,10.0,142.0,0.86,0.05,5.26,1.01,4.94,0.86,4.98,5.14,5.14,57.22,0.05,5.24,-0.3,0.6,-6.14,0.24,-0.03,6.85,4.12,25.0,12.0,19.25,20.0,1.7,buy,Success
AAOI230908P00012500,2023-09-08,AAOI,11.800000190734863,0.25,0.15,0.25,12.5,1.21,10.33,38.0,43.0,0.89,0.15,13.94,1.21,10.33,0.89,9.95,6.17,4.25,45.95,1.3,7.54,-0.16,0.15,-11.54,0.43,-0.04,15.48,1.64,20.0,11.5,15.75,15.75,2.3,buy,Failed
AAOI230908P00013000,2023-09-08,AAOI,11.800000190734863,0.35,0.3,0.35,13.0,2.36,6.74,12.0,10.0,0.88,0.3,13.94,2.36,6.74,0.88,9.95,6.17,4.25,45.95,1.3,7.54,-0.25,0.2,-15.02,0.57,-0.06,15.48,1.64,20.0,11.5,15.75,15.75,2.3,buy,Failed
AAOI230908P00013500,2023-09-08,AAOI,11.800000190734863,0.57,0.45,0.6,13.5,3.45,3.16,62.0,1.0,0.89,0.45,13.94,3.45,3.16,0.89,9.95,6.17,4.25,45.95,1.3,7.54,-0.37,0.24,-18.27,0.67,-0.09,15.48,1.64,20.0,11.5,15.75,15.75,2.3,buy,Failed
AG230908P00005500,2023-09-08,AG,5.519999980926514,0.02,0.01,0.02,5.5,0.18,7.56,156.0,257.0,0.44,0.01,5.95,0.18,7.56,0.44,6.1,6.24,7.05,43.48,-0.02,7.38,-0.08,0.43,-1.45,0.11,-0.01,9.68,5.33,12.0,7.39,9.85,10.16,2.3,buy,Success
AGNC230908P00009500,2023-09-08,AGNC,9.6899995803833,0.02,0.01,0.02,9.5,0.11,4.62,250.0,25498.0,0.26,0.01,9.96,0.11,4.62,0.26,9.8,9.49,9.57,65.81,0.03,9.05,-0.07,0.42,-1.38,0.18,-0.01,11.16,6.45,11.25,9.5,10.53,10.5,2.4,buy,Success
AMC230908P00010000,2023-09-08,AMC,7.179999828338623,0.04,0.04,0.05,10.0,0.4,23.66,2339.0,33136.0,1.14,0.04,13.1,0.4,23.66,1.14,39.3,44.89,50.28,23.7,-9.29,45.7,-0.03,0.03,-3.67,0.11,-0.01,102.2,10.91,39.71,4.41,20.08,16.34,3.6,underperform,Failed
AMC230908P00011000,2023-09-08,AMC,7.179999828338623,0.13,0.12,0.13,11.0,1.1,16.03,5093.0,24814.0,1.06,0.12,13.1,1.1,16.03,1.06,39.3,44.89,50.28,23.7,-9.29,45.7,-0.09,0.09,-8.59,0.27,-0.02,102.2,10.91,39.71,4.41,20.08,16.34,3.6,underperform,Failed
AMC230908P00012000,2023-09-08,AMC,7.179999828338623,0.34,0.33,0.34,12.0,2.83,8.4,2858.0,34285.0,1.03,0.33,13.1,2.83,8.4,1.03,39.3,44.89,50.28,23.7,-9.29,45.7,-0.23,0.18,-16.06,0.51,-0.05,102.2,10.91,39.71,4.41,20.08,16.34,3.6,underperform,Failed
AMC230908P00013000,2023-09-08,AMC,7.179999828338623,0.74,0.74,0.76,13.0,6.04,0.76,26394.0,16135.0,1.04,0.74,13.1,6.04,0.76,1.04,39.3,44.89,50.28,23.7,-9.29,45.7,-0.45,0.23,-20.91,0.66,-0.11,102.2,10.91,39.71,4.41,20.08,16.34,3.6,underperform,Failed
AMSC230908P00009000,2023-09-08,AMSC,8.0600004196167,0.23,0.1,0.2,9.0,1.12,3.85,1.0,336.0,0.55,0.1,9.36,1.12,3.85,0.55,8.22,6.52,5.54,41.65,0.23,10.37,-0.28,0.51,-6.64,0.4,-0.04,16.13,3.29,13.0,10.0,11.67,12.0,1.7,buy,Failed
APLD230908P00005500,2023-09-08,APLD,5.179999828338623,0.12,0.1,0.15,5.5,1.85,4.84,35.0,196.0,0.72,0.1,5.78,1.85,4.84,0.72,7.73,6.91,4.61,32.21,-0.56,6.89,-0.28,0.63,-5.42,0.25,-0.03,10.24,1.51,19.0,12.0,15.75,16.25,2.0,buy,Failed
APPS230908P00008000,2023-09-08,APPS,7.429999828338623,0.01,0.01,0.04,8.0,0.13,9.5,45.0,200.0,0.5,0.01,8.84,0.13,9.5,0.5,9.65,10.41,12.35,40.0,-0.29,13.04,-0.06,0.2,-1.93,0.13,-0.01,20.33,7.83,18.0,9.0,11.83,11.0,2.6,hold,Failed
APPS230908P00008500,2023-09-08,APPS,7.429999828338623,0.05,0.05,0.09,8.5,0.59,3.85,18.0,131.0,0.43,0.05,8.84,0.59,3.85,0.43,9.65,10.41,12.35,40.0,-0.29,13.04,-0.23,0.62,-4.47,0.34,-0.03,20.33,7.83,18.0,9.0,11.83,11.0,2.6,hold,Failed
AVXL230908P00007500,2023-09-08,AVXL,7.869999885559082,0.14,0.1,0.25,7.5,1.35,5.54,35.0,128.0,0.77,0.1,7.94,1.35,5.54,0.77,8.22,8.46,9.11,19.9,-0.13,9.87,-0.27,0.42,-7.83,0.33,-0.04,14.43,7.65,58.0,39.0,47.75,47.0,2.0,buy,Success
BB230908P00005000,2023-09-08,BB,4.559999942779541,0.01,0.01,0.02,5.0,0.2,10.71,164.0,1614.0,0.55,0.01,5.6,0.2,10.71,0.55,4.86,4.85,4.49,77.05,0.19,4.54,-0.05,0.26,-1.21,0.07,-0.0,6.2,3.18,7.0,4.5,5.75,6.0,2.9,hold,Failed
BB230908P00005500,2023-09-08,BB,4.559999942779541,0.13,0.12,0.14,5.5,2.23,1.79,250.0,276.0,0.54,0.12,5.6,2.23,1.79,0.54,4.86,4.85,4.49,77.05,0.19,4.54,-0.38,0.99,-4.44,0.27,-0.04,6.2,3.18,7.0,4.5,5.75,6.0,2.9,hold,Failed
BLNK230908P00003500,2023-09-08,BLNK,3.569999933242798,0.02,0.01,0.03,3.5,0.29,12.72,5.0,117.0,0.73,0.01,4.01,0.29,12.72,0.73,5.7,6.33,8.71,11.21,-0.58,9.3,-0.07,0.35,-1.5,0.07,-0.0,23.23,3.94,50.0,7.0,16.89,10.0,2.7,hold,Success
BLNK230908P00004000,2023-09-08,BLNK,3.569999933242798,0.1,0.11,0.15,4.0,2.83,0.25,38.0,107.0,0.57,0.11,4.01,2.83,0.25,0.57,5.7,6.33,8.71,11.21,-0.58,9.3,-0.47,1.36,-3.53,0.2,-0.03,23.23,3.94,50.0,7.0,16.89,10.0,2.7,hold,Failed
CGC230908P00000500,2023-09-08,CGC,0.9318000078201294,0.03,0.03,0.04,0.5,6.38,9.09,4595.0,3721.0,1.81,0.03,0.55,6.38,9.09,1.81,0.45,0.75,1.66,69.0,0.01,1.6,-0.3,2.72,-1.35,0.02,-0.0,4.32,0.37,3.3,0.42,1.44,1.03,3.8,underperform,Success
CHPT230908P00005000,2023-09-08,CHPT,5.71999979019165,0.01,0.01,0.03,5.0,0.2,32.8,63.0,239.0,1.5,0.01,7.44,0.2,32.8,1.5,7.99,8.37,9.59,41.55,-0.26,10.67,-0.02,0.03,-1.67,0.04,-0.0,19.25,6.79,27.0,10.0,14.99,14.0,1.9,buy,Success
CHPT230908P00005500,2023-09-08,CHPT,5.71999979019165,0.04,0.03,0.05,5.5,0.55,26.08,116.0,661.0,1.38,0.03,7.44,0.55,26.08,1.38,7.99,8.37,9.59,41.55,-0.26,10.67,-0.04,0.06,-3.13,0.07,-0.0,19.25,6.79,27.0,10.0,14.99,14.0,1.9,buy,Success
CHPT230908P00006000,2023-09-08,CHPT,5.71999979019165,0.08,0.08,0.09,6.0,1.35,19.35,820.0,10877.0,1.3,0.08,7.44,1.35,19.35,1.3,7.99,8.37,9.59,41.55,-0.26,10.67,-0.08,0.12,-5.8,0.15,-0.01,19.25,6.79,27.0,10.0,14.99,14.0,1.9,buy,Failed
CHPT230908P00006500,2023-09-08,CHPT,5.71999979019165,0.17,0.17,0.18,6.5,2.69,12.63,2286.0,1033.0,1.25,0.17,7.44,2.69,12.63,1.25,7.99,8.37,9.59,41.55,-0.26,10.67,-0.18,0.22,-9.43,0.25,-0.02,19.25,6.79,27.0,10.0,14.99,14.0,1.9,buy,Failed
CHPT230908P00007000,2023-09-08,CHPT,5.71999979019165,0.32,0.32,0.33,7.0,4.79,5.91,519.0,2396.0,1.21,0.32,7.44,4.79,5.91,1.21,7.99,8.37,9.59,41.55,-0.26,10.67,-0.32,0.31,-12.52,0.34,-0.04,19.25,6.79,27.0,10.0,14.99,14.0,1.9,buy,Failed
COTY230908P00011500,2023-09-08,COTY,11.3100004196167,0.11,0.09,0.11,11.5,0.79,0.61,8.0,71.0,0.21,0.09,11.57,0.79,0.61,0.21,11.95,11.85,10.83,44.53,-0.14,9.78,-0.4,1.25,-3.6,0.57,-0.08,13.1,6.28,15.0,11.0,13.17,13.0,2.5,buy,Failed
DISH230908P00005500,2023-09-08,DISH,6.300000190734863,0.04,0.02,0.04,5.5,0.36,7.72,267.0,209.0,0.5,0.02,5.96,0.36,7.72,0.5,7.0,6.98,10.05,5.34,-0.38,9.48,-0.1,0.46,-2.02,0.13,-0.01,19.61,5.96,32.0,5.0,13.1,10.0,2.7,hold,Success
EOSE230908P00003000,2023-09-08,EOSE,2.759999990463257,0.06,0.05,0.15,3.0,1.69,22.08,1056.0,3511.0,1.92,0.05,3.85,1.69,22.08,1.92,3.35,2.87,2.23,73.33,0.16,2.64,-0.13,0.22,-6.03,0.1,-0.01,5.03,0.97,15.0,4.0,5.92,4.0,2.4,buy,Failed
EOSE230908P00003500,2023-09-08,EOSE,2.759999990463257,0.22,0.2,0.25,3.5,6.06,9.09,1243.0,1931.0,1.73,0.2,3.85,6.06,9.09,1.73,3.35,2.87,2.23,73.33,0.16,2.64,-0.29,0.4,-8.96,0.17,-0.02,5.03,0.97,15.0,4.0,5.92,4.0,2.4,buy,Failed
ET230908P00013500,2023-09-08,ET,13.760000228881836,0.04,0.03,0.04,13.5,0.22,0.88,1239.0,3066.0,0.11,0.03,13.62,0.22,0.88,0.11,12.79,12.53,12.11,80.0,0.22,11.65,-0.26,1.69,-1.84,0.56,-0.06,13.62,9.31,22.0,15.0,17.29,17.0,1.5,strong_buy,Success
F230908P00011500,2023-09-08,F,12.300000190734863,0.02,0.01,0.02,11.5,0.09,5.27,678.0,2015.0,0.27,0.01,12.14,0.09,5.27,0.27,13.34,12.8,12.37,47.86,-0.33,12.22,-0.06,0.27,-1.51,0.18,-0.01,15.18,10.06,23.0,11.0,14.44,14.0,2.7,hold,Success
F230908P00012000,2023-09-08,F,12.300000190734863,0.07,0.07,0.08,12.0,0.59,1.15,23807.0,25876.0,0.2,0.07,12.14,0.59,1.15,0.2,13.34,12.8,12.37,47.86,-0.33,12.22,-0.31,1.17,-3.25,0.55,-0.06,15.18,10.06,23.0,11.0,14.44,14.0,2.7,hold,Success
FSR230908P00005500,2023-09-08,FSR,6.239999771118164,0.03,0.03,0.04,5.5,0.55,7.72,359.0,902.0,0.52,0.03,5.96,0.55,7.72,0.52,5.92,5.89,6.43,63.16,-0.02,6.62,-0.11,0.47,-2.26,0.14,-0.01,9.23,4.45,19.0,4.0,8.95,7.0,3.2,hold,Success
FTCH230908P00002500,2023-09-08,FTCH,2.640000104904175,0.03,0.01,0.03,2.5,0.4,10.71,21186.0,206.0,0.72,0.01,2.8,0.4,10.71,0.72,4.98,4.85,5.18,12.27,-0.69,5.53,-0.1,0.68,-1.38,0.06,-0.0,11.56,2.61,18.0,3.0,6.7,5.5,2.6,hold,Success
FUBO230908P00002500,2023-09-08,FUBO,3.0199999809265137,0.07,0.07,0.09,2.5,2.88,5.66,4634.0,335.0,0.94,0.07,2.65,2.88,5.66,0.94,2.48,2.04,2.04,59.13,-0.05,2.45,-0.29,1.08,-3.32,0.12,-0.01,5.12,1.04,5.0,3.0,3.6,3.0,2.7,hold,Success
GOEV230908P00000500,2023-09-08,GOEV,0.4966000020503998,0.02,0.02,0.03,0.5,4.17,15.25,2613.0,1539.0,1.88,0.02,0.59,4.17,15.25,1.88,0.56,0.6,0.8,59.21,0.01,0.8,-0.21,2.03,-1.24,0.02,-0.0,2.89,0.43,10.0,0.5,3.11,1.55,2.0,buy,Failed
GPS230908P00011000,2023-09-08,GPS,11.270000457763672,0.04,0.03,0.04,11.0,0.27,5.66,7.0,211.0,0.36,0.03,11.66,0.27,5.66,0.36,9.83,9.26,10.62,65.32,0.36,10.29,-0.1,0.32,-2.74,0.25,-0.02,14.78,7.3,18.0,6.0,10.83,10.9,3.0,hold,Success
GPS230908P00011500,2023-09-08,GPS,11.270000457763672,0.13,0.13,0.16,11.5,1.14,1.37,239.0,19.0,0.34,0.13,11.66,1.14,1.37,0.34,9.83,9.26,10.62,65.32,0.36,10.29,-0.37,0.74,-5.73,0.56,-0.07,14.78,7.3,18.0,6.0,10.83,10.9,3.0,hold,Failed
HE230908P00011000,2023-09-08,HE,12.5600004196167,0.1,0.05,0.1,11.0,0.46,26.91,184.0,317.0,1.4,0.05,15.05,0.46,26.91,1.4,29.49,33.02,35.94,36.7,-5.32,18.77,-0.03,0.03,-6.03,0.14,-0.01,41.6,9.66,11.0,8.0,9.17,8.5,3.3,hold,Success
HE230908P00011500,2023-09-08,HE,12.5600004196167,0.09,0.05,0.1,11.5,0.44,23.59,78.0,103.0,1.23,0.05,15.05,0.44,23.59,1.23,29.49,33.02,35.94,36.7,-5.32,18.77,-0.04,0.03,-5.92,0.16,-0.01,41.6,9.66,11.0,8.0,9.17,8.5,3.3,hold,Success
HE230908P00012000,2023-09-08,HE,12.5600004196167,0.08,0.1,0.15,12.0,0.84,20.27,84.0,257.0,1.23,0.1,15.05,0.84,20.27,1.23,29.49,33.02,35.94,36.7,-5.32,18.77,-0.06,0.05,-9.13,0.24,-0.02,41.6,9.66,11.0,8.0,9.17,8.5,3.3,hold,Success
HE230908P00012500,2023-09-08,HE,12.5600004196167,0.13,0.1,0.15,12.5,0.81,16.94,1316.0,222.0,1.06,0.1,15.05,0.81,16.94,1.06,29.49,33.02,35.94,36.7,-5.32,18.77,-0.08,0.07,-8.91,0.28,-0.02,41.6,9.66,11.0,8.0,9.17,8.5,3.3,hold,Success
HE230908P00013000,2023-09-08,HE,12.5600004196167,0.17,0.15,0.25,13.0,1.17,13.62,1104.0,182.0,1.05,0.15,15.05,1.17,13.62,1.05,29.49,33.02,35.94,36.7,-5.32,18.77,-0.12,0.1,-12.5,0.39,-0.03,41.6,9.66,11.0,8.0,9.17,8.5,3.3,hold,Failed
HE230908P00015000,2023-09-08,HE,12.5600004196167,0.75,0.75,0.8,15.0,5.26,0.33,915.0,216.0,0.9,0.75,15.05,5.26,0.33,0.9,29.49,33.02,35.94,36.7,-5.32,18.77,-0.46,0.23,-20.97,0.77,-0.13,41.6,9.66,11.0,8.0,9.17,8.5,3.3,hold,Failed
HOOD230908P00010500,2023-09-08,HOOD,10.739999771118164,0.03,0.02,0.03,10.5,0.19,5.49,334.0,230.0,0.32,0.02,11.11,0.19,5.49,0.32,11.25,10.22,9.8,60.27,-0.12,10.12,-0.08,0.33,-2.07,0.21,-0.02,13.12,7.7,25.0,9.0,13.07,11.5,3.0,hold,Success
HOOD230908P00011000,2023-09-08,HOOD,10.739999771118164,0.13,0.11,0.13,11.0,1.01,0.99,1190.0,659.0,0.28,0.11,11.11,1.01,0.99,0.28,11.25,10.22,9.8,60.27,-0.12,10.12,-0.38,0.97,-4.5,0.54,-0.07,13.12,7.7,25.0,9.0,13.07,11.5,3.0,hold,Failed
IQ230908P00005000,2023-09-08,IQ,4.630000114440918,0.08,0.06,0.09,5.0,1.21,2.15,213.0,156.0,0.46,0.06,5.11,1.21,2.15,0.46,5.39,5.46,5.62,31.61,-0.18,5.07,-0.34,1.22,-3.36,0.24,-0.03,7.73,2.01,12.0,5.12,7.35,7.25,1.9,buy,Failed
IVR230908P00011000,2023-09-08,IVR,10.800000190734863,0.67,0.03,0.06,11.0,0.27,2.57,,1.0,0.25,0.03,11.29,0.27,2.57,0.25,11.29,10.75,11.24,59.37,-0.04,10.95,-0.21,0.78,-3.16,0.41,-0.04,14.34,8.76,11.0,10.5,10.75,10.75,3.5,hold,Failed
JBLU230908P00005500,2023-09-08,JBLU,5.179999828338623,0.01,0.01,0.02,5.5,0.18,7.25,260.0,402.0,0.42,0.01,5.93,0.18,7.25,0.42,7.45,7.3,7.48,17.14,-0.39,7.44,-0.08,0.45,-1.41,0.11,-0.01,9.33,5.92,9.0,4.5,7.06,7.5,3.2,hold,Failed
JMIA230908P00003000,2023-09-08,JMIA,2.7699999809265137,0.06,0.04,0.06,3.0,1.35,3.85,17.0,194.0,0.55,0.04,3.12,1.35,3.85,0.55,3.74,3.39,3.53,27.61,-0.24,4.09,-0.28,1.53,-2.21,0.13,-0.01,8.06,2.55,5.0,3.0,4.0,4.0,3.3,hold,Failed
KEY230908P00011500,2023-09-08,KEY,11.25,0.16,0.1,0.15,11.5,0.88,0.52,96.0,59.0,0.26,0.1,11.56,0.88,0.52,0.26,10.69,10.37,13.23,63.58,0.07,12.8,-0.43,1.01,-4.58,0.58,-0.08,19.06,8.58,18.0,10.0,13.11,13.0,2.5,buy,Failed
KGC230908P00005000,2023-09-08,KGC,4.769999980926514,0.06,0.05,0.06,5.0,1.01,0.6,139.0,538.0,0.25,0.05,5.03,1.01,0.6,0.25,4.85,4.91,4.55,53.46,0.05,4.24,-0.42,2.42,-1.89,0.25,-0.04,5.48,3.16,7.21,3.5,5.97,6.5,2.4,buy,Failed
LAZR230908P00005500,2023-09-08,LAZR,5.329999923706055,0.04,0.04,0.06,5.5,0.73,6.3,131.0,547.0,0.52,0.04,5.87,0.73,6.3,0.52,6.62,6.47,6.7,39.57,-0.26,7.09,-0.16,0.61,-2.87,0.18,-0.02,9.89,3.95,18.0,4.5,11.32,10.0,2.2,buy,Failed
LCID230908P00006000,2023-09-08,LCID,5.840000152587891,0.04,0.04,0.05,6.0,0.67,5.66,390.0,5326.0,0.48,0.04,6.36,0.67,5.66,0.48,6.75,6.95,7.87,38.15,-0.17,8.71,-0.16,0.63,-2.89,0.2,-0.02,16.63,5.47,10.0,5.0,7.64,8.0,2.8,hold,Failed
LUMN230908P00001500,2023-09-08,LUMN,1.4199999570846558,0.03,0.03,0.04,1.5,2.04,5.06,131.0,2558.0,0.75,0.03,1.58,2.04,5.06,0.75,1.83,2.01,3.21,30.51,-0.08,3.93,-0.28,2.21,-1.54,0.07,-0.01,10.07,1.5,4.0,1.5,2.64,2.5,3.5,hold,Failed
MLCO230908P00011000,2023-09-08,MLCO,10.149999618530273,0.1,0.1,0.2,11.0,0.92,2.31,1.0,413.0,0.48,0.1,11.26,0.92,2.31,0.48,12.29,12.31,12.09,38.35,-0.38,10.31,-0.34,0.53,-7.62,0.53,-0.07,14.39,4.87,20.0,9.7,16.68,17.3,1.8,buy,Failed
MPW230908P00006500,2023-09-08,MPW,6.639999866485596,0.02,0.02,0.03,6.5,0.31,10.84,171.0,3564.0,0.58,0.02,7.29,0.31,10.84,0.58,8.9,8.54,9.51,38.89,-0.55,9.67,-0.06,0.21,-1.86,0.11,-0.01,13.46,6.77,15.0,7.0,9.8,10.0,2.7,hold,Success
MPW230908P00007000,2023-09-08,MPW,6.639999866485596,0.06,0.05,0.08,7.0,0.72,3.98,995.0,1831.0,0.45,0.05,7.29,0.72,3.98,0.45,8.9,8.54,9.51,38.89,-0.55,9.67,-0.23,0.72,-3.92,0.29,-0.03,13.46,6.77,15.0,7.0,9.8,10.0,2.7,hold,Failed
MVIS230908P00002500,2023-09-08,MVIS,2.3499999046325684,0.11,0.1,0.11,2.5,4.17,0.4,599.0,312.0,0.75,0.1,2.51,4.17,0.4,0.75,3.47,3.51,3.06,30.11,-0.29,3.93,-0.46,1.65,-2.9,0.13,-0.02,7.65,1.82,4.0,4.0,4.0,4.0,3.0,hold,Failed
NKLA230908P00001000,2023-09-08,NKLA,0.8801000118255615,0.04,0.03,0.04,1.0,3.09,15.25,1010.0,33575.0,1.56,0.03,1.18,3.09,15.25,1.56,1.85,1.35,1.78,26.3,-0.24,1.92,-0.18,1.1,-1.86,0.04,-0.0,5.42,0.54,5.0,1.0,2.42,2.25,2.9,hold,Failed
NNOX230908P00008000,2023-09-08,NNOX,7.460000038146973,0.17,0.15,0.2,8.0,1.91,2.56,73.0,33.0,0.56,0.15,8.21,1.91,2.56,0.56,12.14,13.41,10.8,33.18,-1.2,13.08,-0.34,0.63,-6.56,0.39,-0.05,21.51,5.43,34.0,30.0,32.0,32.0,1.5,strong_buy,Failed
NU230908P00006000,2023-09-08,NU,6.809999942779541,0.03,0.01,0.03,6.0,0.17,15.61,1.0,153.0,0.75,0.01,7.11,0.17,15.61,0.75,7.64,6.9,5.63,29.76,-0.2,5.47,-0.03,0.11,-1.6,0.07,-0.0,8.18,3.48,11.0,4.0,8.68,9.15,2.4,buy,Success
NU230908P00006500,2023-09-08,NU,6.809999942779541,0.02,0.02,0.03,6.5,0.31,8.58,9.0,749.0,0.52,0.02,7.11,0.31,8.58,0.52,7.64,6.9,5.63,29.76,-0.2,5.47,-0.08,0.32,-2.16,0.14,-0.01,8.18,3.48,11.0,4.0,8.68,9.15,2.4,buy,Success
NU230908P00007000,2023-09-08,NU,6.809999942779541,0.08,0.08,0.1,7.0,1.16,1.55,421.0,446.0,0.36,0.08,7.11,1.16,1.55,0.36,7.64,6.9,5.63,29.76,-0.2,5.47,-0.36,1.15,-3.65,0.34,-0.04,8.18,3.48,11.0,4.0,8.68,9.15,2.4,buy,Failed
NVAX230908P00007000,2023-09-08,NVAX,8.970000267028809,0.04,0.03,0.04,7.0,0.43,14.74,116.0,381.0,0.79,0.03,8.21,0.43,14.74,0.79,7.97,7.95,9.5,60.34,0.1,11.5,-0.05,0.13,-2.67,0.11,-0.01,33.0,5.76,38.0,5.0,20.6,15.0,2.7,hold,Success
NVAX230908P00007500,2023-09-08,NVAX,8.970000267028809,0.12,0.06,0.15,7.5,0.81,8.65,165.0,513.0,0.76,0.06,8.21,0.81,8.65,0.76,7.97,7.95,9.5,60.34,0.1,11.5,-0.16,0.31,-5.97,0.26,-0.02,33.0,5.76,38.0,5.0,20.6,15.0,2.7,hold,Success
NVAX230908P00008000,2023-09-08,NVAX,8.970000267028809,0.31,0.25,0.32,8.0,3.23,2.56,314.0,758.0,0.8,0.25,8.21,3.23,2.56,0.8,7.97,7.95,9.5,60.34,0.1,11.5,-0.38,0.45,-9.68,0.4,-0.06,33.0,5.76,38.0,5.0,20.6,15.0,2.7,hold,Success
OPEN230908P00003500,2023-09-08,OPEN,3.7799999713897705,0.04,0.03,0.04,3.5,0.86,10.03,144.0,1279.0,0.73,0.03,3.89,0.86,10.03,0.73,3.92,3.04,2.34,62.35,-0.03,2.43,-0.12,0.55,-2.23,0.1,-0.01,5.27,0.97,7.0,1.0,3.37,3.9,3.0,hold,Success
PACW230908P00008000,2023-09-08,PACW,7.849999904632568,0.09,0.05,0.1,8.0,0.63,2.91,97.0,164.0,0.41,0.05,8.24,0.63,2.91,0.41,8.45,8.14,15.06,47.37,-0.19,9.23,-0.28,0.77,-4.39,0.35,-0.04,29.22,3.16,14.0,8.75,11.56,11.63,2.6,hold,Failed
PBR230908P00012500,2023-09-08,PBR,14.680000305175781,0.01,0.01,0.02,12.5,0.08,13.73,202.0,1048.0,0.55,0.01,14.49,0.08,13.73,0.55,13.54,12.21,10.54,69.61,0.32,10.14,-0.02,0.04,-1.23,0.07,-0.0,14.58,7.54,19.0,13.0,15.94,15.0,2.4,buy,Success
PBR230908P00013000,2023-09-08,PBR,14.680000305175781,0.03,0.01,0.03,13.0,0.08,10.28,5.0,2530.0,0.49,0.01,14.49,0.08,10.28,0.49,13.54,12.21,10.54,69.61,0.32,10.14,-0.04,0.09,-2.38,0.16,-0.01,14.58,7.54,19.0,13.0,15.94,15.0,2.4,buy,Success
PBR230908P00013500,2023-09-08,PBR,14.680000305175781,0.03,0.02,0.04,13.5,0.15,6.83,71.0,2323.0,0.38,0.02,14.49,0.15,6.83,0.38,13.54,12.21,10.54,69.61,0.32,10.14,-0.07,0.19,-2.92,0.25,-0.02,14.58,7.54,19.0,13.0,15.94,15.0,2.4,buy,Success
PBR230908P00014000,2023-09-08,PBR,14.680000305175781,0.07,0.06,0.08,14.0,0.43,3.38,337.0,2018.0,0.3,0.06,14.49,0.43,3.38,0.3,13.54,12.21,10.54,69.61,0.32,10.14,-0.18,0.47,-4.43,0.49,-0.04,14.58,7.54,19.0,13.0,15.94,15.0,2.4,buy,Success
PLUG230908P00007500,2023-09-08,PLUG,7.960000038146973,0.02,0.01,0.02,7.5,0.13,11.87,86.0,1736.0,0.53,0.01,8.51,0.13,11.87,0.53,10.41,9.68,11.86,37.74,-0.65,13.21,-0.03,0.12,-1.17,0.07,-0.0,30.03,7.48,78.0,7.5,17.77,14.5,2.1,buy,Success
PLUG230908P00008000,2023-09-08,PLUG,7.960000038146973,0.05,0.05,0.06,8.0,0.63,5.99,319.0,641.0,0.47,0.05,8.51,0.63,5.99,0.47,10.41,9.68,11.86,37.74,-0.65,13.21,-0.15,0.44,-3.58,0.25,-0.02,30.03,7.48,78.0,7.5,17.77,14.5,2.1,buy,Failed
PLUG230908P00008500,2023-09-08,PLUG,7.960000038146973,0.2,0.2,0.21,8.5,2.41,0.12,480.0,645.0,0.43,0.2,8.51,2.41,0.12,0.43,10.41,9.68,11.86,37.74,-0.65,13.21,-0.48,0.85,-5.64,0.43,-0.07,30.03,7.48,78.0,7.5,17.77,14.5,2.1,buy,Failed
PTON230908P00005500,2023-09-08,PTON,5.449999809265137,0.02,0.01,0.03,5.5,0.18,16.03,28.0,1708.0,0.78,0.01,6.55,0.18,16.03,0.78,7.92,8.09,9.82,33.87,-0.6,9.76,-0.04,0.12,-1.58,0.07,-0.0,16.98,5.41,20.0,4.5,8.55,7.25,2.7,hold,Failed
PTON230908P00006000,2023-09-08,PTON,5.449999809265137,0.04,0.04,0.05,6.0,0.67,8.4,1300.0,756.0,0.59,0.04,6.55,0.67,8.4,0.59,7.92,8.09,9.82,33.87,-0.6,9.76,-0.11,0.39,-2.87,0.16,-0.01,16.98,5.41,20.0,4.5,8.55,7.25,2.7,hold,Failed
PTON230908P00006500,2023-09-08,PTON,5.449999809265137,0.16,0.16,0.18,6.5,2.52,0.76,875.0,353.0,0.5,0.16,6.55,2.52,0.76,0.5,7.92,8.09,9.82,33.87,-0.6,9.76,-0.44,0.93,-5.04,0.33,-0.05,16.98,5.41,20.0,4.5,8.55,7.25,2.7,hold,Failed
QS230908P00006500,2023-09-08,QS,6.869999885559082,0.02,0.02,0.03,6.5,0.31,8.19,69.0,395.0,0.5,0.02,7.08,0.31,8.19,0.5,8.55,7.69,7.66,40.11,-0.5,8.29,-0.09,0.34,-2.15,0.14,-0.01,13.31,5.18,10.0,2.0,6.5,7.0,3.5,hold,Success
QS230908P00007000,2023-09-08,QS,6.869999885559082,0.12,0.12,0.13,7.0,1.74,1.13,835.0,874.0,0.4,0.12,7.08,1.74,1.13,0.4,8.55,7.69,7.66,40.11,-0.5,8.29,-0.4,1.06,-4.27,0.35,-0.05,13.31,5.18,10.0,2.0,6.5,7.0,3.5,hold,Failed
RDFN230908P00009000,2023-09-08,RDFN,9.3100004196167,0.1,0.1,0.15,9.0,1.12,4.36,53.0,71.0,0.52,0.1,9.41,1.12,4.36,0.52,12.19,10.87,8.79,37.29,-0.86,8.0,-0.24,0.49,-5.98,0.38,-0.04,17.01,3.27,11.5,4.25,8.95,10.0,3.3,hold,Success
RIG230908P00007500,2023-09-08,RIG,8.180000305175781,0.03,0.01,0.02,7.5,0.13,11.35,311.0,2477.0,0.52,0.01,8.46,0.13,11.35,0.52,7.91,7.01,6.37,52.71,0.03,5.46,-0.03,0.13,-1.21,0.08,-0.0,8.8,2.36,12.0,6.0,8.69,8.0,2.6,hold,Success
RIG230908P00008000,2023-09-08,RIG,8.180000305175781,0.04,0.03,0.04,8.0,0.38,5.44,186.0,5337.0,0.38,0.03,8.46,0.38,5.44,0.38,7.91,7.01,6.37,52.71,0.03,5.46,-0.12,0.49,-2.54,0.22,-0.02,8.8,2.36,12.0,6.0,8.69,8.0,2.6,hold,Success
RKLB230908P00006000,2023-09-08,RKLB,6.199999809265137,0.1,0.05,0.1,6.0,0.84,5.36,28.0,101.0,0.55,0.05,6.34,0.84,5.36,0.55,6.4,5.47,4.9,50.64,-0.09,5.04,-0.21,0.64,-3.92,0.23,-0.02,7.93,3.56,14.0,6.75,9.83,10.0,2.0,buy,Success
RKT230908P00010000,2023-09-08,RKT,10.270000457763672,0.04,0.03,0.06,10.0,0.3,4.94,55.0,200.0,0.39,0.03,10.52,0.3,4.94,0.39,10.3,9.44,8.93,31.67,0.02,8.39,-0.15,0.44,-3.63,0.31,-0.03,11.8,6.28,12.0,6.0,10.15,11.0,3.1,hold,Success
RKT230908P00010500,2023-09-08,RKT,10.270000457763672,0.15,0.16,0.22,10.5,1.55,0.19,100.0,86.0,0.37,0.16,10.52,1.55,0.19,0.37,10.3,9.44,8.93,31.67,0.02,8.39,-0.47,0.8,-6.01,0.54,-0.08,11.8,6.28,12.0,6.0,10.15,11.0,3.1,hold,Failed
RUM230908P00007500,2023-09-08,RUM,7.119999885559082,0.15,0.1,0.2,7.5,1.35,4.82,22.0,131.0,0.67,0.1,7.88,1.35,4.82,0.67,8.18,8.84,8.8,45.2,-0.08,10.19,-0.27,0.49,-6.73,0.33,-0.04,16.81,5.95,10.0,10.0,10.0,10.0,2.5,buy,Failed
SFIX230908P00004000,2023-09-08,SFIX,3.9800000190734863,0.04,0.02,0.04,4.0,0.5,8.05,106.0,367.0,0.58,0.02,4.35,0.5,8.05,0.58,4.14,3.92,4.13,59.26,-0.01,4.17,-0.12,0.62,-1.97,0.11,-0.01,5.65,2.77,6.0,3.0,4.53,4.6,3.1,hold,Failed
SKLZ230908P00007000,2023-09-08,SKLZ,6.869999885559082,0.04,0.01,0.05,7.0,0.14,14.43,1.0,36.0,0.75,0.01,8.18,0.14,14.43,0.75,9.97,10.86,12.54,43.15,-0.61,14.07,-0.05,0.13,-2.36,0.1,-0.01,27.8,7.32,20.0,8.0,11.83,10.5,2.7,hold,Failed
SKLZ230908P00007500,2023-09-08,SKLZ,6.869999885559082,0.05,0.05,0.08,7.5,0.67,8.31,2.0,77.0,0.62,0.05,8.18,0.67,8.31,0.62,9.97,10.86,12.54,43.15,-0.61,14.07,-0.13,0.32,-4.1,0.22,-0.02,27.8,7.32,20.0,8.0,11.83,10.5,2.7,hold,Failed
SKLZ230908P00008000,2023-09-08,SKLZ,6.869999885559082,0.22,0.18,0.28,8.0,2.3,2.2,13.0,45.0,0.65,0.18,8.18,2.3,2.2,0.65,9.97,10.86,12.54,43.15,-0.61,14.07,-0.38,0.56,-7.88,0.4,-0.05,27.8,7.32,20.0,8.0,11.83,10.5,2.7,hold,Failed
SNAP230908P00009500,2023-09-08,SNAP,9.390000343322754,0.02,0.01,0.02,9.5,0.11,9.0,343.0,3128.0,0.44,0.01,10.44,0.11,9.0,0.44,11.08,10.44,10.33,58.99,-0.26,10.35,-0.04,0.16,-1.63,0.12,-0.01,13.51,7.76,15.0,6.0,9.96,9.9,3.0,hold,Failed
SNAP230908P00010000,2023-09-08,SNAP,9.390000343322754,0.06,0.05,0.06,10.0,0.5,4.21,1718.0,2102.0,0.35,0.05,10.44,0.5,4.21,0.35,11.08,10.44,10.33,58.99,-0.26,10.35,-0.16,0.52,-3.51,0.33,-0.03,13.51,7.76,15.0,6.0,9.96,9.9,3.0,hold,Failed
SOFI230908P00008000,2023-09-08,SOFI,8.550000190734863,0.02,0.02,0.03,8.0,0.25,8.99,1006.0,5970.0,0.5,0.02,8.79,0.25,8.99,0.5,8.93,7.64,6.63,52.26,-0.13,6.59,-0.07,0.23,-2.2,0.15,-0.01,11.45,4.3,16.0,3.0,10.26,10.0,2.7,hold,Success
SOFI230908P00008500,2023-09-08,SOFI,8.550000190734863,0.09,0.08,0.09,8.5,0.95,3.3,4613.0,8159.0,0.4,0.08,8.79,0.95,3.3,0.4,8.93,7.64,6.63,52.26,-0.13,6.59,-0.25,0.7,-4.29,0.36,-0.04,11.45,4.3,16.0,3.0,10.26,10.0,2.7,hold,Success
SOUN230908P00002500,2023-09-08,SOUN,2.299999952316284,0.07,0.05,0.1,2.5,2.04,0.79,238.0,332.0,0.57,0.05,2.52,2.04,0.79,0.57,2.92,2.88,2.47,54.55,-0.05,3.05,-0.44,2.14,-2.2,0.13,-0.02,4.71,0.97,7.0,4.0,5.07,4.2,1.7,buy,Failed
SPCE230908P00002500,2023-09-08,SPCE,2.2899999618530273,0.05,0.05,0.06,2.5,2.04,3.1,439.0,688.0,0.59,0.05,2.58,2.04,3.1,0.59,3.52,3.75,4.25,26.83,-0.3,4.42,-0.32,1.83,-2.14,0.12,-0.01,6.37,2.52,8.0,3.0,4.47,3.88,3.2,hold,Failed
SPWR230908P00007000,2023-09-08,SPWR,6.619999885559082,0.07,0.07,0.1,7.0,1.01,3.98,90.0,170.0,0.51,0.07,7.29,1.01,3.98,0.51,9.05,10.37,13.95,34.44,-0.61,14.6,-0.26,0.68,-4.62,0.3,-0.03,28.13,6.85,17.0,6.65,10.79,10.0,2.9,hold,Failed
STEM230908P00005000,2023-09-08,STEM,4.78000020980835,0.15,0.1,0.15,5.0,2.04,2.91,16.0,94.0,0.64,0.1,5.15,2.04,2.91,0.64,6.09,5.49,7.33,27.91,-0.34,7.98,-0.34,0.87,-4.68,0.24,-0.03,17.42,3.8,15.0,5.0,9.43,10.0,2.3,buy,Failed
TAL230908P00007000,2023-09-08,TAL,7.190000057220459,0.13,0.03,0.05,7.0,0.43,6.29,53.0,194.0,0.48,0.03,7.47,0.43,6.29,0.48,6.65,6.3,6.62,68.75,0.11,6.49,-0.14,0.48,-3.02,0.21,-0.02,10.08,3.26,10.0,2.9,7.13,7.5,2.3,buy,Success
TEVA230908P00009500,2023-09-08,TEVA,9.619999885559082,0.03,0.02,0.07,9.5,0.21,3.46,363.0,553.0,0.34,0.02,9.84,0.21,3.46,0.34,8.79,8.41,8.96,66.29,0.26,8.75,-0.2,0.66,-3.66,0.36,-0.03,11.37,7.2,14.0,8.0,10.11,10.0,2.8,hold,Success
TLRY230908P00002500,2023-09-08,TLRY,3.0199999809265137,0.03,0.02,0.03,2.5,0.81,16.39,5221.0,4170.0,1.03,0.02,2.99,0.81,16.39,1.03,2.13,2.15,2.6,63.5,0.15,2.85,-0.08,0.37,-1.75,0.06,-0.0,4.68,1.52,4.25,1.9,2.64,2.23,2.6,hold,Success
UAA230908P00007500,2023-09-08,UAA,7.28000020980835,0.04,0.02,0.04,7.5,0.27,3.97,10.0,124.0,0.32,0.02,7.81,0.27,3.97,0.32,7.67,7.84,8.98,47.5,-0.04,8.72,-0.16,0.75,-2.32,0.24,-0.02,12.78,6.62,15.0,7.0,10.15,10.0,2.4,buy,Failed
WISH230908P00005000,2023-09-08,WISH,5.0,0.07,0.07,0.09,5.0,1.42,4.94,19.0,82.0,0.6,0.07,5.26,1.42,4.94,0.6,6.93,7.25,12.22,36.3,-0.56,14.03,-0.24,0.77,-3.85,0.21,-0.02,38.7,4.86,8.0,5.0,6.5,6.5,3.6,underperform,Failed
WW230908P00009000,2023-09-08,WW,10.90999984741211,0.1,0.05,0.15,9.0,0.56,6.83,25.0,259.0,0.6,0.05,9.66,0.56,6.83,0.6,9.03,8.24,6.24,42.23,0.16,6.73,-0.17,0.34,-5.7,0.31,-0.03,11.65,3.38,17.0,4.0,11.4,12.5,2.7,hold,Success
WW230908P00009500,2023-09-08,WW,10.90999984741211,0.26,0.25,0.3,9.5,2.7,1.66,65.0,170.0,0.62,0.25,9.66,2.7,1.66,0.62,9.03,8.24,6.24,42.23,0.16,6.73,-0.4,0.51,-8.94,0.48,-0.07,11.65,3.38,17.0,4.0,11.4,12.5,2.7,hold,Success