contractSymbol,Expiration Date,ETF,Stock Price,lastPrice,bid,ask,strike,ROI (%),OTM (%),volume,openInterest,Implied Volatility,highPrice,Original Stock Price,Original ROI (%),Original OTM (%),Original Implied Volatility,50-day MA,100-day MA,200-day MA,RSI,MACD,VWAP,Delta,Gamma,Theta,Vega,Rho,52WeekHigh,52WeekLow,targetHighPrice,targetLowPrice,targetMeanPrice,targetMedianPrice,recommendationMean,recommendationKey,numberOfAnalystOpinions,Break Even Price
AAOI230915P00010000,2023-09-15,AAOI,12.38,0.06,0.05,0.15,10.0,0.5,19.22,623.0,2286.0,1.05,0.05,12.38,0.5,19.22,1.05,10.28,6.38,4.35,47.0,0.95,7.58,-0.07,0.07,-6.04,0.25,-0.02,15.48,1.64,20.0,11.5,15.75,15.75,2.3,buy,,9.95
AAOI230915P00010500,2023-09-15,AAOI,12.38,0.24,0.1,0.2,10.5,0.96,15.19,,6.0,0.98,0.1,12.38,0.96,15.19,0.98,10.28,6.38,4.35,47.0,0.95,7.58,-0.11,0.11,-7.86,0.35,-0.03,15.48,1.64,20.0,11.5,15.75,15.75,2.3,buy,,10.4
AAOI230915P00011000,2023-09-15,AAOI,12.38,0.2,0.15,0.3,11.0,1.38,11.15,6.0,48.0,0.93,0.15,12.38,1.38,11.15,0.93,10.28,6.38,4.35,47.0,0.95,7.58,-0.18,0.15,-9.97,0.47,-0.05,15.48,1.64,20.0,11.5,15.75,15.75,2.3,buy,,10.85
AAOI230915P00011500,2023-09-15,AAOI,12.38,0.3,0.3,0.4,11.5,2.68,7.11,2.0,63.0,0.89,0.3,12.38,2.68,7.11,0.89,10.28,6.38,4.35,47.0,0.95,7.58,-0.27,0.2,-12.24,0.6,-0.08,15.48,1.64,20.0,11.5,15.75,15.75,2.3,buy,,11.2
AAOI230915P00012000,2023-09-15,AAOI,12.38,0.5,0.45,0.6,12.0,3.9,3.07,13.0,35.0,0.87,0.45,12.38,3.9,3.07,0.87,10.28,6.38,4.35,47.0,0.95,7.58,-0.38,0.24,-13.77,0.7,-0.11,15.48,1.64,20.0,11.5,15.75,15.75,2.3,buy,,11.55
ABUS230915P00002000,2023-09-15,ABUS,2.04,0.1,0.05,0.15,2.0,2.56,1.96,1.0,375.0,0.91,0.05,2.04,2.56,1.96,0.91,2.14,2.36,2.55,54.84,-0.03,2.52,-0.41,1.42,-2.42,0.12,-0.02,3.1,1.88,6.0,4.0,5.4,6.0,2.0,buy,,1.95
ACHV230915P00002500,2023-09-15,ACHV,5.28,0.25,0.05,0.75,2.5,2.04,52.65,1.0,0.0,5.75,0.05,5.28,2.04,52.65,5.75,5.23,6.2,5.24,60.39,-0.07,5.39,-0.1,0.04,-17.47,0.13,-0.02,9.93,2.02,56.0,19.0,28.57,25.0,1.7,buy,,2.45
ACHV230915P00005000,2023-09-15,ACHV,5.28,0.3,0.1,0.45,5.0,2.04,5.3,5.0,154.0,1.18,0.1,5.28,2.04,5.3,1.18,5.23,6.2,5.24,60.39,-0.07,5.39,-0.34,0.4,-7.72,0.29,-0.04,9.93,2.02,56.0,19.0,28.57,25.0,1.7,buy,,4.9
AG230915P00005000,2023-09-15,AG,5.77,0.02,0.01,0.02,5.0,0.2,13.34,3.0,178.0,0.58,0.01,5.77,0.2,13.34,0.58,6.11,6.21,7.03,49.22,-0.06,7.4,-0.04,0.18,-1.02,0.08,-0.01,9.71,5.33,12.0,7.39,9.85,10.16,2.3,buy,,4.99
AG230915P00005500,2023-09-15,AG,5.77,0.06,0.04,0.05,5.5,0.73,4.68,1.0,386.0,0.4,0.04,5.77,0.73,4.68,0.4,6.11,6.21,7.03,49.22,-0.06,7.4,-0.2,0.82,-2.15,0.24,-0.03,9.71,5.33,12.0,7.39,9.85,10.16,2.3,buy,,5.46
AGNC230915P00009000,2023-09-15,AGNC,9.72,0.01,0.01,0.03,9.0,0.11,7.41,3.0,48950.0,0.38,0.01,9.72,0.11,7.41,0.38,9.96,9.79,10.17,55.89,-0.03,9.8,-0.08,0.27,-1.79,0.21,-0.02,12.14,7.37,11.25,9.5,10.53,10.5,2.4,buy,,8.99
AGNC230915P00009500,2023-09-15,AGNC,9.72,0.06,0.04,0.06,9.5,0.42,2.26,1.0,5789.0,0.23,0.04,9.72,0.42,2.26,0.23,9.96,9.79,10.17,55.89,-0.03,9.8,-0.24,0.95,-2.35,0.45,-0.05,12.14,7.37,11.25,9.5,10.53,10.5,2.4,buy,,9.46
ALEC230915P00005000,2023-09-15,ALEC,5.08,0.2,0.05,0.35,5.0,1.01,1.57,100.0,100.0,0.71,0.05,5.08,1.01,1.57,0.71,6.49,6.83,7.48,9.61,-0.45,7.82,-0.42,0.73,-4.77,0.29,-0.05,10.99,5.08,41.0,8.0,15.29,10.0,2.1,buy,,4.95
ALIT230915P00007500,2023-09-15,ALIT,7.51,0.1,0.1,0.2,7.5,1.35,0.13,1.0,31.0,0.41,0.1,7.51,1.35,0.13,0.41,8.79,8.82,8.88,20.0,-0.36,8.76,-0.48,0.87,-4.15,0.44,-0.08,10.05,7.09,15.0,12.0,13.0,13.0,1.6,buy,,7.4
AMC230915P00005000,2023-09-15,AMC,10.88,0.01,0.01,0.02,5.0,0.2,54.04,25.0,3047.0,2.19,0.01,10.88,0.2,54.04,2.19,38.19,44.05,49.63,16.08,-9.05,44.34,-0.01,0.0,-1.2,0.02,-0.0,102.2,10.88,39.71,4.41,20.02,16.34,3.6,underperform,,4.99
AMC230915P00006000,2023-09-15,AMC,10.88,0.02,0.01,0.02,6.0,0.17,44.85,55.0,4112.0,1.72,0.01,10.88,0.17,44.85,1.72,38.19,44.05,49.63,16.08,-9.05,44.34,-0.01,0.01,-1.2,0.03,-0.0,102.2,10.88,39.71,4.41,20.02,16.34,3.6,underperform,,5.99
AMC230915P00007000,2023-09-15,AMC,10.88,0.05,0.04,0.05,7.0,0.57,35.66,90.0,1171.0,1.59,0.04,10.88,0.57,35.66,1.59,38.19,44.05,49.63,16.08,-9.05,44.34,-0.02,0.02,-3.24,0.09,-0.01,102.2,10.88,39.71,4.41,20.02,16.34,3.6,underperform,,6.96
AMC230915P00008000,2023-09-15,AMC,10.88,0.12,0.12,0.13,8.0,1.52,26.47,451.0,2515.0,1.52,0.12,10.88,1.52,26.47,1.52,38.19,44.05,49.63,16.08,-9.05,44.34,-0.07,0.05,-7.44,0.21,-0.02,102.2,10.88,39.71,4.41,20.02,16.34,3.6,underperform,,7.88
AMC230915P00009000,2023-09-15,AMC,10.88,0.3,0.29,0.31,9.0,3.33,17.28,638.0,3776.0,1.47,0.29,10.88,3.33,17.28,1.47,38.19,44.05,49.63,16.08,-9.05,44.34,-0.16,0.1,-13.33,0.4,-0.04,102.2,10.88,39.71,4.41,20.02,16.34,3.6,underperform,,8.71
AMC230915P00009500,2023-09-15,AMC,10.88,0.43,0.42,0.44,9.5,4.63,12.68,768.0,589.0,1.44,0.42,10.88,4.63,12.68,1.44,38.19,44.05,49.63,16.08,-9.05,44.34,-0.23,0.13,-16.03,0.49,-0.06,102.2,10.88,39.71,4.41,20.02,16.34,3.6,underperform,,9.08
AMC230915P00010000,2023-09-15,AMC,10.88,0.6,0.59,0.61,10.0,6.27,8.09,35853.0,13743.0,1.42,0.59,10.88,6.27,8.09,1.42,38.19,44.05,49.63,16.08,-9.05,44.34,-0.31,0.15,-18.29,0.57,-0.08,102.2,10.88,39.71,4.41,20.02,16.34,3.6,underperform,,9.41
AMC230915P00010500,2023-09-15,AMC,10.88,0.8,0.81,0.85,10.5,8.36,3.49,392.0,1196.0,1.43,0.81,10.88,8.36,3.49,1.43,38.19,44.05,49.63,16.08,-9.05,44.34,-0.39,0.17,-20.19,0.62,-0.11,102.2,10.88,39.71,4.41,20.02,16.34,3.6,underperform,,9.69
AMPX230915P00004000,2023-09-15,AMPX,4.7,0.29,0.25,0.45,4.0,6.67,14.89,5.0,8472.0,2.24,0.25,4.7,6.67,14.89,2.24,6.57,7.65,7.42,22.79,-0.61,9.89,-0.26,0.21,-11.46,0.22,-0.03,12.94,4.47,16.0,13.0,14.5,14.5,1.7,buy,,3.75
AMSC230915P00008000,2023-09-15,AMSC,8.6,0.1,0.05,0.1,8.0,0.63,6.98,21.0,2445.0,0.51,0.05,8.6,0.63,6.98,0.51,8.34,6.61,5.58,45.73,0.11,10.37,-0.16,0.37,-3.55,0.31,-0.03,16.13,3.29,13.0,10.0,11.67,12.0,1.7,buy,,7.95
AMSC230915P00008500,2023-09-15,AMSC,8.6,0.3,0.25,0.3,8.5,3.03,1.16,23.0,1067.0,0.57,0.25,8.6,3.03,1.16,0.57,8.34,6.61,5.58,45.73,0.11,10.37,-0.43,0.54,-6.46,0.5,-0.09,16.13,3.29,13.0,10.0,11.67,12.0,1.7,buy,,8.25
APLD230915P00005000,2023-09-15,APLD,5.67,0.13,0.05,0.1,5.0,1.01,11.82,20.0,984.0,0.84,0.05,5.67,1.01,11.82,0.84,7.61,6.96,4.64,40.05,-0.57,6.89,-0.14,0.32,-3.62,0.19,-0.02,10.24,1.51,19.0,12.0,15.75,16.25,2.0,buy,,4.95
APLD230915P00005500,2023-09-15,APLD,5.67,0.22,0.2,0.25,5.5,3.77,3.0,71.0,813.0,0.82,0.2,5.67,3.77,3.0,0.82,7.61,6.96,4.64,40.05,-0.57,6.89,-0.38,0.55,-5.94,0.32,-0.05,10.24,1.51,19.0,12.0,15.75,16.25,2.0,buy,,5.3
APPS230915P00007500,2023-09-15,APPS,8.37,0.02,0.02,0.03,7.5,0.27,10.39,26.0,657.0,0.51,0.02,8.37,0.27,10.39,0.51,9.67,10.33,12.24,32.61,-0.34,13.02,-0.07,0.21,-1.85,0.16,-0.01,20.33,7.83,18.0,9.0,11.83,11.0,2.6,hold,,7.48
APPS230915P00008000,2023-09-15,APPS,8.37,0.1,0.08,0.1,8.0,1.01,4.42,10.0,410.0,0.45,0.08,8.37,1.01,4.42,0.45,9.67,10.33,12.24,32.61,-0.34,13.02,-0.24,0.56,-3.85,0.38,-0.04,20.33,7.83,18.0,9.0,11.83,11.0,2.6,hold,,7.92
ARDX230915P00004500,2023-09-15,ARDX,4.68,0.25,0.15,0.25,4.5,3.45,3.85,79.0,199.0,0.93,0.15,4.68,3.45,3.85,0.93,3.74,3.91,3.48,69.57,0.23,2.97,-0.36,0.58,-5.51,0.26,-0.04,4.95,1.13,15.0,6.0,9.36,8.5,1.4,strong_buy,,4.35
ARLO230915P00010000,2023-09-15,ARLO,10.36,0.25,0.05,0.15,10.0,0.5,3.47,1.0,264.0,0.44,0.05,10.36,0.5,3.47,0.44,10.59,9.42,6.88,46.22,-0.15,6.81,-0.28,0.5,-5.19,0.52,-0.07,11.48,3.15,17.0,11.0,14.75,15.5,2.0,buy,,9.95
ARQT230915P00007500,2023-09-15,ARQT,8.08,0.41,0.1,0.5,7.5,1.35,7.18,1.0,98.0,1.05,0.1,8.08,1.35,7.18,1.05,9.22,10.16,12.52,48.5,-0.29,13.05,-0.29,0.27,-9.81,0.41,-0.06,22.09,7.28,57.0,22.0,41.88,44.5,1.9,buy,,7.4
ASRT230915P00003000,2023-09-15,ASRT,3.26,0.1,0.05,0.1,3.0,1.69,7.98,4.0,277.0,0.84,0.05,3.26,1.69,7.98,0.84,4.4,5.35,4.99,52.08,-0.33,4.87,-0.23,0.75,-2.83,0.15,-0.02,7.66,2.11,7.0,6.0,6.75,7.0,2.0,buy,,2.95
ASTL230915P00007500,2023-09-15,ASTL,7.54,0.15,0.05,0.25,7.5,0.67,0.53,2.0,25.0,0.54,0.05,7.54,0.67,0.53,0.54,7.26,7.33,7.29,52.36,0.1,7.29,-0.46,0.66,-5.41,0.44,-0.08,9.52,5.68,14.0,11.0,12.63,12.75,2.0,buy,,7.45
ATNM230915P00005000,2023-09-15,ATNM,6.7,0.75,0.4,1.5,5.0,8.7,25.37,,1.0,4.44,0.4,6.7,8.7,25.37,4.44,6.78,7.65,9.08,57.45,-0.11,10.31,-0.22,0.07,-29.66,0.29,-0.05,14.41,5.91,53.0,20.0,31.4,25.0,2.2,buy,,4.6
ATUS230915P00003000,2023-09-15,ATUS,3.02,0.15,0.05,0.2,3.0,1.69,0.66,3.0,5373.0,0.69,0.05,3.02,1.69,0.66,0.69,3.21,2.99,3.57,35.67,-0.06,4.31,-0.45,1.29,-2.76,0.18,-0.03,10.63,2.11,16.0,2.0,4.46,3.0,2.8,hold,,2.95
AUPH230915P00009000,2023-09-15,AUPH,9.79,0.2,0.15,0.2,9.0,1.69,8.07,114.0,1260.0,0.75,0.15,9.79,1.69,8.07,0.75,10.11,10.29,8.99,50.99,-0.19,8.61,-0.21,0.26,-7.13,0.42,-0.05,12.27,4.11,15.0,12.0,14.0,15.0,2.1,buy,,8.85
AVXL230915P00006500,2023-09-15,AVXL,7.73,0.06,0.05,0.15,6.5,0.78,15.91,110.0,634.0,1.04,0.05,7.73,0.78,15.91,1.04,8.2,8.46,9.05,23.67,-0.14,9.86,-0.11,0.16,-5.23,0.22,-0.02,14.43,7.65,58.0,39.0,47.75,47.0,2.0,buy,,6.45
AVXL230915P00007000,2023-09-15,AVXL,7.73,0.15,0.1,0.2,7.0,1.45,9.44,1.0,87.0,0.86,0.1,7.73,1.45,9.44,0.86,8.2,8.46,9.05,23.67,-0.14,9.86,-0.2,0.28,-6.25,0.32,-0.04,14.43,7.65,58.0,39.0,47.75,47.0,2.0,buy,,6.9
AVXL230915P00007500,2023-09-15,AVXL,7.73,0.28,0.2,0.35,7.5,2.74,2.98,3.0,60.0,0.75,0.2,7.73,2.74,2.98,0.75,8.2,8.46,9.05,23.67,-0.14,9.86,-0.37,0.44,-7.41,0.43,-0.07,14.43,7.65,58.0,39.0,47.75,47.0,2.0,buy,,7.3
AXTI230915P00002500,2023-09-15,AXTI,2.54,0.1,0.15,0.3,2.5,6.38,1.57,10.0,10.0,1.48,0.15,2.54,6.38,1.57,1.48,2.8,3.05,3.92,57.08,-0.08,4.07,-0.43,0.71,-4.96,0.15,-0.03,8.68,2.25,6.0,3.0,4.46,5.0,2.2,buy,,2.35
BB230915P00005000,2023-09-15,BB,5.6,0.04,0.01,0.04,5.0,0.2,10.71,44.0,6108.0,0.55,0.01,5.6,0.2,10.71,0.55,4.89,4.88,4.5,85.63,0.23,4.54,-0.07,0.31,-1.45,0.12,-0.01,6.2,3.18,7.0,4.5,5.78,6.0,2.8,hold,,4.99
BB230915P00005500,2023-09-15,BB,5.6,0.15,0.14,0.17,5.5,2.61,1.79,1.0,9759.0,0.55,0.14,5.6,2.61,1.79,0.55,4.89,4.88,4.5,85.63,0.23,4.54,-0.4,0.85,-3.96,0.32,-0.05,6.2,3.18,7.0,4.5,5.78,6.0,2.8,hold,,5.36
BCAB230915P00002500,2023-09-15,BCAB,2.52,0.3,0.1,0.35,2.5,4.17,0.79,20.0,26.0,1.41,0.1,2.52,4.17,0.79,1.41,2.77,3.14,4.19,48.17,-0.08,4.96,-0.44,0.75,-4.71,0.15,-0.03,11.01,2.3,17.0,12.0,14.0,13.5,1.6,buy,,2.4
BGC230915P00005000,2023-09-15,BGC,5.04,0.15,0.05,0.15,5.0,1.01,0.79,2.0,657.0,0.51,0.05,5.04,1.01,0.79,0.51,4.83,4.64,4.53,54.95,0.04,4.44,-0.44,1.04,-3.39,0.29,-0.05,5.4,3.14,7.5,7.5,7.5,7.5,2.0,buy,,4.95
BHC230915P00008000,2023-09-15,BHC,8.31,0.05,0.02,0.06,8.0,0.25,3.73,1.0,1252.0,0.32,0.02,8.31,0.25,3.73,0.32,8.63,7.98,7.84,48.57,-0.1,7.65,-0.2,0.72,-2.52,0.35,-0.04,9.85,5.72,12.0,6.0,8.5,8.5,3.0,hold,,7.98
BLDE230915P00003000,2023-09-15,BLDE,3.28,0.15,0.05,0.1,3.0,1.69,8.54,1.0,361.0,0.88,0.05,3.28,1.69,8.54,0.88,3.76,3.45,3.76,41.22,-0.16,3.9,-0.23,0.71,-2.9,0.15,-0.02,5.24,2.54,13.5,6.0,8.1,7.0,1.5,strong_buy,,2.95
BLNK230915P00003500,2023-09-15,BLNK,3.88,0.05,0.01,0.04,3.5,0.29,9.79,43.0,102.0,0.58,0.01,3.88,0.29,9.79,0.58,5.63,6.26,8.61,12.5,-0.56,9.26,-0.11,0.55,-1.38,0.1,-0.01,23.23,3.88,50.0,7.0,16.89,10.0,2.7,hold,,3.49
BLUE230915P00003500,2023-09-15,BLUE,3.74,0.15,0.05,0.2,3.5,1.45,6.42,100.0,1975.0,0.95,0.05,3.74,1.45,6.42,0.95,3.59,3.68,4.86,56.59,0.05,5.2,-0.29,0.66,-4.09,0.19,-0.03,8.49,2.79,11.0,3.0,7.36,8.0,2.6,hold,,3.45
BNGO230915P00000500,2023-09-15,BNGO,3.42,0.06,0.05,0.15,0.5,11.11,85.38,2.0,14.0,9.88,0.05,3.42,11.11,85.38,9.88,4.91,6.03,10.95,59.73,-0.39,12.09,-0.02,0.01,-5.61,0.02,-0.0,28.1,2.98,32.0,9.0,20.2,20.0,1.4,strong_buy,,0.45
BTAI230915P00003500,2023-09-15,BTAI,3.79,0.22,0.15,0.25,3.5,4.48,7.65,,10.0,1.36,0.15,3.79,4.48,7.65,1.36,7.87,14.93,19.21,37.62,-1.38,12.58,-0.31,0.46,-6.12,0.2,-0.03,33.24,3.78,70.0,4.0,19.5,11.5,2.2,buy,,3.35
BTBT230915P00002000,2023-09-15,BTBT,2.24,0.08,0.05,0.1,2.0,2.56,10.71,3.0,33.0,1.2,0.05,2.24,2.56,10.71,1.2,3.56,3.08,2.12,28.86,-0.37,2.6,-0.23,0.77,-2.78,0.1,-0.01,4.59,0.54,4.5,3.9,4.13,4.0,2.0,buy,,1.95
BTG230915P00003000,2023-09-15,BTG,3.04,0.1,0.05,0.1,3.0,1.69,1.32,1.0,823.0,0.59,0.05,3.04,1.69,1.32,0.59,3.34,3.62,3.65,51.26,-0.08,3.55,-0.42,1.48,-2.34,0.18,-0.03,4.35,2.85,4.88,4.8,4.84,4.84,1.7,buy,,2.95
CELC230915P00007500,2023-09-15,CELC,9.11,0.6,0.25,0.85,7.5,3.45,17.67,10.0,10.0,2.18,0.25,9.11,3.45,17.67,2.18,10.02,10.2,10.45,45.11,-0.17,10.56,-0.22,0.1,-19.95,0.4,-0.05,14.01,7.55,29.0,20.0,24.67,25.0,1.7,buy,,7.25
CENX230915P00007000,2023-09-15,CENX,7.5,0.05,0.05,0.15,7.0,0.72,6.67,1.0,1434.0,0.59,0.05,7.5,0.72,6.67,0.59,8.46,8.5,9.07,44.14,-0.32,8.57,-0.2,0.43,-4.14,0.31,-0.03,12.9,5.28,9.0,6.0,8.0,9.0,3.7,underperform,,6.95
CGC230915P00000500,2023-09-15,CGC,0.72,0.02,0.01,0.02,0.5,2.04,30.56,1295.0,5361.0,2.06,0.01,0.72,2.04,30.56,2.06,0.45,0.73,1.63,80.09,0.04,1.56,-0.09,0.73,-0.81,0.02,-0.0,4.32,0.37,3.29,0.42,1.43,1.02,3.8,underperform,,0.49
CHGG230915P00010000,2023-09-15,CHGG,10.3,0.13,0.15,0.2,10.0,1.52,2.91,25.0,2178.0,0.49,0.15,10.3,1.52,2.91,0.49,9.76,10.71,15.97,59.41,0.11,15.02,-0.33,0.48,-6.12,0.55,-0.08,29.84,8.66,24.5,11.0,14.67,13.5,3.0,hold,,9.85
CHPT230915P00005000,2023-09-15,CHPT,7.12,0.04,0.01,0.04,5.0,0.2,29.78,49.0,8658.0,1.28,0.01,7.12,0.2,29.78,1.28,7.98,8.34,9.53,45.73,-0.23,10.64,-0.03,0.04,-1.8,0.06,-0.0,19.25,6.79,27.0,10.0,14.77,14.0,1.9,buy,,4.99
CHPT230915P00005500,2023-09-15,CHPT,7.12,0.07,0.04,0.07,5.5,0.73,22.75,20.0,3233.0,1.19,0.04,7.12,0.73,22.75,1.19,7.98,8.34,9.53,45.73,-0.23,10.64,-0.06,0.09,-3.38,0.13,-0.01,19.25,6.79,27.0,10.0,14.77,14.0,1.9,buy,,5.46
CHPT230915P00006000,2023-09-15,CHPT,7.12,0.13,0.12,0.13,6.0,2.04,15.73,11.0,13885.0,1.15,0.12,7.12,2.04,15.73,1.15,7.98,8.34,9.53,45.73,-0.23,10.64,-0.14,0.18,-6.05,0.23,-0.02,19.25,6.79,27.0,10.0,14.77,14.0,1.9,buy,,5.88
CHPT230915P00006500,2023-09-15,CHPT,7.12,0.24,0.24,0.25,6.5,3.83,8.71,17.0,1366.0,1.1,0.24,7.12,3.83,8.71,1.1,7.98,8.34,9.53,45.73,-0.23,10.64,-0.26,0.28,-8.58,0.34,-0.05,19.25,6.79,27.0,10.0,14.77,14.0,1.9,buy,,6.26
CHPT230915P00007000,2023-09-15,CHPT,7.12,0.39,0.42,0.43,7.0,6.38,1.69,14.0,4306.0,1.04,0.42,7.12,6.38,1.69,1.04,7.98,8.34,9.53,45.73,-0.23,10.64,-0.43,0.36,-9.72,0.41,-0.07,19.25,6.79,27.0,10.0,14.77,14.0,1.9,buy,,6.58
CLAR230915P00005000,2023-09-15,CLAR,6.78,0.01,0.01,0.07,5.0,0.2,26.25,1.0,11.0,1.27,0.01,6.78,0.2,26.25,1.27,8.37,8.55,8.73,10.08,-0.43,10.46,-0.04,0.07,-2.63,0.09,-0.01,16.39,6.78,17.0,8.0,12.08,12.0,2.0,buy,,4.99
CLNE230915P00004000,2023-09-15,CLNE,4.3,0.06,0.05,0.1,4.0,1.27,6.98,33.0,558.0,0.69,0.05,4.3,1.27,6.98,0.69,4.59,4.46,4.9,62.09,-0.08,5.3,-0.22,0.68,-2.97,0.19,-0.02,7.73,3.93,22.0,5.5,9.4,7.5,1.8,buy,,3.95
COMM230915P00003500,2023-09-15,COMM,3.65,0.15,0.1,0.15,3.5,2.94,4.11,610.0,1178.0,0.8,0.1,3.65,2.94,4.11,0.8,4.44,4.5,6.04,44.95,-0.21,6.97,-0.34,0.85,-3.58,0.2,-0.03,13.43,3.22,10.5,3.75,5.36,4.5,2.8,hold,,3.4
CONN230915P00004000,2023-09-15,CONN,4.01,0.15,0.1,0.25,4.0,2.56,0.25,7.0,215.0,0.68,0.1,4.01,2.56,0.25,0.68,4.21,4.33,6.19,45.3,-0.1,6.75,-0.47,0.99,-3.64,0.24,-0.04,11.54,3.44,8.0,6.0,7.0,7.0,2.3,buy,,3.9
COOK230915P00004000,2023-09-15,COOK,4.01,0.05,0.05,0.15,4.0,1.27,0.25,10.0,262.0,0.59,0.05,4.01,1.27,0.25,0.59,4.5,4.02,3.74,25.79,-0.13,3.87,-0.47,1.14,-3.14,0.24,-0.04,5.95,2.54,7.0,4.0,5.31,5.0,2.6,hold,,3.95
COTY230915P00010500,2023-09-15,COTY,11.2,0.04,0.01,0.05,10.5,0.1,6.25,1.0,119.0,0.37,0.01,11.2,0.1,6.25,0.37,11.91,11.83,10.87,45.39,-0.16,9.8,-0.11,0.31,-2.62,0.31,-0.03,13.1,6.28,15.0,11.0,13.17,13.0,2.5,buy,,10.49
COTY230915P00011000,2023-09-15,COTY,11.2,0.15,0.1,0.13,11.0,0.92,1.79,43.0,601.0,0.29,0.1,11.2,0.92,1.79,0.29,11.91,11.83,10.87,45.39,-0.16,9.8,-0.33,0.75,-3.94,0.6,-0.08,13.1,6.28,15.0,11.0,13.17,13.0,2.5,buy,,10.9
CPE230915P00038000,2023-09-15,CPE,40.63,0.18,0.05,0.15,38.0,0.13,6.47,11.0,220.0,0.36,0.05,40.63,0.13,6.47,0.36,36.1,34.48,36.09,84.7,1.17,36.86,-0.1,0.08,-8.42,1.04,-0.09,48.23,29.75,59.0,35.0,47.64,49.0,2.4,buy,,37.95
CPE230915P00039000,2023-09-15,CPE,40.63,0.35,0.2,0.3,39.0,0.52,4.01,25.0,60.0,0.34,0.2,40.63,0.52,4.01,0.34,36.1,34.48,36.09,84.7,1.17,36.86,-0.2,0.14,-12.77,1.67,-0.18,48.23,29.75,59.0,35.0,47.64,49.0,2.4,buy,,38.8
CPE230915P00040000,2023-09-15,CPE,40.63,0.66,0.5,0.6,40.0,1.27,1.55,247.0,321.0,0.33,0.5,40.63,1.27,1.55,0.33,36.1,34.48,36.09,84.7,1.17,36.86,-0.36,0.19,-16.85,2.26,-0.33,48.23,29.75,59.0,35.0,47.64,49.0,2.4,buy,,39.5
CRCT230915P00004650,2023-09-15,CRCT,9.82,0.35,0.05,2.75,4.65,1.09,52.65,2.0,4.0,7.91,0.05,9.82,1.09,52.65,7.91,11.25,11.07,10.26,57.22,-0.44,11.27,-0.11,0.02,-49.48,0.27,-0.05,16.98,6.53,10.5,5.0,7.88,8.0,3.5,hold,,4.6
CTLP230915P00007500,2023-09-15,CTLP,7.55,0.25,0.3,0.45,7.5,4.17,0.66,919.0,1146.0,0.8,0.3,7.55,4.17,0.66,0.8,7.69,7.1,6.0,59.77,0.05,5.29,-0.45,0.44,-8.09,0.44,-0.08,8.21,2.85,10.5,9.0,9.88,10.0,1.6,buy,,7.2
CUE230915P00002500,2023-09-15,CUE,2.55,0.15,0.05,0.3,2.5,2.04,1.96,8.0,26.0,1.2,0.05,2.55,2.04,1.96,1.2,3.55,3.79,3.49,27.45,-0.27,3.61,-0.42,0.87,-4.01,0.15,-0.03,4.91,2.23,15.0,7.0,10.0,9.0,1.5,strong_buy,,2.45
CUTR230915P00010000,2023-09-15,CUTR,10.7,0.25,0.3,0.4,10.0,3.09,6.54,10.0,2192.0,0.94,0.3,10.7,3.09,6.54,0.94,14.41,16.48,25.94,38.86,-1.26,25.22,-0.29,0.23,-11.53,0.54,-0.07,51.65,9.2,33.0,18.0,23.0,20.5,2.7,hold,,9.7
CYH230915P00002000,2023-09-15,CYH,3.35,0.2,0.05,0.2,2.0,2.56,40.3,233.0,233.0,3.28,0.05,3.35,2.56,40.3,3.28,4.0,4.07,4.41,46.39,-0.18,4.17,-0.1,0.1,-6.32,0.08,-0.01,7.94,2.05,13.75,4.0,6.64,6.25,2.4,buy,,1.95
DADA230915P00005000,2023-09-15,DADA,5.69,0.05,0.05,0.15,5.0,1.01,12.13,9.0,820.0,0.96,0.05,5.69,1.01,12.13,0.96,5.62,5.73,7.53,54.55,-0.02,7.61,-0.16,0.3,-4.54,0.21,-0.02,15.18,3.06,20.7,5.5,10.59,10.0,1.6,buy,,4.95
DAKT230915P00007500,2023-09-15,DAKT,8.97,0.2,0.05,0.1,7.5,0.67,16.39,6.0,230.0,0.93,0.05,8.97,0.67,16.39,0.93,7.36,6.62,5.24,74.59,0.34,5.02,-0.09,0.13,-4.38,0.21,-0.02,8.98,1.75,9.25,9.25,9.25,9.25,1.0,strong_buy,,7.45
DB230915P00010000,2023-09-15,DB,10.31,0.08,0.05,0.15,10.0,0.5,3.01,5.0,142.0,0.41,0.05,10.31,0.5,3.01,0.41,10.81,10.69,11.08,37.97,-0.06,10.24,-0.3,0.55,-4.96,0.53,-0.07,13.49,7.4,11.97,11.97,11.97,11.97,4.0,underperform,,9.95
DBI230915P00009000,2023-09-15,DBI,10.53,0.25,0.1,0.2,9.0,1.12,14.53,50.0,3969.0,1.0,0.1,10.53,1.12,14.53,1.0,10.1,9.08,9.62,53.03,0.19,10.42,-0.13,0.13,-7.49,0.33,-0.03,17.5,6.27,11.0,8.0,9.33,9.0,3.0,hold,,8.9
DBI230915P00010000,2023-09-15,DBI,10.53,0.35,0.35,0.4,10.0,3.63,5.03,1.0,1526.0,0.89,0.35,10.53,3.63,5.03,0.89,10.1,9.08,9.62,53.03,0.19,10.42,-0.32,0.26,-11.31,0.56,-0.08,17.5,6.27,11.0,8.0,9.33,9.0,3.0,hold,,9.65
DESP230915P00007500,2023-09-15,DESP,7.92,0.35,0.05,0.25,7.5,0.67,5.3,3.0,11.0,0.62,0.05,7.92,0.67,5.3,0.62,7.58,6.86,6.34,42.74,0.09,6.22,-0.26,0.45,-5.38,0.38,-0.05,8.6,4.59,13.0,7.0,10.4,11.0,1.8,buy,,7.45
DHC230915P00002500,2023-09-15,DHC,2.54,0.21,0.15,0.25,2.5,6.38,1.57,5.0,15423.0,1.31,0.15,2.54,6.38,1.57,1.31,2.59,2.01,1.5,42.35,0.02,1.36,-0.43,0.8,-4.41,0.15,-0.03,3.26,0.63,4.5,0.9,2.13,1.0,3.0,hold,,2.35
DISH230915P00005000,2023-09-15,DISH,5.99,0.06,0.01,0.05,5.0,0.2,16.53,1.0,61012.0,0.81,0.01,5.99,0.2,16.53,0.81,7.0,6.94,9.96,15.81,-0.37,9.44,-0.06,0.16,-1.93,0.1,-0.01,19.61,5.96,32.0,5.0,13.1,10.0,2.7,hold,,4.99
DISH230915P00005500,2023-09-15,DISH,5.99,0.06,0.06,0.07,5.5,1.1,8.18,270.0,883.0,0.61,0.06,5.99,1.1,8.18,0.61,7.0,6.94,9.96,15.81,-0.37,9.44,-0.16,0.45,-2.99,0.22,-0.02,19.61,5.96,32.0,5.0,13.1,10.0,2.7,hold,,5.44
DRH230915P00007500,2023-09-15,DRH,7.98,0.69,0.15,0.95,7.5,2.04,6.02,10.0,15.0,1.5,0.15,7.98,2.04,6.02,1.5,8.03,8.07,8.36,55.39,-0.01,8.31,-0.35,0.21,-14.91,0.44,-0.07,9.98,7.31,11.0,8.0,9.86,10.0,2.5,buy,,7.35
EOSE230915P00002500,2023-09-15,EOSE,2.98,0.09,0.05,0.1,2.5,2.04,16.11,105.0,7105.0,1.34,0.05,2.98,2.04,16.11,1.34,3.33,2.88,2.25,53.88,0.12,2.66,-0.16,0.41,-3.32,0.11,-0.01,5.03,0.97,15.0,4.0,7.5,5.0,2.5,buy,,2.45
ET230915P00013000,2023-09-15,ET,13.71,0.01,0.01,0.02,13.0,0.08,5.18,375.0,5313.0,0.23,0.01,13.71,0.08,5.18,0.23,13.05,12.86,12.65,84.56,0.19,12.35,-0.06,0.25,-1.28,0.24,-0.02,13.78,10.22,22.0,15.0,17.29,17.0,1.5,strong_buy,,12.99
ET230915P00013500,2023-09-15,ET,13.71,0.04,0.03,0.04,13.5,0.22,1.53,1580.0,3211.0,0.13,0.03,13.71,0.22,1.53,0.13,13.05,12.86,12.65,84.56,0.19,12.35,-0.2,1.08,-1.66,0.57,-0.06,13.78,10.22,22.0,15.0,17.29,17.0,1.5,strong_buy,,13.47
EVA230915P00007500,2023-09-15,EVA,8.21,0.11,0.15,0.25,7.5,2.04,8.65,2.0,153.0,0.91,0.15,8.21,2.04,8.65,0.91,11.53,12.35,28.23,25.89,-0.86,25.32,-0.23,0.27,-7.68,0.37,-0.04,72.5,7.01,25.0,10.0,15.8,14.0,2.4,buy,,7.35
EVEX230915P00007500,2023-09-15,EVEX,8.15,0.2,0.05,0.25,7.5,0.67,7.98,105.0,130.0,0.76,0.05,8.15,0.67,7.98,0.76,8.95,8.64,7.84,54.55,-0.28,9.09,-0.21,0.32,-6.03,0.35,-0.04,12.38,5.46,14.5,7.0,10.3,10.0,2.2,buy,,7.45
F230915P00010350,2023-09-15,F,11.98,0.01,0.01,0.02,10.35,0.1,13.61,50.0,30792.0,0.5,0.01,11.98,0.1,13.61,0.5,13.32,12.9,12.78,57.51,-0.3,12.8,-0.02,0.06,-1.06,0.09,-0.01,15.54,10.95,23.0,11.0,14.44,14.0,2.7,hold,,10.34
F230915P00010500,2023-09-15,F,11.98,0.02,0.01,0.02,10.5,0.1,12.35,50.0,2945.0,0.49,0.01,11.98,0.1,12.35,0.49,13.32,12.9,12.78,57.51,-0.3,12.8,-0.03,0.08,-1.43,0.13,-0.01,15.54,10.95,23.0,11.0,14.44,14.0,2.7,hold,,10.49
F230915P00011000,2023-09-15,F,11.98,0.03,0.02,0.03,11.0,0.18,8.18,8.0,41620.0,0.38,0.02,11.98,0.18,8.18,0.38,13.32,12.9,12.78,57.51,-0.3,12.8,-0.06,0.18,-1.89,0.22,-0.02,15.54,10.95,23.0,11.0,14.44,14.0,2.7,hold,,10.98
F230915P00011350,2023-09-15,F,11.98,0.06,0.05,0.06,11.35,0.44,5.26,19.0,50268.0,0.34,0.05,11.98,0.44,5.26,0.34,13.32,12.9,12.78,57.51,-0.3,12.8,-0.14,0.36,-3.04,0.39,-0.04,15.54,10.95,23.0,11.0,14.44,14.0,2.7,hold,,11.3
F230915P00011500,2023-09-15,F,11.98,0.07,0.07,0.08,11.5,0.61,4.01,84.0,2545.0,0.32,0.07,11.98,0.61,4.01,0.32,13.32,12.9,12.78,57.51,-0.3,12.8,-0.19,0.47,-3.53,0.48,-0.05,15.54,10.95,23.0,11.0,14.44,14.0,2.7,hold,,11.43
FFWM230915P00007500,2023-09-15,FFWM,8.16,0.33,0.05,0.65,7.5,0.67,8.09,,6.0,1.21,0.05,8.16,0.67,8.09,1.21,6.19,5.58,9.32,75.79,0.46,8.4,-0.29,0.23,-11.35,0.41,-0.06,19.87,3.79,12.0,7.5,9.2,9.0,2.0,buy,,7.45
FHTX230915P00007500,2023-09-15,FHTX,7.75,0.2,0.05,0.6,7.5,0.67,3.23,65.0,40.0,0.87,0.05,7.75,0.67,3.23,0.87,8.18,7.62,7.09,30.65,-0.24,7.36,-0.37,0.38,-8.61,0.43,-0.07,10.6,4.66,20.0,10.0,15.17,15.5,1.9,buy,,7.45
FNGR230915P00004500,2023-09-15,FNGR,5.65,0.15,0.05,0.2,4.5,1.12,20.35,502.0,604.0,1.52,0.05,5.65,1.12,20.35,1.52,4.9,3.37,3.12,63.52,0.17,5.45,-0.13,0.17,-6.1,0.18,-0.02,8.95,0.62,5.0,5.0,5.0,5.0,2.0,buy,,4.45
FNGR230915P00005000,2023-09-15,FNGR,5.65,0.43,0.25,0.4,5.0,5.26,11.5,3.0,323.0,1.7,0.25,5.65,5.26,11.5,1.7,4.9,3.37,3.12,63.52,0.17,5.45,-0.27,0.23,-10.68,0.28,-0.04,8.95,0.62,5.0,5.0,5.0,5.0,2.0,buy,,4.75
FNGR230915P00005500,2023-09-15,FNGR,5.65,0.52,0.5,0.65,5.5,10.0,2.65,1.0,32.0,1.77,0.5,5.65,10.0,2.65,1.77,4.9,3.37,3.12,63.52,0.17,5.45,-0.41,0.26,-13.05,0.32,-0.06,8.95,0.62,5.0,5.0,5.0,5.0,2.0,buy,,5.0
FREY230915P00006000,2023-09-15,FREY,6.45,0.12,0.05,0.15,6.0,0.84,6.98,25.0,157.0,0.65,0.05,6.45,0.84,6.98,0.65,7.86,7.6,8.53,40.73,-0.42,10.15,-0.21,0.47,-4.07,0.28,-0.03,16.08,6.19,16.0,10.0,13.33,13.5,1.9,buy,,5.95
FSR230915P00005000,2023-09-15,FSR,5.96,0.03,0.02,0.04,5.0,0.4,16.11,117.0,1646.0,0.79,0.02,5.96,0.4,16.11,0.79,5.97,5.9,6.41,66.26,0.01,6.62,-0.06,0.17,-1.86,0.1,-0.01,9.23,4.45,19.0,4.0,8.95,7.0,3.2,hold,,4.98
FSR230915P00005500,2023-09-15,FSR,5.96,0.07,0.07,0.1,5.5,1.29,7.72,19.0,597.0,0.66,0.07,5.96,1.29,7.72,0.66,5.97,5.9,6.41,66.26,0.01,6.62,-0.19,0.47,-3.57,0.24,-0.03,9.23,4.45,19.0,4.0,8.95,7.0,3.2,hold,,5.43
FTCH230915P00002500,2023-09-15,FTCH,2.79,0.03,0.01,0.03,2.5,0.4,10.39,20.0,11398.0,0.63,0.01,2.79,0.4,10.39,0.63,4.88,4.82,5.11,16.39,-0.64,5.51,-0.11,0.72,-1.09,0.08,-0.01,11.56,2.61,18.0,3.0,6.7,5.5,2.6,hold,,2.49
FUBO230915P00002000,2023-09-15,FUBO,2.85,0.02,0.01,0.02,2.0,0.5,29.82,29.0,1842.0,1.41,0.01,2.85,0.5,29.82,1.41,2.53,2.08,2.03,73.73,0.04,2.45,-0.04,0.13,-1.06,0.03,-0.0,5.12,1.04,5.0,3.0,3.6,3.0,2.7,hold,,1.99
FUBO230915P00002500,2023-09-15,FUBO,2.85,0.07,0.05,0.07,2.5,2.04,12.28,375.0,2008.0,1.06,0.05,2.85,2.04,12.28,1.06,2.53,2.08,2.03,73.73,0.04,2.45,-0.18,0.59,-2.68,0.11,-0.01,5.12,1.04,5.0,3.0,3.6,3.0,2.7,hold,,2.45
GEO230915P00007000,2023-09-15,GEO,7.43,0.05,0.05,0.1,7.0,0.72,5.79,2.0,4669.0,0.55,0.05,7.43,0.72,5.79,0.55,7.24,7.49,8.75,62.17,0.01,8.86,-0.22,0.49,-4.02,0.32,-0.04,12.28,6.95,15.0,12.5,13.75,13.75,1.5,strong_buy,,6.95
GLDD230915P00005000,2023-09-15,GLDD,8.33,0.31,0.4,0.7,5.0,8.7,39.98,,1.0,4.09,0.4,8.33,8.7,39.98,4.09,8.43,7.48,6.81,38.2,0.06,6.83,-0.13,0.04,-23.75,0.25,-0.03,9.83,4.8,14.0,11.0,12.33,12.0,1.7,buy,,4.6
GOEV230915P00000500,2023-09-15,GOEV,0.56,0.03,0.03,0.04,0.5,6.38,10.71,408.0,18198.0,1.75,0.03,0.56,6.38,10.71,1.75,0.56,0.6,0.79,65.04,0.01,0.8,-0.29,2.34,-1.12,0.03,-0.0,2.8,0.43,10.0,0.5,3.11,1.55,2.0,buy,,0.47
GOGL230915P00007500,2023-09-15,GOGL,7.51,0.2,0.15,0.25,7.5,2.04,0.13,42.0,1297.0,0.52,0.15,7.51,2.04,0.13,0.52,7.47,7.87,8.53,49.33,-0.06,8.64,-0.48,0.69,-5.17,0.44,-0.08,10.47,6.9,15.0,8.0,11.69,11.7,1.8,buy,,7.35
GPRO230915P00003500,2023-09-15,GPRO,3.54,0.1,0.05,0.1,3.5,1.45,1.13,2.0,34.0,0.52,0.05,3.54,1.45,1.13,0.52,3.96,4.09,4.69,51.06,-0.11,4.89,-0.42,1.45,-2.4,0.21,-0.03,6.46,3.52,6.0,4.3,5.15,5.15,2.5,buy,,3.45
GPS230915P00009500,2023-09-15,GPS,11.23,0.01,0.01,0.03,9.5,0.11,15.41,13.0,2032.0,0.6,0.01,11.23,0.11,15.41,0.6,9.95,9.38,10.87,63.28,0.38,10.6,-0.03,0.06,-1.42,0.1,-0.01,15.26,7.42,18.0,6.0,10.83,10.9,3.0,hold,,9.49
GPS230915P00010000,2023-09-15,GPS,11.23,0.02,0.02,0.03,10.0,0.2,10.95,16.0,2351.0,0.49,0.02,11.23,0.2,10.95,0.49,9.95,9.38,10.87,63.28,0.38,10.6,-0.05,0.13,-1.96,0.18,-0.01,15.26,7.42,18.0,6.0,10.83,10.9,3.0,hold,,9.98
GPS230915P00010500,2023-09-15,GPS,11.23,0.06,0.04,0.06,10.5,0.38,6.5,14.0,487.0,0.41,0.04,11.23,0.38,6.5,0.41,9.95,9.38,10.87,63.28,0.38,10.6,-0.12,0.3,-3.15,0.34,-0.03,15.26,7.42,18.0,6.0,10.83,10.9,3.0,hold,,10.46
GPS230915P00011000,2023-09-15,GPS,11.23,0.16,0.14,0.16,11.0,1.29,2.05,1.0,791.0,0.35,0.14,11.23,1.29,2.05,0.35,9.95,9.38,10.87,63.28,0.38,10.6,-0.33,0.62,-4.82,0.61,-0.09,15.26,7.42,18.0,6.0,10.83,10.9,3.0,hold,,10.86
GREE230915P00002500,2023-09-15,GREE,4.53,2.35,1.9,2.85,2.5,316.67,44.81,10.0,165.0,25.13,1.9,4.53,316.67,44.81,25.13,5.56,4.62,5.06,39.38,-0.31,4.59,-0.02,0.0,-19.92,0.03,-0.05,24.3,1.59,20.0,20.0,20.0,20.0,2.0,buy,,0.6
GROV230915P00002500,2023-09-15,GROV,3.08,0.2,0.05,0.45,2.5,2.04,18.83,11.0,94.0,2.67,0.05,3.08,2.04,18.83,2.67,2.37,2.3,2.33,51.65,0.26,3.32,-0.23,0.25,-8.51,0.14,-0.02,34.75,1.02,15.0,3.0,9.0,9.0,1.5,strong_buy,,2.45
GRWG230915P00003000,2023-09-15,GRWG,3.21,0.05,0.05,0.1,3.0,1.69,6.54,40.0,278.0,0.77,0.05,3.21,1.69,6.54,0.77,3.3,3.45,4.03,72.28,-0.05,4.48,-0.26,0.88,-2.7,0.15,-0.02,8.08,2.61,8.0,3.5,4.96,4.75,2.1,buy,,2.95
GSAT230915P00001500,2023-09-15,GSAT,1.54,0.08,0.04,0.08,1.5,2.74,2.6,10.0,3084.0,0.78,0.04,1.54,2.74,2.6,0.78,1.14,1.1,1.22,90.91,0.1,1.52,-0.39,2.15,-1.55,0.09,-0.01,2.28,0.87,7.72,0.99,4.36,4.38,2.2,buy,,1.46
GSM230915P00003000,2023-09-15,GSM,5.56,0.15,0.05,0.3,3.0,1.69,46.04,,5.0,3.54,0.05,5.56,1.69,46.04,3.54,5.14,4.86,4.67,46.43,0.1,4.95,-0.07,0.05,-9.4,0.12,-0.01,7.1,3.66,12.0,11.0,11.5,11.5,2.0,buy,,2.95
HE230915P00007500,2023-09-15,HE,12.04,0.1,0.05,0.1,7.5,0.67,37.71,35.0,7907.0,1.84,0.05,12.04,0.67,37.71,1.84,29.19,33.38,36.93,43.25,-5.2,18.87,-0.03,0.02,-5.19,0.12,-0.01,43.45,9.66,11.0,8.0,9.17,8.5,3.3,hold,,7.45
HE230915P00008000,2023-09-15,HE,12.04,0.07,0.05,0.1,8.0,0.63,33.55,16.0,244.0,1.63,0.05,12.04,0.63,33.55,1.63,29.19,33.38,36.93,43.25,-5.2,18.87,-0.03,0.03,-5.12,0.14,-0.01,43.45,9.66,11.0,8.0,9.17,8.5,3.3,hold,,7.95
HE230915P00008500,2023-09-15,HE,12.04,0.1,0.05,0.2,8.5,0.59,29.4,10.0,160.0,1.63,0.05,12.04,0.59,29.4,1.63,29.19,33.38,36.93,43.25,-5.2,18.87,-0.06,0.04,-7.7,0.21,-0.02,43.45,9.66,11.0,8.0,9.17,8.5,3.3,hold,,8.45
HE230915P00009000,2023-09-15,HE,12.04,0.14,0.1,0.2,9.0,1.12,25.25,43.0,459.0,1.49,0.1,12.04,1.12,25.25,1.49,29.19,33.38,36.93,43.25,-5.2,18.87,-0.08,0.05,-8.71,0.26,-0.02,43.45,9.66,11.0,8.0,9.17,8.5,3.3,hold,,8.9
HE230915P00009500,2023-09-15,HE,12.04,0.2,0.15,0.25,9.5,1.6,21.1,10.0,168.0,1.41,0.15,12.04,1.6,21.1,1.41,29.19,33.38,36.93,43.25,-5.2,18.87,-0.11,0.07,-10.52,0.33,-0.03,43.45,9.66,11.0,8.0,9.17,8.5,3.3,hold,,9.35
HE230915P00010000,2023-09-15,HE,12.04,0.25,0.2,0.3,10.0,2.04,16.94,4.0,10436.0,1.29,0.2,12.04,2.04,16.94,1.29,29.19,33.38,36.93,43.25,-5.2,18.87,-0.14,0.1,-11.86,0.4,-0.04,43.45,9.66,11.0,8.0,9.17,8.5,3.3,hold,,9.8
HE230915P00010500,2023-09-15,HE,12.04,0.36,0.3,0.4,10.5,2.94,12.79,30.0,736.0,1.24,0.3,12.04,2.94,12.79,1.24,29.19,33.38,36.93,43.25,-5.2,18.87,-0.2,0.13,-14.2,0.5,-0.06,43.45,9.66,11.0,8.0,9.17,8.5,3.3,hold,,10.2
HE230915P00011000,2023-09-15,HE,12.04,0.48,0.4,0.55,11.0,3.77,8.64,25.0,2905.0,1.19,0.4,12.04,3.77,8.64,1.19,29.19,33.38,36.93,43.25,-5.2,18.87,-0.27,0.16,-16.02,0.59,-0.08,43.45,9.66,11.0,8.0,9.17,8.5,3.3,hold,,10.6
HE230915P00011500,2023-09-15,HE,12.04,0.5,0.55,0.65,11.5,5.02,4.49,23.0,713.0,1.09,0.55,12.04,5.02,4.49,1.09,29.19,33.38,36.93,43.25,-5.2,18.87,-0.36,0.19,-16.42,0.66,-0.11,43.45,9.66,11.0,8.0,9.17,8.5,3.3,hold,,10.95
HE230915P00012000,2023-09-15,HE,12.04,0.85,0.75,0.9,12.0,6.67,0.33,81.0,2678.0,1.07,0.75,12.04,6.67,0.33,1.07,29.19,33.38,36.93,43.25,-5.2,18.87,-0.46,0.21,-17.15,0.71,-0.14,43.45,9.66,11.0,8.0,9.17,8.5,3.3,hold,,11.25
HEPA230915P00002500,2023-09-15,HEPA,7.19,2.0,1.5,2.1,2.5,150.0,65.23,1.0,0.0,16.47,1.5,7.19,150.0,65.23,16.47,8.39,10.2,11.34,59.17,-0.25,15.4,-0.05,0.01,-40.71,0.11,-0.04,21.2,5.44,74.0,19.0,41.0,30.0,2.0,buy,,1.0
HL230915P00004000,2023-09-15,HL,4.22,0.06,0.04,0.05,4.0,1.01,5.21,11.0,2789.0,0.48,0.04,4.22,1.01,5.21,0.48,5.08,5.36,5.52,43.09,-0.24,5.28,-0.22,0.97,-2.01,0.18,-0.02,6.93,3.45,9.25,4.5,6.47,6.5,2.3,buy,,3.96
HOOD230915P00010000,2023-09-15,HOOD,10.79,0.04,0.02,0.04,10.0,0.2,7.32,53.0,6722.0,0.39,0.02,10.79,0.2,7.32,0.39,11.3,10.23,9.81,64.44,-0.11,10.12,-0.09,0.26,-2.34,0.26,-0.02,13.12,7.7,25.0,9.0,12.8,11.4,3.0,hold,,9.98
HOOD230915P00010500,2023-09-15,HOOD,10.79,0.13,0.11,0.13,10.5,1.06,2.69,2.0,666.0,0.36,0.11,10.79,1.06,2.69,0.36,11.3,10.23,9.81,64.44,-0.11,10.12,-0.29,0.6,-4.41,0.55,-0.07,13.12,7.7,25.0,9.0,12.8,11.4,3.0,hold,,10.39
IHS230915P00007500,2023-09-15,IHS,7.52,0.83,0.05,4.8,7.5,0.67,0.27,1.0,12.0,5.05,0.05,7.52,0.67,0.27,5.05,8.32,8.52,7.93,64.04,-0.19,7.54,-0.35,0.07,-47.63,0.41,-0.11,9.94,5.09,26.0,11.0,14.36,12.0,1.9,buy,,7.45
INMB230915P00007500,2023-09-15,INMB,8.19,0.2,0.1,0.45,7.5,1.35,8.42,10.0,308.0,1.07,0.1,8.19,1.35,8.42,1.07,8.6,8.35,8.02,62.01,-0.12,8.01,-0.26,0.25,-9.58,0.39,-0.05,10.9,6.01,22.0,14.0,17.33,16.0,1.3,strong_buy,,7.4
ITUB230915P00004000,2023-09-15,ITUB,5.44,0.31,0.05,0.2,4.0,1.27,26.47,2.0,1001.0,1.89,0.05,5.44,1.27,26.47,1.89,5.73,5.56,5.18,51.22,-0.05,5.16,-0.11,0.12,-6.42,0.15,-0.01,6.06,4.33,7.2,5.7,6.65,6.85,2.4,buy,,3.95
IVR230915P00010500,2023-09-15,IVR,10.79,0.05,0.03,0.08,10.5,0.29,2.69,21.0,25.0,0.27,0.03,10.79,0.29,2.69,0.27,11.31,10.96,11.85,55.34,-0.07,11.81,-0.24,0.72,-3.09,0.5,-0.06,15.98,9.74,11.0,10.5,10.75,10.75,3.5,hold,,10.47
JBLU230915P00002000,2023-09-15,JBLU,5.74,0.04,0.01,0.11,2.0,0.5,65.16,1.0,126.0,4.16,0.01,5.74,0.5,65.16,4.16,7.37,7.28,7.46,17.44,-0.38,7.43,-0.02,0.01,-4.16,0.04,-0.0,9.33,5.74,9.0,4.5,6.94,7.0,3.2,hold,,1.99
JBLU230915P00005500,2023-09-15,JBLU,5.74,0.05,0.06,0.08,5.5,1.1,4.18,5.0,195.0,0.47,0.06,5.74,1.1,4.18,0.47,7.37,7.28,7.46,17.44,-0.38,7.43,-0.26,0.81,-2.91,0.27,-0.03,9.33,5.74,9.0,4.5,6.94,7.0,3.2,hold,,5.44
JMIA230915P00002500,2023-09-15,JMIA,2.97,0.03,0.01,0.03,2.5,0.4,15.82,38.0,7050.0,0.84,0.01,2.97,0.4,15.82,0.84,3.73,3.39,3.51,45.12,-0.23,4.07,-0.07,0.38,-1.19,0.06,-0.01,8.06,2.55,5.0,3.0,4.0,4.0,3.3,hold,,2.49
JOBY230915P00007000,2023-09-15,JOBY,7.29,0.13,0.1,0.15,7.0,1.45,3.98,50.0,3743.0,0.52,0.1,7.29,1.45,3.98,0.52,8.37,6.85,5.43,50.51,-0.21,6.64,-0.28,0.61,-4.28,0.37,-0.05,10.69,3.18,11.0,6.0,8.8,10.0,2.7,hold,,6.9
KEY230915P00011000,2023-09-15,KEY,11.36,0.12,0.1,0.15,11.0,0.92,3.17,39.0,3295.0,0.4,0.1,11.36,0.92,3.17,0.4,10.96,10.61,13.68,68.12,0.05,13.33,-0.28,0.5,-5.16,0.57,-0.07,20.05,8.93,18.0,10.0,13.11,13.0,2.5,buy,,10.9
KGC230915P00004500,2023-09-15,KGC,4.9,0.02,0.01,0.03,4.5,0.22,8.16,2.0,1953.0,0.5,0.01,4.9,0.22,8.16,0.5,4.89,4.95,4.61,58.72,0.02,4.32,-0.12,0.54,-1.62,0.14,-0.01,5.55,3.25,7.21,3.5,5.97,6.5,2.4,buy,,4.49
LAZR230915P00005500,2023-09-15,LAZR,5.54,0.13,0.12,0.18,5.5,2.23,0.72,43.0,1169.0,0.55,0.12,5.54,2.23,0.72,0.55,6.6,6.47,6.67,40.88,-0.26,7.08,-0.45,0.87,-4.08,0.32,-0.06,9.89,3.95,18.0,4.5,11.14,10.0,2.2,buy,,5.38
LC230915P00007000,2023-09-15,LC,7.01,0.2,0.15,0.2,7.0,2.19,0.14,69.0,7813.0,0.45,0.15,7.01,2.19,0.14,0.45,8.39,8.23,8.58,54.65,-0.36,9.05,-0.48,0.86,-4.16,0.41,-0.08,14.04,6.28,15.0,9.0,11.83,12.0,2.0,buy,,6.85
LCID230915P00005000,2023-09-15,LCID,6.11,0.02,0.01,0.02,5.0,0.2,18.17,107.0,12369.0,0.75,0.01,6.11,0.2,18.17,0.75,6.78,6.91,7.81,42.44,-0.16,8.68,-0.03,0.1,-1.09,0.06,-0.0,16.63,5.47,10.0,5.0,7.64,8.0,2.8,hold,,4.99
LCID230915P00005500,2023-09-15,LCID,6.11,0.03,0.03,0.04,5.5,0.55,9.98,3.0,2647.0,0.56,0.03,6.11,0.55,9.98,0.56,6.78,6.91,7.81,42.44,-0.16,8.68,-0.1,0.33,-1.96,0.15,-0.01,16.63,5.47,10.0,5.0,7.64,8.0,2.8,hold,,5.47
LCID230915P00006000,2023-09-15,LCID,6.11,0.12,0.1,0.13,6.0,1.69,1.8,77.0,8396.0,0.45,0.1,6.11,1.69,1.8,0.45,6.78,6.91,7.81,42.44,-0.16,8.68,-0.38,0.94,-3.47,0.34,-0.05,16.63,5.47,10.0,5.0,7.64,8.0,2.8,hold,,5.9
LE230915P00007500,2023-09-15,LE,7.6,0.21,0.1,0.25,7.5,1.35,1.32,13.0,57.0,0.59,0.1,7.6,1.35,1.32,0.59,8.92,8.42,8.46,30.34,-0.31,8.48,-0.42,0.59,-5.93,0.44,-0.08,11.56,6.27,11.0,9.0,10.0,10.0,3.0,hold,,7.4
LESL230915P00006000,2023-09-15,LESL,6.07,0.1,0.15,0.2,6.0,2.56,1.15,1.0,168.0,0.52,0.15,6.07,2.56,1.15,0.52,7.18,8.74,10.82,28.73,-0.26,11.0,-0.42,0.85,-4.11,0.35,-0.06,16.72,5.39,12.0,6.0,7.85,7.25,2.6,hold,,5.85
LFCR230915P00007500,2023-09-15,LFCR,7.77,0.3,0.3,0.45,7.5,4.17,3.47,5.0,1491.0,0.99,0.3,7.77,4.17,3.47,0.99,9.59,7.91,6.99,26.7,-0.5,5.68,-0.38,0.33,-9.81,0.44,-0.07,10.84,1.67,10.0,9.0,9.5,9.5,2.0,buy,,7.2
LFST230915P00007500,2023-09-15,LFST,7.55,0.23,0.1,0.25,7.5,1.35,0.66,16.0,9.0,0.55,0.1,7.55,1.35,0.66,0.55,8.58,8.45,7.01,47.74,-0.22,7.46,-0.45,0.64,-5.52,0.44,-0.08,9.57,4.32,10.0,9.0,9.58,9.75,2.3,buy,,7.4
LPSN230915P00004000,2023-09-15,LPSN,4.15,0.2,0.1,0.2,4.0,2.56,3.61,9.0,1218.0,0.8,0.1,4.15,2.56,3.61,0.8,4.47,4.36,7.34,48.28,-0.1,6.58,-0.36,0.75,-4.19,0.23,-0.04,17.52,3.28,7.0,4.0,5.38,5.0,2.9,hold,,3.9
LUMN230915P00001500,2023-09-15,LUMN,1.52,0.09,0.07,0.1,1.5,4.9,1.32,1.0,2831.0,0.97,0.07,1.52,4.9,1.32,0.97,1.81,1.99,3.17,32.11,-0.08,3.92,-0.43,1.81,-1.95,0.09,-0.02,10.07,1.5,4.0,1.5,2.57,2.38,3.5,hold,,1.43
LVWR230915P00010000,2023-09-15,LVWR,10.66,0.35,0.05,1.15,10.0,0.5,6.19,2.0,142.0,1.31,0.05,10.66,0.5,6.19,1.31,11.32,9.83,8.02,56.95,-0.04,9.4,-0.33,0.18,-17.11,0.57,-0.09,12.29,4.2,10.5,10.5,10.5,10.5,3.0,hold,,9.95
LX230915P00002500,2023-09-15,LX,2.52,0.2,0.05,0.2,2.5,2.04,0.79,5.0,26.0,0.81,0.05,2.52,2.04,0.79,0.81,2.46,2.43,2.49,61.9,-0.0,2.34,-0.45,1.31,-2.72,0.15,-0.03,3.82,1.3,4.36,2.83,3.46,3.3,1.7,buy,,2.45
LXU230915P00010000,2023-09-15,LXU,10.33,0.11,0.05,0.2,10.0,0.5,3.19,10.0,450.0,0.5,0.05,10.33,0.5,3.19,0.5,10.36,9.93,11.26,60.8,-0.05,12.4,-0.32,0.46,-6.23,0.54,-0.08,17.66,8.36,14.0,11.0,12.79,13.0,2.3,buy,,9.95
MBI230915P00008000,2023-09-15,MBI,8.05,0.25,0.1,0.2,8.0,1.27,0.62,70.0,75.0,0.42,0.1,8.05,1.27,0.62,0.42,8.5,8.68,10.29,42.52,-0.16,10.21,-0.45,0.79,-4.5,0.47,-0.08,13.79,7.58,13.0,10.0,11.67,12.0,2.2,buy,,7.9
MGNI230915P00007500,2023-09-15,MGNI,8.6,0.05,0.05,0.1,7.5,0.67,12.79,150.0,3598.0,0.77,0.05,8.6,0.67,12.79,0.77,12.03,11.65,11.13,55.7,-1.09,10.35,-0.1,0.18,-4.07,0.23,-0.02,15.48,5.78,18.0,12.0,14.78,15.0,2.0,buy,,7.45
MGNX230915P00005000,2023-09-15,MGNX,5.21,0.35,0.05,0.25,5.0,1.01,4.03,1.0,15.0,0.71,0.05,5.21,1.01,4.03,0.71,5.06,5.59,5.88,49.3,-0.04,5.59,-0.33,0.66,-4.5,0.28,-0.04,7.54,3.01,17.0,7.0,12.38,12.0,2.0,buy,,4.95
MLCO230915P00010000,2023-09-15,MLCO,10.7,0.1,0.05,0.15,10.0,0.5,6.54,6.0,98.0,0.5,0.05,10.7,0.5,6.54,0.5,12.21,12.27,12.12,46.55,-0.39,10.33,-0.17,0.32,-4.55,0.4,-0.04,14.39,4.87,20.0,9.7,16.71,17.5,1.8,buy,,9.95
MLCO230915P00010500,2023-09-15,MLCO,10.7,0.15,0.2,0.25,10.5,1.94,1.87,1.0,4.0,0.49,0.2,10.7,1.94,1.87,0.49,12.21,12.27,12.12,46.55,-0.39,10.33,-0.38,0.49,-6.69,0.6,-0.09,14.39,4.87,20.0,9.7,16.71,17.5,1.8,buy,,10.3
MNKD230915P00004500,2023-09-15,MNKD,4.54,0.1,0.05,0.15,4.5,1.12,0.88,2.0,32.0,0.56,0.05,4.54,1.12,0.88,0.56,4.55,4.38,4.56,30.71,-0.02,4.32,-0.44,1.04,-3.38,0.27,-0.05,5.63,2.99,7.5,5.0,6.7,7.0,1.8,buy,,4.45
MNMD230915P00002500,2023-09-15,MNMD,4.01,0.29,0.1,0.16,2.5,4.17,37.66,1.0,34.0,2.92,0.1,4.01,4.17,37.66,2.92,4.14,3.83,3.46,45.31,-0.06,3.72,-0.1,0.1,-6.7,0.1,-0.01,9.23,2.14,75.0,7.0,23.14,18.0,1.7,buy,,2.4
MNMD230915P00003500,2023-09-15,MNMD,4.01,0.07,0.02,0.1,3.5,0.57,12.72,2.0,166.0,0.94,0.02,4.01,0.57,12.72,0.94,4.14,3.83,3.46,45.31,-0.06,3.72,-0.15,0.41,-2.91,0.14,-0.01,9.23,2.14,75.0,7.0,23.14,18.0,1.7,buy,,3.48
MNMD230915P00004000,2023-09-15,MNMD,4.01,0.27,0.15,0.27,4.0,3.9,0.25,11.0,362.0,0.81,0.15,4.01,3.9,0.25,0.81,4.14,3.83,3.46,45.31,-0.06,3.72,-0.47,0.82,-4.35,0.24,-0.05,9.23,2.14,75.0,7.0,23.14,18.0,1.7,buy,,3.85
MOMO230915P00008000,2023-09-15,MOMO,8.16,0.15,0.1,0.2,8.0,1.27,1.96,1.0,305.0,0.51,0.1,8.16,1.27,1.96,0.51,9.9,9.33,9.02,27.2,-0.43,8.02,-0.38,0.62,-5.34,0.46,-0.07,11.31,4.32,22.0,7.7,11.34,9.5,2.5,buy,,7.9
MPAA230915P00007500,2023-09-15,MPAA,8.1,0.15,0.05,0.2,7.5,0.67,7.41,20.0,256.0,0.67,0.05,8.1,0.67,7.41,0.67,8.44,6.98,9.16,55.47,-0.12,8.33,-0.2,0.35,-5.2,0.34,-0.04,19.84,4.4,12.0,12.0,12.0,12.0,2.0,buy,,7.45
MPW230915P00006000,2023-09-15,MPW,7.05,0.04,0.04,0.05,6.0,0.67,14.89,7.0,26371.0,0.8,0.04,7.05,0.67,14.89,0.8,8.83,8.62,9.87,42.13,-0.51,10.21,-0.08,0.17,-2.73,0.15,-0.01,15.03,6.77,15.0,7.0,9.8,10.0,2.7,hold,,5.96
MPW230915P00006500,2023-09-15,MPW,7.05,0.07,0.09,0.12,6.5,1.4,7.8,5.0,23434.0,0.68,0.09,7.05,1.4,7.8,0.68,8.83,8.62,9.87,42.13,-0.51,10.21,-0.19,0.39,-4.45,0.29,-0.03,15.03,6.77,15.0,7.0,9.8,10.0,2.7,hold,,6.41
MPW230915P00007000,2023-09-15,MPW,7.05,0.25,0.26,0.28,7.0,3.86,0.71,86.0,64072.0,0.63,0.26,7.05,3.86,0.71,0.63,8.83,8.62,9.87,42.13,-0.51,10.21,-0.45,0.6,-5.93,0.41,-0.07,15.03,6.77,15.0,7.0,9.8,10.0,2.7,hold,,6.74
MRCC230915P00007500,2023-09-15,MRCC,7.73,0.4,0.05,0.2,7.5,0.67,2.98,4.0,411.0,0.6,0.05,7.73,0.67,2.98,0.6,8.08,7.87,8.07,65.07,-0.14,8.01,-0.35,0.54,-5.74,0.42,-0.06,9.28,6.86,10.5,8.0,9.17,9.0,2.6,hold,,7.45
MRNS230915P00007000,2023-09-15,MRNS,7.3,0.23,0.1,0.55,7.0,1.45,4.11,1.0,3.0,0.98,0.1,7.3,1.45,4.11,0.98,8.95,8.81,7.26,63.26,-0.45,7.64,-0.36,0.35,-8.96,0.4,-0.06,10.97,3.5,32.0,9.0,20.6,20.0,1.7,buy,,6.9
MRVI230915P00010000,2023-09-15,MRVI,10.32,0.4,0.35,0.6,10.0,3.63,3.1,5.0,4325.0,0.93,0.35,10.32,3.63,3.1,0.93,11.4,12.47,13.35,48.58,-0.33,14.43,-0.38,0.27,-12.32,0.58,-0.1,25.82,10.05,17.0,8.0,12.88,12.0,2.1,buy,,9.65
MTTR230915P00002500,2023-09-15,MTTR,2.59,0.06,0.05,0.1,2.5,2.04,3.47,21.0,805.0,0.69,0.05,2.59,2.04,3.47,0.69,3.0,2.88,2.93,57.53,-0.11,3.13,-0.34,1.4,-2.2,0.14,-0.02,4.74,2.24,8.0,3.5,4.8,4.0,2.7,hold,,2.45
MVIS230915P00002000,2023-09-15,MVIS,2.48,0.03,0.01,0.04,2.0,0.5,19.35,508.0,583.0,1.13,0.01,2.48,0.5,19.35,1.13,3.41,3.51,3.05,36.59,-0.27,3.92,-0.08,0.37,-1.46,0.06,-0.0,7.65,1.82,4.0,4.0,4.0,4.0,3.0,hold,,1.99
MVST230915P00002000,2023-09-15,MVST,2.23,0.06,0.05,0.1,2.0,2.56,10.31,3.0,1124.0,1.19,0.05,2.23,2.56,10.31,1.19,2.16,1.8,1.69,63.47,-0.02,1.94,-0.24,0.79,-2.77,0.1,-0.01,2.87,0.95,8.0,8.0,8.0,8.0,1.3,strong_buy,,1.95
NAT230915P00003500,2023-09-15,NAT,3.87,0.05,0.05,0.1,3.5,1.45,9.56,5000.0,1178.0,0.86,0.05,3.87,1.45,9.56,0.86,3.99,3.81,3.67,35.52,-0.05,3.5,-0.2,0.56,-3.1,0.16,-0.02,4.54,2.59,11.0,4.0,5.85,4.8,2.0,buy,,3.45
NEXT230915P00006000,2023-09-15,NEXT,6.04,0.2,0.1,0.2,6.0,1.69,0.66,500.0,3660.0,0.55,0.1,6.04,1.69,0.66,0.55,6.42,6.3,5.89,58.39,-0.0,6.36,-0.45,0.8,-4.45,0.35,-0.06,8.55,3.94,10.0,6.0,8.4,9.0,1.8,buy,,5.9
NKLA230915P00001000,2023-09-15,NKLA,1.12,0.07,0.07,0.08,1.0,7.53,10.71,251.0,47756.0,1.81,0.07,1.12,7.53,10.71,1.81,1.85,1.35,1.76,18.36,-0.24,1.91,-0.29,1.14,-2.34,0.06,-0.01,5.42,0.54,5.0,1.0,2.42,2.25,2.9,hold,,0.93
NNOX230915P00007500,2023-09-15,NNOX,7.97,0.15,0.1,0.25,7.5,1.35,5.9,7.0,122.0,0.71,0.1,7.97,1.35,5.9,0.71,11.85,13.44,10.75,36.66,-1.11,13.06,-0.26,0.39,-6.23,0.39,-0.05,21.51,5.43,34.0,30.0,32.0,32.0,1.5,strong_buy,,7.4
NOK230915P00004000,2023-09-15,NOK,4.04,0.03,0.03,0.04,4.0,0.76,0.99,60.0,2242.0,0.21,0.03,4.04,0.76,0.99,0.21,3.97,4.05,4.4,83.13,0.02,4.45,-0.37,2.98,-1.07,0.23,-0.03,5.13,3.76,7.24,4.39,5.99,6.0,2.3,buy,,3.97
NU230915P00006000,2023-09-15,NU,6.94,0.03,0.02,0.05,6.0,0.33,13.54,10.0,25274.0,0.69,0.02,6.94,0.33,13.54,0.69,7.62,6.94,5.65,34.04,-0.21,5.48,-0.07,0.19,-2.14,0.14,-0.01,8.18,3.48,11.0,4.0,8.68,9.15,2.4,buy,,5.98
NU230915P00006500,2023-09-15,NU,6.94,0.08,0.06,0.07,6.5,0.93,6.34,1.0,966.0,0.51,0.06,6.94,0.93,6.34,0.51,7.62,6.94,5.65,34.04,-0.21,5.48,-0.18,0.5,-3.12,0.27,-0.03,8.18,3.48,11.0,4.0,8.68,9.15,2.4,buy,,6.44
NVAX230915P00006000,2023-09-15,NVAX,9.45,0.06,0.01,0.2,6.0,0.17,36.51,20.0,163.0,2.05,0.01,9.45,0.17,36.51,2.05,8.07,7.95,9.36,69.93,0.24,11.42,-0.05,0.04,-6.66,0.14,-0.01,33.0,5.76,38.0,5.0,20.6,15.0,2.7,hold,,5.99
NVAX230915P00006500,2023-09-15,NVAX,9.45,0.03,0.02,0.05,6.5,0.31,31.22,315.0,1259.0,1.36,0.02,9.45,0.31,31.22,1.36,8.07,7.95,9.36,69.93,0.24,11.42,-0.02,0.03,-2.53,0.08,-0.01,33.0,5.76,38.0,5.0,20.6,15.0,2.7,hold,,6.48
NVAX230915P00007000,2023-09-15,NVAX,9.45,0.06,0.06,0.07,7.0,0.86,25.93,16.0,3310.0,1.3,0.06,9.45,0.86,25.93,1.3,8.07,7.95,9.36,69.93,0.24,11.42,-0.05,0.06,-4.16,0.14,-0.01,33.0,5.76,38.0,5.0,20.6,15.0,2.7,hold,,6.94
NVAX230915P00007500,2023-09-15,NVAX,9.45,0.11,0.09,0.14,7.5,1.21,20.63,36.0,6886.0,1.25,0.09,9.45,1.21,20.63,1.25,8.07,7.95,9.36,69.93,0.24,11.42,-0.09,0.09,-6.45,0.23,-0.02,33.0,5.76,38.0,5.0,20.6,15.0,2.7,hold,,7.41
NVAX230915P00008000,2023-09-15,NVAX,9.45,0.21,0.13,0.23,8.0,1.65,15.34,67.0,343.0,1.17,0.13,9.45,1.65,15.34,1.17,8.07,7.95,9.36,69.93,0.24,11.42,-0.15,0.14,-8.54,0.32,-0.03,33.0,5.76,38.0,5.0,20.6,15.0,2.7,hold,,7.87
NVAX230915P00008500,2023-09-15,NVAX,9.45,0.4,0.22,0.39,8.5,2.66,10.05,4.0,214.0,1.14,0.22,9.45,2.66,10.05,1.14,8.07,7.95,9.36,69.93,0.24,11.42,-0.24,0.19,-11.29,0.43,-0.05,33.0,5.76,38.0,5.0,20.6,15.0,2.7,hold,,8.28
NVAX230915P00009000,2023-09-15,NVAX,9.45,0.51,0.52,0.6,9.0,6.13,4.76,49.0,1551.0,1.26,0.52,9.45,6.13,4.76,1.26,8.07,7.95,9.36,69.93,0.24,11.42,-0.36,0.21,-14.99,0.52,-0.09,33.0,5.76,38.0,5.0,20.6,15.0,2.7,hold,,8.48
NVTS230915P00007500,2023-09-15,NVTS,8.69,0.05,0.05,0.1,7.5,0.67,13.69,3.0,1046.0,0.81,0.05,8.69,0.67,13.69,0.81,9.42,8.56,6.91,56.92,-0.2,7.03,-0.1,0.17,-4.15,0.22,-0.02,10.83,3.22,14.0,9.2,11.47,12.0,2.0,buy,,7.45
NWL230915P00010000,2023-09-15,NWL,10.01,0.21,0.2,0.3,10.0,2.04,0.1,58.0,4257.0,0.46,0.2,10.01,2.04,0.1,0.46,10.09,9.87,11.76,43.36,0.03,11.89,-0.48,0.59,-6.11,0.59,-0.11,18.18,7.85,20.0,9.0,12.75,12.5,2.5,buy,,9.8
OMER230915P00003000,2023-09-15,OMER,3.36,0.13,0.05,0.25,3.0,1.69,10.71,1.0,168.0,1.41,0.05,3.36,1.69,10.71,1.41,4.44,5.21,4.26,45.05,-0.28,4.36,-0.26,0.46,-5.18,0.16,-0.02,7.57,1.75,13.0,4.0,7.0,4.0,2.6,hold,,2.95
OPEN230915P00003000,2023-09-15,OPEN,3.81,0.02,0.01,0.04,3.0,0.33,21.26,1.0,2183.0,1.08,0.01,3.81,0.33,21.26,1.08,3.96,3.08,2.36,65.92,-0.01,2.43,-0.06,0.19,-1.59,0.06,-0.01,5.27,0.97,7.0,1.0,3.37,3.9,3.0,hold,,2.99
OPEN230915P00003500,2023-09-15,OPEN,3.81,0.1,0.09,0.1,3.5,2.64,8.14,6.0,3919.0,0.89,0.09,3.81,2.64,8.14,0.89,3.96,3.08,2.36,65.92,-0.01,2.43,-0.24,0.62,-3.54,0.17,-0.02,5.27,0.97,7.0,1.0,3.37,3.9,3.0,hold,,3.41
OUST230915P00005000,2023-09-15,OUST,5.26,0.15,0.1,0.15,5.0,2.04,4.94,49.0,548.0,0.69,0.1,5.26,2.04,4.94,0.69,5.74,5.43,8.25,30.29,-0.11,6.74,-0.29,0.64,-4.17,0.27,-0.04,18.3,3.24,17.5,5.0,9.86,10.0,2.3,buy,,4.9
PAA230915P00015000,2023-09-15,PAA,15.04,0.05,0.05,0.15,15.0,0.33,0.27,1.0,115.0,0.17,0.05,15.04,0.33,0.27,0.17,14.82,14.0,13.17,46.75,0.13,12.65,-0.45,1.05,-3.35,0.88,-0.15,15.45,10.18,21.0,14.0,16.91,17.0,2.1,buy,,14.95
PACB230915P00011000,2023-09-15,PACB,11.11,0.31,0.25,0.35,11.0,2.33,0.99,30.0,607.0,0.55,0.25,11.11,2.33,0.99,0.55,12.16,12.2,11.06,56.53,-0.32,9.91,-0.43,0.43,-8.08,0.65,-0.11,14.05,5.09,20.0,13.0,15.58,15.5,2.2,buy,,10.75
PACW230915P00007000,2023-09-15,PACW,7.96,0.05,0.05,0.1,7.0,0.72,12.06,22.0,2340.0,0.76,0.05,7.96,0.72,12.06,0.76,8.48,8.11,14.98,53.51,-0.16,9.26,-0.11,0.22,-3.93,0.23,-0.02,29.58,3.17,14.0,8.75,11.56,11.63,2.6,hold,,6.95
PACW230915P00007500,2023-09-15,PACW,7.96,0.08,0.05,0.15,7.5,0.67,5.78,100.0,313.0,0.53,0.05,7.96,0.67,5.78,0.53,8.48,8.11,14.98,53.51,-0.16,9.26,-0.21,0.46,-4.12,0.34,-0.04,29.58,3.17,14.0,8.75,11.56,11.63,2.6,hold,,7.45
PBR230915P00013000,2023-09-15,PBR,15.1,0.01,0.01,0.02,13.0,0.08,13.91,5.0,22550.0,0.52,0.01,15.1,0.08,13.91,0.52,13.96,13.06,11.94,66.94,0.26,12.2,-0.02,0.05,-1.41,0.12,-0.01,16.05,9.14,19.0,13.0,15.92,15.0,2.4,buy,,12.99
PBR230915P00013500,2023-09-15,PBR,15.1,0.03,0.02,0.03,13.5,0.15,10.6,1.0,10437.0,0.45,0.02,15.1,0.15,10.6,0.45,13.96,13.06,11.94,66.94,0.26,12.2,-0.04,0.09,-2.0,0.2,-0.01,16.05,9.14,19.0,13.0,15.92,15.0,2.4,buy,,13.48
PBR230915P00014000,2023-09-15,PBR,15.1,0.07,0.04,0.06,14.0,0.29,7.28,70.0,9204.0,0.4,0.04,15.1,0.29,7.28,0.4,13.96,13.06,11.94,66.94,0.26,12.2,-0.09,0.19,-3.4,0.38,-0.03,16.05,9.14,19.0,13.0,15.92,15.0,2.4,buy,,13.96
PBR230915P00014500,2023-09-15,PBR,15.1,0.11,0.11,0.13,14.5,0.76,3.97,14.0,1406.0,0.36,0.11,15.1,0.76,3.97,0.36,13.96,13.06,11.94,66.94,0.26,12.2,-0.21,0.36,-5.31,0.65,-0.07,16.05,9.14,19.0,13.0,15.92,15.0,2.4,buy,,14.39
PBR230915P00015000,2023-09-15,PBR,15.1,0.27,0.26,0.29,15.0,1.76,0.66,370.0,856.0,0.34,0.26,15.1,1.76,0.66,0.34,13.96,13.06,11.94,66.94,0.26,12.2,-0.44,0.52,-6.76,0.88,-0.15,16.05,9.14,19.0,13.0,15.92,15.0,2.4,buy,,14.74
PCT230915P00008000,2023-09-15,PCT,8.93,0.13,0.1,0.2,8.0,1.27,10.41,1.0,787.0,0.85,0.1,8.93,1.27,10.41,0.85,10.36,8.76,7.76,34.62,-0.4,7.84,-0.17,0.23,-6.59,0.34,-0.04,11.84,4.51,18.0,12.0,14.92,15.5,1.6,buy,,7.9
PCYG230915P00005000,2023-09-15,PCYG,8.55,0.4,0.1,1.25,5.0,2.04,41.52,10.0,20.0,4.59,0.1,8.55,2.04,41.52,4.59,9.49,8.49,7.11,25.82,-0.23,7.37,-0.13,0.04,-27.92,0.27,-0.04,10.16,4.74,10.0,10.0,10.0,10.0,2.0,buy,,4.9
PLUG230915P00006500,2023-09-15,PLUG,8.36,0.02,0.01,0.03,6.5,0.15,22.25,1.0,15166.0,0.89,0.01,8.36,0.15,22.25,0.89,10.38,9.66,11.77,45.96,-0.59,13.14,-0.02,0.05,-1.42,0.07,-0.0,30.03,7.48,78.0,7.5,17.71,14.5,2.1,buy,,6.49
PLUG230915P00007000,2023-09-15,PLUG,8.36,0.02,0.02,0.03,7.0,0.29,16.27,1.0,683.0,0.7,0.02,8.36,0.29,16.27,0.7,10.38,9.66,11.77,45.96,-0.59,13.14,-0.04,0.1,-1.68,0.1,-0.01,30.03,7.48,78.0,7.5,17.71,14.5,2.1,buy,,6.98
PLUG230915P00007500,2023-09-15,PLUG,8.36,0.05,0.04,0.05,7.5,0.54,10.29,19.0,16320.0,0.56,0.04,8.36,0.54,10.29,0.56,10.38,9.66,11.77,45.96,-0.59,13.14,-0.09,0.23,-2.55,0.2,-0.02,30.03,7.48,78.0,7.5,17.71,14.5,2.1,buy,,7.46
PLUG230915P00008000,2023-09-15,PLUG,8.36,0.15,0.14,0.15,8.0,1.78,4.31,255.0,8460.0,0.54,0.14,8.36,1.78,4.31,0.54,10.38,9.66,11.77,45.96,-0.59,13.14,-0.28,0.5,-5.07,0.41,-0.05,30.03,7.48,78.0,7.5,17.71,14.5,2.1,buy,,7.86
PSNY230915P00003000,2023-09-15,PSNY,3.2,0.04,0.04,0.07,3.0,1.35,6.25,9.0,459.0,0.64,0.04,3.2,1.35,6.25,0.64,4.08,3.82,4.52,28.36,-0.21,4.75,-0.23,1.01,-2.11,0.14,-0.02,8.0,3.2,9.0,1.6,5.37,5.0,2.6,hold,,2.96
PTON230915P00005000,2023-09-15,PTON,6.42,0.03,0.01,0.03,5.0,0.2,22.12,118.0,5328.0,0.94,0.01,6.42,0.2,22.12,0.94,7.89,8.02,9.77,38.4,-0.51,9.75,-0.03,0.08,-1.4,0.07,-0.0,16.98,5.41,20.0,4.0,8.48,7.0,2.8,hold,,4.99
PTON230915P00005500,2023-09-15,PTON,6.42,0.03,0.03,0.04,5.5,0.55,14.33,24.0,3020.0,0.73,0.03,6.42,0.55,14.33,0.73,7.89,8.02,9.77,38.4,-0.51,9.75,-0.07,0.19,-2.12,0.13,-0.01,16.98,5.41,20.0,4.0,8.48,7.0,2.8,hold,,5.47
PTON230915P00006000,2023-09-15,PTON,6.42,0.1,0.09,0.11,6.0,1.52,6.54,10.0,3083.0,0.63,0.09,6.42,1.52,6.54,0.63,7.89,8.02,9.77,38.4,-0.51,9.75,-0.22,0.49,-4.05,0.28,-0.03,16.98,5.41,20.0,4.0,8.48,7.0,2.8,hold,,5.91
QRHC230915P00007500,2023-09-15,QRHC,7.63,0.2,0.1,3.3,7.5,1.35,1.7,2.0,5.0,3.58,0.1,7.63,1.35,1.7,3.58,7.06,6.35,6.39,54.89,0.2,7.13,-0.38,0.09,-35.18,0.43,-0.1,9.4,5.3,12.0,11.0,11.67,12.0,2.0,buy,,7.4
QS230915P00006000,2023-09-15,QS,6.86,0.03,0.02,0.03,6.0,0.33,12.54,2.0,3452.0,0.59,0.02,6.86,0.33,12.54,0.59,8.56,7.68,7.65,46.65,-0.46,8.28,-0.06,0.19,-1.6,0.12,-0.01,13.31,5.18,10.0,2.0,6.5,7.0,3.5,hold,,5.98
QS230915P00006500,2023-09-15,QS,6.86,0.08,0.08,0.09,6.5,1.25,5.25,14.0,447.0,0.51,0.08,6.86,1.25,5.25,0.51,8.56,7.68,7.65,46.65,-0.46,8.28,-0.22,0.58,-3.51,0.3,-0.04,13.31,5.18,10.0,2.0,6.5,7.0,3.5,hold,,6.42
RDFN230915P00008500,2023-09-15,RDFN,9.24,0.1,0.05,0.15,8.5,0.59,8.01,8.0,183.0,0.61,0.05,9.24,0.59,8.01,0.61,12.14,10.88,8.84,49.89,-0.77,8.0,-0.16,0.3,-4.65,0.34,-0.03,17.01,3.27,11.5,4.25,8.95,10.0,3.3,hold,,8.45
RDFN230915P00009000,2023-09-15,RDFN,9.24,0.21,0.2,0.3,9.0,2.27,2.6,1.0,855.0,0.6,0.2,9.24,2.27,2.6,0.6,12.14,10.88,8.84,49.89,-0.77,8.0,-0.37,0.46,-6.98,0.51,-0.08,17.01,3.27,11.5,4.25,8.95,10.0,3.3,hold,,8.8
RES230915P00005000,2023-09-15,RES,8.28,0.2,0.05,0.2,5.0,1.01,39.61,10.0,20.0,2.41,0.05,8.28,1.01,39.61,2.41,8.11,7.68,8.23,57.43,0.01,8.26,-0.06,0.04,-7.6,0.14,-0.01,11.13,6.37,10.0,7.0,9.2,10.0,3.2,hold,,4.95
RIG230915P00007000,2023-09-15,RIG,8.28,0.02,0.01,0.02,7.0,0.14,15.46,10.0,3413.0,0.61,0.01,8.28,0.14,15.46,0.61,8.0,7.05,6.41,52.86,0.05,5.48,-0.03,0.09,-1.1,0.08,-0.01,8.8,2.36,12.0,6.0,8.69,8.0,2.6,hold,,6.99
RIG230915P00007500,2023-09-15,RIG,8.28,0.04,0.03,0.04,7.5,0.4,9.42,520.0,1153.0,0.51,0.03,8.28,0.4,9.42,0.51,8.0,7.05,6.41,52.86,0.05,5.48,-0.09,0.26,-2.25,0.19,-0.02,8.8,2.36,12.0,6.0,8.69,8.0,2.6,hold,,7.47
RIG230915P00008000,2023-09-15,RIG,8.28,0.14,0.13,0.15,8.0,1.65,3.38,61.0,10838.0,0.49,0.13,8.28,1.65,3.38,0.49,8.0,7.05,6.41,52.86,0.05,5.48,-0.3,0.58,-4.79,0.43,-0.06,8.8,2.36,12.0,6.0,8.69,8.0,2.6,hold,,7.87
RKLB230915P00006000,2023-09-15,RKLB,6.42,0.05,0.05,0.1,6.0,0.84,6.54,1.0,1013.0,0.55,0.05,6.42,0.84,6.54,0.55,6.44,5.52,4.91,62.41,-0.03,5.04,-0.19,0.52,-3.28,0.26,-0.03,7.93,3.56,14.0,6.75,9.83,10.0,2.0,buy,,5.95
RKT230915P00009500,2023-09-15,RKT,10.24,0.03,0.03,0.06,9.5,0.32,7.23,31.0,87.0,0.45,0.03,10.24,0.32,7.23,0.45,10.36,9.46,8.95,35.53,-0.03,8.4,-0.12,0.3,-3.13,0.31,-0.03,11.8,6.28,12.0,6.0,10.15,11.0,3.1,hold,,9.47
RKT230915P00010000,2023-09-15,RKT,10.24,0.12,0.13,0.18,10.0,1.32,2.34,151.0,1037.0,0.43,0.13,10.24,1.32,2.34,0.43,10.36,9.46,8.95,35.53,-0.03,8.4,-0.34,0.57,-5.36,0.56,-0.08,11.8,6.28,12.0,6.0,10.15,11.0,3.1,hold,,9.87
RLJ230915P00010000,2023-09-15,RLJ,10.01,0.55,0.45,1.0,10.0,4.71,0.1,,70.0,1.1,0.45,10.01,4.71,0.1,1.1,10.02,10.22,10.7,61.65,0.0,10.73,-0.46,0.24,-14.75,0.59,-0.12,12.79,9.52,18.0,11.0,13.88,14.0,2.5,buy,,9.55
RPT230915P00010000,2023-09-15,RPT,11.26,0.05,0.05,0.1,10.0,0.5,11.19,1.0,39.0,0.64,0.05,11.26,0.5,11.19,0.64,10.56,10.0,10.09,73.98,0.23,10.08,-0.1,0.16,-4.16,0.29,-0.02,11.36,7.46,11.5,9.5,10.6,11.0,3.0,hold,,9.95
RUM230915P00007000,2023-09-15,RUM,7.53,0.11,0.1,0.2,7.0,1.45,7.04,3.0,713.0,0.73,0.1,7.53,1.45,7.04,0.73,8.12,8.81,8.76,57.31,-0.09,10.18,-0.23,0.37,-5.7,0.34,-0.04,16.81,5.95,10.0,10.0,10.0,10.0,2.5,buy,,6.9
RUM230915P00007500,2023-09-15,RUM,7.53,0.28,0.3,0.35,7.5,4.17,0.4,40.0,163.0,0.68,0.3,7.53,4.17,0.4,0.68,8.12,8.81,8.76,57.31,-0.09,10.18,-0.46,0.52,-6.83,0.44,-0.08,16.81,5.95,10.0,10.0,10.0,10.0,2.5,buy,,7.2
RXRX230915P00007500,2023-09-15,RXRX,8.74,0.07,0.05,0.1,7.5,0.67,14.19,1.0,880.0,0.84,0.05,8.74,0.67,14.19,0.84,10.39,8.71,8.38,50.6,-0.6,10.51,-0.1,0.16,-4.22,0.22,-0.02,15.86,4.56,35.0,9.0,15.71,14.0,2.6,hold,,7.45
SABR230915P00005000,2023-09-15,SABR,5.22,0.08,0.07,0.11,5.0,1.42,4.21,2.0,512.0,0.53,0.07,5.22,1.42,4.21,0.53,4.4,3.98,4.8,48.62,0.22,4.91,-0.28,0.82,-3.13,0.26,-0.03,7.66,3.07,10.0,4.0,5.45,4.6,3.0,hold,,4.93
SFIX230915P00003500,2023-09-15,SFIX,4.17,0.05,0.01,0.03,3.5,0.29,16.07,100.0,219.0,0.78,0.01,4.17,0.29,16.07,0.78,4.17,3.92,4.13,65.08,0.01,4.17,-0.06,0.24,-1.27,0.07,-0.01,5.65,2.77,6.0,3.0,4.53,4.6,3.1,hold,,3.49
SFIX230915P00004000,2023-09-15,SFIX,4.17,0.1,0.08,0.09,4.0,2.04,4.08,1.0,576.0,0.57,0.08,4.17,2.04,4.08,0.57,4.17,3.92,4.13,65.08,0.01,4.17,-0.3,0.98,-2.76,0.21,-0.03,5.65,2.77,6.0,3.0,4.53,4.6,3.1,hold,,3.92
SHCO230915P00007500,2023-09-15,SHCO,7.55,1.15,0.1,0.3,7.5,1.35,0.66,17.0,217.0,0.65,0.1,7.55,1.35,0.66,0.65,6.12,6.26,5.79,64.35,0.29,5.09,-0.45,0.54,-6.55,0.44,-0.08,7.55,3.2,11.0,6.5,8.42,8.0,1.9,buy,,7.4
SHIP230915P00005000,2023-09-15,SHIP,5.24,0.1,0.05,0.65,5.0,1.01,4.58,1.0,30.0,1.36,0.05,5.24,1.01,4.58,1.36,5.27,4.94,5.23,41.69,0.01,5.29,-0.37,0.36,-9.05,0.29,-0.05,6.86,4.05,14.0,7.0,10.33,10.0,1.7,buy,,4.95
SIRI230915P00004000,2023-09-15,SIRI,4.3,0.03,0.02,0.03,4.0,0.5,6.98,2.0,30473.0,0.47,0.02,4.3,0.5,6.98,0.47,4.78,4.24,4.69,40.76,-0.13,5.05,-0.14,0.75,-1.51,0.14,-0.01,7.81,3.42,7.0,3.5,4.94,5.0,3.2,hold,,3.98
SKIN230915P00006000,2023-09-15,SKIN,6.14,0.21,0.15,0.25,6.0,2.56,2.28,13.0,1294.0,0.66,0.15,6.14,2.56,2.28,0.66,7.45,8.81,10.0,52.71,-0.4,10.32,-0.39,0.63,-5.25,0.35,-0.06,13.7,5.78,23.0,8.0,12.19,10.5,2.1,buy,,5.85
SKLZ230915P00006000,2023-09-15,SKLZ,7.6,0.07,0.01,0.09,6.0,0.17,21.05,2.0,2.0,1.06,0.01,7.6,0.17,21.05,1.06,9.92,10.73,12.39,45.21,-0.63,14.03,-0.06,0.1,-3.1,0.13,-0.01,27.8,7.32,20.0,8.0,11.83,10.5,2.7,hold,,5.99
SKLZ230915P00007000,2023-09-15,SKLZ,7.6,0.09,0.11,0.19,7.0,1.6,7.89,3.0,93.0,0.78,0.11,7.6,1.6,7.89,0.78,9.92,10.73,12.39,45.21,-0.63,14.03,-0.22,0.34,-5.93,0.33,-0.04,27.8,7.32,20.0,8.0,11.83,10.5,2.7,hold,,6.89
SKLZ230915P00007500,2023-09-15,SKLZ,7.6,0.21,0.28,0.36,7.5,3.88,1.32,11.0,85.0,0.74,0.28,7.6,3.88,1.32,0.74,9.92,10.73,12.39,45.21,-0.63,14.03,-0.43,0.47,-7.41,0.44,-0.08,27.8,7.32,20.0,8.0,11.83,10.5,2.7,hold,,7.22
SMR230915P00006000,2023-09-15,SMR,6.09,0.15,0.15,0.25,6.0,2.56,1.48,10.0,152.0,0.61,0.15,6.09,2.56,1.48,0.61,6.95,7.54,8.82,26.46,-0.3,9.19,-0.42,0.71,-4.86,0.35,-0.06,14.5,5.82,18.0,8.0,12.38,11.75,2.2,buy,,5.85
SNAP230915P00008500,2023-09-15,SNAP,9.8,0.02,0.01,0.02,8.5,0.12,13.27,562.0,485.0,0.52,0.01,9.8,0.12,13.27,0.52,11.05,10.43,10.32,61.94,-0.19,10.35,-0.03,0.09,-1.11,0.09,-0.01,13.51,7.76,15.0,6.0,9.96,9.9,3.0,hold,,8.49
SNAP230915P00009000,2023-09-15,SNAP,9.8,0.04,0.04,0.05,9.0,0.45,8.16,70.0,22205.0,0.47,0.04,9.8,0.45,8.16,0.47,11.05,10.43,10.32,61.94,-0.19,10.35,-0.1,0.26,-2.77,0.26,-0.02,13.51,7.76,15.0,6.0,9.96,9.9,3.0,hold,,8.96
SNAP230915P00009500,2023-09-15,SNAP,9.8,0.13,0.14,0.15,9.5,1.5,3.06,734.0,2549.0,0.43,0.14,9.8,1.5,3.06,0.43,11.05,10.43,10.32,61.94,-0.19,10.35,-0.3,0.56,-4.92,0.5,-0.07,13.51,7.76,15.0,6.0,9.96,9.9,3.0,hold,,9.36
SNDL230915P00001500,2023-09-15,SNDL,1.85,0.02,0.01,0.02,1.5,0.67,18.92,76.0,913.0,1.03,0.01,1.85,0.67,18.92,1.03,1.54,1.54,1.81,54.86,0.07,1.99,-0.07,0.49,-0.9,0.04,-0.0,3.13,1.25,3.24,3.24,3.24,3.24,1.0,strong_buy,,1.49
SOFI230915P00007000,2023-09-15,SOFI,8.61,0.01,0.01,0.02,7.0,0.14,18.7,1.0,3916.0,0.72,0.01,8.61,0.14,18.7,0.72,8.95,7.7,6.66,57.86,-0.09,6.6,-0.02,0.06,-1.12,0.07,-0.0,11.45,4.3,16.0,3.0,10.26,10.0,2.7,hold,,6.99
SOFI230915P00007500,2023-09-15,SOFI,8.61,0.02,0.02,0.03,7.5,0.27,12.89,11.0,1717.0,0.58,0.02,8.61,0.27,12.89,0.58,8.95,7.7,6.66,57.86,-0.09,6.6,-0.05,0.14,-1.69,0.13,-0.01,11.45,4.3,16.0,3.0,10.26,10.0,2.7,hold,,7.48
SOFI230915P00008000,2023-09-15,SOFI,8.61,0.06,0.05,0.07,8.0,0.63,7.08,3650.0,24703.0,0.5,0.05,8.61,0.63,7.08,0.5,8.95,7.7,6.66,57.86,-0.09,6.6,-0.15,0.37,-3.34,0.3,-0.03,11.45,4.3,16.0,3.0,10.26,10.0,2.7,hold,,7.95
SOFI230915P00008500,2023-09-15,SOFI,8.61,0.21,0.2,0.21,8.5,2.41,1.28,255.0,5007.0,0.46,0.2,8.61,2.41,1.28,0.46,8.95,7.7,6.66,57.86,-0.09,6.6,-0.41,0.66,-5.15,0.5,-0.08,11.45,4.3,16.0,3.0,10.26,10.0,2.7,hold,,8.3
SPWR230915P00006000,2023-09-15,SPWR,6.74,0.04,0.03,0.05,6.0,0.5,10.98,71.0,229.0,0.61,0.03,6.74,0.5,10.98,0.61,8.92,10.23,13.79,36.05,-0.59,14.55,-0.09,0.27,-2.26,0.16,-0.01,28.13,6.74,17.0,7.0,11.03,10.0,2.9,hold,,5.97
SPWR230915P00006500,2023-09-15,SPWR,6.74,0.1,0.12,0.14,6.5,1.88,3.56,10.0,118.0,0.53,0.12,6.74,1.88,3.56,0.53,8.92,10.23,13.79,36.05,-0.59,14.55,-0.31,0.67,-4.19,0.35,-0.05,28.13,6.74,17.0,7.0,11.03,10.0,2.9,hold,,6.38
STEM230915P00004500,2023-09-15,STEM,4.69,0.15,0.15,0.2,4.5,3.45,4.05,3.0,145.0,0.85,0.15,4.69,3.45,4.05,0.85,6.08,5.48,7.24,31.72,-0.36,7.95,-0.35,0.62,-4.96,0.26,-0.04,17.42,3.8,15.0,5.0,9.43,10.0,2.3,buy,,4.35
SURG230915P00005000,2023-09-15,SURG,5.07,0.31,0.1,0.25,5.0,2.04,1.38,11.0,692.0,0.63,0.1,5.07,2.04,1.38,0.63,5.52,5.78,5.76,54.04,-0.13,5.78,-0.42,0.83,-4.16,0.29,-0.05,8.2,3.9,15.0,11.0,13.0,13.0,2.0,buy,,4.9
SWN230915P00006500,2023-09-15,SWN,6.61,0.08,0.05,0.08,6.5,0.78,1.66,66.0,1942.0,0.29,0.05,6.61,0.78,1.66,0.29,6.32,5.71,5.66,57.37,0.1,5.94,-0.34,1.29,-2.34,0.36,-0.05,8.06,4.61,14.0,5.0,8.09,8.0,2.7,hold,,6.45
TAL230915P00006500,2023-09-15,TAL,7.42,0.12,0.01,0.03,6.5,0.15,12.4,,8.0,0.55,0.01,7.42,0.15,12.4,0.55,6.72,6.33,6.64,69.7,0.14,6.49,-0.05,0.16,-1.33,0.11,-0.01,10.08,3.26,10.0,2.9,7.13,7.5,2.3,buy,,6.49
TAL230915P00007000,2023-09-15,TAL,7.42,0.13,0.08,0.1,7.0,1.16,5.66,93.0,508.0,0.52,0.08,7.42,1.16,5.66,0.52,6.72,6.33,6.64,69.7,0.14,6.49,-0.21,0.51,-3.71,0.32,-0.04,10.08,3.26,10.0,2.9,7.13,7.5,2.3,buy,,6.92
TERN230915P00005000,2023-09-15,TERN,5.21,0.25,0.05,1.0,5.0,1.01,4.03,5.0,22.0,1.86,0.05,5.21,1.01,4.03,1.86,6.91,9.41,9.18,30.0,-0.53,8.98,-0.39,0.27,-12.5,0.3,-0.05,13.29,3.8,25.0,8.0,16.44,17.0,2.1,buy,,4.95
TEVA230915P00009000,2023-09-15,TEVA,9.5,0.06,0.02,0.06,9.0,0.22,5.26,120.0,13531.0,0.38,0.02,9.5,0.22,5.26,0.38,8.86,8.42,8.97,53.8,0.2,8.75,-0.16,0.46,-2.88,0.34,-0.03,11.37,7.2,14.0,8.0,10.11,10.0,2.8,hold,,8.98
TIGR230915P00004500,2023-09-15,TIGR,5.58,0.02,0.02,0.04,4.5,0.45,19.35,16.0,6855.0,0.94,0.02,5.58,0.45,19.35,0.94,3.59,3.25,3.65,93.33,0.46,3.82,-0.05,0.14,-1.89,0.09,-0.01,5.61,2.33,8.0,2.84,5.9,5.92,2.2,buy,,4.48
TIGR230915P00005000,2023-09-15,TIGR,5.58,0.05,0.05,0.08,5.0,1.01,10.39,73.0,424.0,0.73,0.05,5.58,1.01,10.39,0.73,3.59,3.25,3.65,93.33,0.46,3.82,-0.14,0.37,-3.12,0.19,-0.02,5.61,2.33,8.0,2.84,5.9,5.92,2.2,buy,,4.95
TIGR230915P00005500,2023-09-15,TIGR,5.58,0.18,0.2,0.26,5.5,3.77,1.43,50.0,108.0,0.73,0.2,5.58,3.77,1.43,0.73,3.59,3.25,3.65,93.33,0.46,3.82,-0.42,0.65,-5.4,0.32,-0.06,5.61,2.33,8.0,2.84,5.9,5.92,2.2,buy,,5.3
TIO230915P00001000,2023-09-15,TIO,1.11,0.06,0.05,0.1,1.0,5.26,9.91,21.0,5797.0,1.75,0.05,1.11,5.26,9.91,1.75,1.27,1.89,1.44,48.39,-0.06,1.92,-0.3,1.2,-2.27,0.06,-0.01,5.32,0.6,11.75,11.75,11.75,11.75,2.0,buy,,0.95
TLRY230915P00002500,2023-09-15,TLRY,2.92,0.04,0.03,0.04,2.5,1.21,14.38,2506.0,6287.0,0.94,0.03,2.92,1.21,14.38,0.94,2.19,2.16,2.59,60.31,0.18,2.85,-0.12,0.48,-1.81,0.08,-0.01,4.68,1.52,4.25,1.9,2.69,2.38,2.6,hold,,2.47
TUP230915P00002000,2023-09-15,TUP,2.28,0.08,0.05,0.1,2.0,2.56,12.28,60.0,4022.0,1.3,0.05,2.28,2.56,12.28,1.3,2.24,1.61,2.67,36.19,-0.09,3.35,-0.22,0.67,-2.93,0.1,-0.01,10.33,0.62,4.0,4.0,4.0,4.0,3.0,hold,,1.95
TXMD230915P00002000,2023-09-15,TXMD,3.69,0.28,0.1,0.5,2.0,5.26,45.8,,1.0,5.11,0.1,3.69,5.26,45.8,5.11,3.98,3.97,4.45,51.45,-0.06,5.44,-0.12,0.07,-12.53,0.11,-0.01,8.94,3.4,5.0,5.0,5.0,5.0,3.0,hold,,1.9
UAA230915P00007000,2023-09-15,UAA,7.55,0.02,0.01,0.03,7.0,0.14,7.28,2.0,285.0,0.4,0.01,7.55,0.14,7.28,0.4,7.69,7.81,8.96,43.31,-0.04,8.72,-0.09,0.38,-1.7,0.19,-0.02,12.78,6.62,15.0,7.0,10.15,10.0,2.4,buy,,6.99
UAA230915P00007500,2023-09-15,UAA,7.55,0.12,0.12,0.15,7.5,1.63,0.66,42.0,2298.0,0.36,0.12,7.55,1.63,0.66,0.36,7.69,7.81,8.96,43.31,-0.04,8.72,-0.44,0.99,-3.54,0.44,-0.08,12.78,6.62,15.0,7.0,10.15,10.0,2.4,buy,,7.38
UEC230915P00004500,2023-09-15,UEC,4.69,0.05,0.05,0.1,4.5,1.12,4.05,1.0,155.0,0.5,0.05,4.69,1.12,4.05,0.5,3.66,3.24,3.39,89.15,0.28,3.56,-0.27,0.96,-2.63,0.23,-0.03,4.72,2.37,8.0,6.0,6.82,6.7,1.7,buy,,4.45
UUUU230915P00007000,2023-09-15,UUUU,7.51,0.1,0.05,0.1,7.0,0.72,6.79,21.0,1384.0,0.53,0.05,7.51,0.72,6.79,0.53,6.39,6.17,6.25,81.64,0.3,6.4,-0.17,0.44,-3.41,0.28,-0.03,7.7,4.96,10.0,8.5,9.5,10.0,2.0,buy,,6.95
VIAV230915P00008000,2023-09-15,VIAV,10.15,0.4,0.05,0.6,8.0,0.63,21.18,,2.0,1.81,0.05,10.15,0.63,21.18,1.81,10.78,10.18,10.49,57.71,-0.11,11.0,-0.15,0.09,-14.63,0.35,-0.04,15.25,8.67,14.0,10.0,12.1,12.0,2.4,buy,,7.95
VIAV230915P00010000,2023-09-15,VIAV,10.15,0.05,0.05,0.15,10.0,0.5,1.48,1.0,70.0,0.33,0.05,10.15,0.5,1.48,0.33,10.78,10.18,10.49,57.71,-0.11,11.0,-0.37,0.77,-4.18,0.57,-0.08,15.25,8.67,14.0,10.0,12.1,12.0,2.4,buy,,9.95
VLY230915P00009000,2023-09-15,VLY,9.07,0.13,0.15,0.3,9.0,1.69,0.77,40.0,6249.0,0.56,0.15,9.07,1.69,0.77,0.56,9.07,8.47,9.78,48.18,-0.03,9.55,-0.45,0.53,-6.72,0.53,-0.09,12.92,6.59,12.0,8.0,11.05,11.5,2.2,buy,,8.85
VOD230915P00009000,2023-09-15,VOD,9.19,0.05,0.05,0.08,9.0,0.56,2.07,2.0,812.0,0.26,0.05,9.19,0.56,2.07,0.26,9.36,9.92,10.55,55.45,-0.03,10.94,-0.29,0.96,-2.74,0.46,-0.06,13.04,9.0,14.16,13.3,13.72,13.7,1.7,buy,,8.95
VRAR230915P00002500,2023-09-15,VRAR,3.2,0.05,0.1,0.4,2.5,4.17,21.88,12.0,24.0,2.84,0.1,3.2,4.17,21.88,2.84,3.44,3.78,3.91,57.69,-0.05,4.62,-0.21,0.22,-8.91,0.14,-0.02,6.38,2.65,8.87,8.87,8.87,8.87,2.0,buy,,2.4
VTGN230915P00005000,2023-09-15,VTGN,7.07,0.07,0.05,0.1,5.0,1.01,29.28,13.0,2032.0,1.63,0.05,7.07,1.01,29.28,1.63,3.79,3.68,4.17,70.12,0.57,9.38,-0.06,0.07,-4.64,0.12,-0.01,13.05,1.68,30.0,30.0,30.0,30.0,2.0,buy,,4.95
VTGN230915P00006000,2023-09-15,VTGN,7.07,0.25,0.1,0.4,6.0,1.69,15.13,2.0,1364.0,1.52,0.1,7.07,1.69,15.13,1.52,3.79,3.68,4.17,70.12,0.57,9.38,-0.2,0.18,-10.09,0.29,-0.04,13.05,1.68,30.0,30.0,30.0,30.0,2.0,buy,,5.9
VTGN230915P00007000,2023-09-15,VTGN,7.07,1.71,0.5,0.8,7.0,7.69,0.99,10.0,654.0,1.48,0.5,7.07,7.69,0.99,1.48,3.79,3.68,4.17,70.12,0.57,9.38,-0.44,0.25,-13.9,0.41,-0.08,13.05,1.68,30.0,30.0,30.0,30.0,2.0,buy,,6.5
VTNR230915P00004500,2023-09-15,VTNR,4.62,0.09,0.13,0.19,4.5,2.97,2.6,52.0,63.0,0.72,0.13,4.62,2.97,2.6,0.72,5.28,6.05,6.88,55.68,-0.21,7.11,-0.38,0.78,-4.25,0.26,-0.04,11.08,3.95,10.0,6.0,7.92,8.0,2.3,buy,,4.37
VZIO230915P00006000,2023-09-15,VZIO,6.25,0.25,0.05,0.2,6.0,0.84,4.0,1.0,109.0,0.57,0.05,6.25,0.84,4.0,0.57,6.7,7.15,8.1,49.15,-0.27,8.22,-0.3,0.66,-4.12,0.32,-0.04,12.13,5.45,16.0,6.0,11.5,12.0,2.1,buy,,5.95
WE230915P00000500,2023-09-15,WE,3.5,0.4,0.35,0.45,0.5,233.33,85.71,3.0,226.0,20.88,0.35,3.5,233.33,85.71,20.88,8.24,10.31,35.52,23.63,-1.27,23.8,-0.01,0.0,-9.24,0.02,-0.01,173.2,3.5,12.0,8.0,10.0,10.0,3.0,hold,,0.15
WE230915P00001000,2023-09-15,WE,3.5,0.75,0.85,0.95,1.0,566.67,71.43,1.0,277.0,23.13,0.85,3.5,566.67,71.43,23.13,8.24,10.31,35.52,23.63,-1.27,23.8,-0.02,0.0,-12.59,0.02,-0.02,173.2,3.5,12.0,8.0,10.0,10.0,3.0,hold,,0.15
WE230915P00001500,2023-09-15,WE,3.5,1.35,1.35,1.45,1.5,900.0,57.14,1.0,22.0,24.25,1.35,3.5,900.0,57.14,24.25,8.24,10.31,35.52,23.63,-1.27,23.8,-0.02,0.0,-14.52,0.03,-0.03,173.2,3.5,12.0,8.0,10.0,10.0,3.0,hold,,0.15
WE230915P00002000,2023-09-15,WE,3.5,1.25,1.5,1.6,2.0,300.0,42.86,1.0,15.0,16.5,1.5,3.5,300.0,42.86,16.5,8.24,10.31,35.52,23.63,-1.27,23.8,-0.07,0.02,-27.16,0.07,-0.04,173.2,3.5,12.0,8.0,10.0,10.0,3.0,hold,,0.5
WE230915P00003000,2023-09-15,WE,3.5,2.85,2.75,3.1,3.0,1100.0,14.29,15.0,0.0,27.5,2.75,3.5,1100.0,14.29,27.5,8.24,10.31,35.52,23.63,-1.27,23.8,-0.02,0.0,-15.08,0.02,-0.06,173.2,3.5,12.0,8.0,10.0,10.0,3.0,hold,,0.25
WISH230915P00004500,2023-09-15,WISH,5.28,0.05,0.02,0.05,4.5,0.45,14.77,1.0,154.0,0.8,0.02,5.28,0.45,14.77,0.8,6.86,7.19,12.04,47.01,-0.49,13.99,-0.08,0.24,-2.08,0.11,-0.01,38.7,4.86,8.0,5.0,6.5,6.5,3.6,underperform,,4.48
WISH230915P00005000,2023-09-15,WISH,5.28,0.13,0.12,0.16,5.0,2.46,5.3,2.0,461.0,0.76,0.12,5.28,2.46,5.3,0.76,6.86,7.19,12.04,47.01,-0.49,13.99,-0.29,0.58,-4.63,0.27,-0.04,38.7,4.86,8.0,5.0,6.5,6.5,3.6,underperform,,4.88
WOOF230915P00005000,2023-09-15,WOOF,5.14,0.1,0.05,0.15,5.0,1.01,2.72,30.0,998.0,0.63,0.05,5.14,1.01,2.72,0.63,7.54,8.41,9.26,17.27,-0.73,9.14,-0.37,0.78,-4.11,0.29,-0.04,15.78,5.09,10.0,4.0,6.62,7.0,2.4,buy,,4.95
WPRT230915P00007000,2023-09-15,WPRT,7.07,0.35,0.1,0.4,7.0,1.45,0.99,10.0,10.0,0.61,0.1,7.07,1.45,0.99,0.61,8.63,8.09,8.85,28.28,-0.54,9.08,-0.44,0.62,-5.7,0.41,-0.07,12.8,6.6,23.0,10.0,15.76,14.78,2.5,buy,,6.9
WW230915P00009000,2023-09-15,WW,10.27,0.2,0.1,0.2,9.0,1.12,12.37,26.0,55.0,0.91,0.1,10.27,1.12,12.37,0.91,9.18,8.31,6.3,60.26,0.17,6.75,-0.15,0.17,-7.19,0.35,-0.04,11.65,3.38,17.0,4.0,11.4,12.5,2.7,hold,,8.9
WW230915P00009500,2023-09-15,WW,10.27,0.41,0.2,0.3,9.5,2.15,7.5,2.0,60.0,0.85,0.2,10.27,2.15,7.5,0.85,9.18,8.31,6.3,60.26,0.17,6.75,-0.25,0.24,-9.25,0.48,-0.06,11.65,3.38,17.0,4.0,11.4,12.5,2.7,hold,,9.3
WW230915P00010000,2023-09-15,WW,10.27,0.62,0.35,0.5,10.0,3.63,2.63,6.0,5574.0,0.82,0.35,10.27,3.63,2.63,0.82,9.18,8.31,6.3,60.26,0.17,6.75,-0.39,0.31,-10.87,0.58,-0.1,11.65,3.38,17.0,4.0,11.4,12.5,2.7,hold,,9.65
XELA230915P00002500,2023-09-15,XELA,4.22,0.03,0.02,0.06,2.5,0.81,40.76,9.0,320.0,2.22,0.02,4.22,0.81,40.76,2.22,4.9,5.42,11.0,41.81,-0.24,8.96,-0.04,0.06,-2.68,0.05,-0.0,180.6,3.08,2.0,2.0,2.0,2.0,3.0,hold,,2.48
XELA230915P00004000,2023-09-15,XELA,4.22,0.21,0.18,0.36,4.0,4.71,5.21,34.0,32.0,1.37,0.18,4.22,4.71,5.21,1.37,4.9,5.42,11.0,41.81,-0.24,8.96,-0.36,0.44,-7.25,0.23,-0.04,180.6,3.08,2.0,2.0,2.0,2.0,3.0,hold,,3.82
YALA230915P00005000,2023-09-15,YALA,5.03,0.4,0.05,0.3,5.0,1.01,0.6,20.0,34.0,0.57,0.05,5.03,1.01,0.6,0.57,5.02,4.5,4.31,44.9,0.0,4.28,-0.45,0.93,-3.82,0.3,-0.05,5.71,3.08,7.0,5.5,6.25,6.25,2.5,buy,,4.95
YEXT230915P00007500,2023-09-15,YEXT,9.18,0.15,0.1,0.2,7.5,1.35,18.3,14.0,118.0,1.25,0.1,9.18,1.35,18.3,1.25,9.49,9.52,8.39,68.09,-0.14,8.53,-0.12,0.12,-7.69,0.27,-0.03,13.65,4.16,12.5,11.0,11.67,11.5,2.8,hold,,7.4
ZUO230915P00009000,2023-09-15,ZUO,9.2,0.1,0.1,0.25,9.0,1.12,2.17,2.0,506.0,0.57,0.1,9.2,1.12,2.17,0.57,10.34,9.88,8.91,30.48,-0.41,8.59,-0.38,0.49,-6.66,0.52,-0.08,11.81,5.6,18.0,10.0,13.0,12.0,2.2,buy,,8.9
